geometry,cell_id,num_species,num_points,bio1_mean,bio3_mean,bio4_mean,bio7_mean,bio12_mean,bio15_mean,elevation_mean,index_right,Id,AH,NOMAH,ZH,NOMZH,SZH,NOMSZH,Area_Ha,sp_density,num_species_std,w_num_species_std,num_points_std,w_num_points_std,sp_density_std,w_sp_density_std
"POLYGON ((4903514.705510766 2766315.0546476496, 4903512.0127679305 2765393.90478621, 4904422.343242081 2765391.2572229546, 4904425.010572076 2766312.405163423, 4903514.705510766 2766315.0546476496))",22680,1,1,0.8695833206176757,75.69444274902344,6.517313385009766,1.079999923706055,1554.0,72.08806610107422,3247.0,306,POMCA_206,2,Magdalena Cauca,29,Bajo Magdalena,2906,Cga Grande de Santa Marta,143250.0,1.1925414032920408e-06,-0.4834711282198113,0.3442210356348023,-0.14960513730649305,-0.09587995276971341,-0.454750160919067,0.38138284758563495
"POLYGON ((4903512.0127679305 2765393.90478621, 4903509.322054766 2764472.7554136617, 4904419.677922603 2764470.1097716005, 4904422.343242081 2765391.2572229546, 4903512.0127679305 2765393.90478621))",22938,2,5,0.7629166603088379,75.93457794189453,6.541678619384766,1.0699999809265135,1564.0,72.35238647460938,3723.6,306,POMCA_206,2,Magdalena Cauca,29,Bajo Magdalena,2906,Cga Grande de Santa Marta,143250.0,2.3850175470052697e-06,0.8499115468308588,-0.4834711282198112,-0.07753126472837145,-0.1407989519327063,0.892335618841776,-0.4548366353734542
"POLYGON ((4900772.71540231 2762638.5338343345, 4900769.954768161 2761717.3800514024, 4901680.392482031 2761714.6650769035, 4901683.127779127 2762635.8168833037, 4900772.71540231 2762638.5338343345))",23694,1,5,0.6712500095367432,76.37614440917969,6.245452880859375,1.0899999618530274,1535.0,68.91786193847656,3674.8,306,POMCA_206,2,Magdalena Cauca,29,Bajo Magdalena,2906,Cga Grande de Santa Marta,143250.0,1.1923953248814627e-06,-0.4834711282198113,-0.3834617443848995,-0.07753126472837145,-0.14419928966649728,-0.4549151790208188,-0.35387177601696784
"POLYGON ((4901683.127779127 2762635.8168833037, 4901680.392482031 2761714.6650769035, 4902590.828251252 2761711.9751351313, 4902593.538211575 2762633.124983223, 4901683.127779127 2762635.8168833037))",23695,1,1,0.5808333396911621,77.1028060913086,6.097068023681641,1.0699999809265135,1522.0,68.94124603271484,3885.0,306,POMCA_206,2,Magdalena Cauca,29,Bajo Magdalena,2906,Cga Grande de Santa Marta,143250.0,1.1924006131278628e-06,-0.4834711282198113,-0.3684052886757482,-0.14960513730649305,-0.12077706914254938,-0.45490920513063826,-0.3386587472110899
"POLYGON ((4900769.954768161 2761717.3800514024, 4900767.196221369 2760796.2267552605, 4901677.659253135 2760793.513757522, 4901680.392482031 2761714.6650769035, 4900769.954768161 2761717.3800514024))",23954,1,1,0.7770833492279052,76.8348617553711,6.136545944213867,1.0899999618530274,1550.0,67.98538208007812,3454.0,306,POMCA_206,2,Magdalena Cauca,29,Bajo Magdalena,2906,Cga Grande de Santa Marta,143250.0,1.1923628003776496e-06,-0.4834711282198113,-0.3918794459571876,-0.14960513730649305,-0.12000378905197684,-0.4549519204657621,-0.362380071999027
"POLYGON ((4901680.392482031 2761714.6650769035, 4901677.659253135 2760793.513757522, 4902588.120339972 2760790.8257742855, 4902590.828251252 2761711.9751351313, 4901680.392482031 2761714.6650769035))",23955,1,1,0.6862500190734864,76.92901611328125,6.216272735595704,1.0800000190734864,1544.0,69.23741149902344,3853.0,306,POMCA_206,2,Magdalena Cauca,29,Bajo Magdalena,2906,Cga Grande de Santa Marta,143250.0,1.1923680887777258e-06,-0.4834711282198113,-0.3880870786567079,-0.14960513730649305,-0.12808818228086938,-0.45494594640198066,-0.35853922971960683
"POLYGON ((4929893.358646264 2757037.425354502, 4929891.417518773 2756116.328735603, 4930801.953511274 2756114.4230485503, 4930803.86942431 2757035.518273019, 4929893.358646264 2757037.425354502))",25297,1,1,0.4158333301544189,75.13661193847656,7.962506103515625,1.2199999809265136,1778.0,69.0569839477539,4212.0,304,POMCA_033,1,Caribe,15,Caribe - Guajira,1503,Río Ancho y Otros Directos al caribe,78064.0,1.1923455423314002e-06,-0.4834711282198113,0.0,-0.14960513730649305,0.0,-0.4549714160915753,0.0
"POLYGON ((4946280.870554951 2756085.838340357, 4946279.384389594 2755164.764525411, 4947189.923680479 2755163.308362206, 4947191.3846536735 2756084.381110741, 4946280.870554951 2756085.838340357))",25571,1,1,0.8995833396911621,77.16802215576172,6.972212219238282,1.2300000190734863,1605.0,68.17340087890625,3173.0,309,POMCA_186,2,Magdalena Cauca,28,Cesar,2801,Alto Cesar,86959.0,1.1923726912683779e-06,-0.4834711282198113,0.0,-0.14960513730649305,0.0,-0.4549407471787161,0.0
"POLYGON ((4938075.935785985 2750573.576479079, 4938074.23069829 2749652.4951920966, 4938984.93096714 2749650.822357182, 4938986.610976139 2750571.9024128206, 4938075.935785985 2750573.576479079))",27180,1,1,0.6849999904632569,77.77777862548828,6.911782836914062,1.170000076293945,2069.0,71.78107452392578,3599.0,309,POMCA_186,2,Magdalena Cauca,28,Cesar,2801,Alto Cesar,86959.0,1.1921513083362805e-06,-0.4834711282198113,-0.4834711282198113,-0.14960513730649305,-0.14960513730649305,-0.45519083335551913,-0.45521622358727637
"POLYGON ((4940806.327897329 2749647.551046724, 4940804.6992902355 2748726.473889205, 4941715.421046683 2748724.8765900703, 4941717.024594747 2749645.9525708444, 4940806.327897329 2749647.551046724))",27461,1,1,0.8037500381469727,77.10084533691406,6.99065933227539,1.1899999618530273,1778.0,67.55384063720703,3328.0,309,POMCA_186,2,Magdalena Cauca,28,Cesar,2801,Alto Cesar,86959.0,1.192128832228145e-06,-0.4834711282198113,-0.4834711282198113,-0.14960513730649305,-0.14960513730649305,-0.45521622358727637,-0.45519083335551913
"POLYGON ((4926222.8548385035 2744149.9142013164, 4926220.8345726775 2743228.818653102, 4927131.727225637 2743226.833861427, 4927133.722544419 2744147.927939932, 4926222.8548385035 2744149.9142013164))",29086,2,4,0.7166666507720947,78.26667022705078,6.439696502685547,1.25,1818.0,75.8270034790039,3760.0,307,POMCA_207,2,Magdalena Cauca,29,Bajo Magdalena,2906,Cga Grande de Santa Marta,155413.0,2.383758986441235e-06,0.8499115468308588,-0.4834711282198113,-0.09554973287290185,-0.14960513730649305,0.890913880513746,-0.45549346247657035
"POLYGON ((4927133.722544419 2744147.927939932, 4927131.727225637 2743226.833861427, 4928042.6184341125 2743224.8737309105, 4928044.588806053 2744145.966357968, 4927133.722544419 2744147.927939932))",29087,1,1,0.7674999713897706,78.30687713623047,6.5,1.259999942779541,1742.0,75.60733032226562,3732.0,307,POMCA_207,2,Magdalena Cauca,29,Bajo Magdalena,2906,Cga Grande de Santa Marta,155413.0,1.191883412993112e-06,-0.4834711282198113,0.8499115468308588,-0.14960513730649305,-0.09554973287290185,-0.45549346247657035,0.890913880513746
"POLYGON ((4928028.868211131 2736777.238916599, 4928026.909948403 2735856.150163818, 4928937.998613688 2735854.2261656187, 4928939.932083087 2736775.313483911, 4928028.868211131 2736777.238916599))",31404,1,1,0.8225000381469727,76.05819702148438,7.356197357177734,1.2600000381469727,1972.0,64.95668029785156,3715.0,307,POMCA_207,2,Magdalena Cauca,29,Bajo Magdalena,2906,Cga Grande de Santa Marta,155413.0,1.1916320796558989e-06,-0.4834711282198113,0.0,-0.14960513730649305,0.0,-0.45577738225670567,0.0
"POLYGON ((5009115.980507922 2714597.2808697787, 5009116.223763361 2713676.2598591335, 5010027.8468379 2713676.5125715598, 5010027.579256821 2714597.5337745766, 5009115.980507922 2714597.2808697787))",38527,1,1,1.2675000190734864,75.07508087158203,7.334536743164063,1.109999942779541,1203.0,60.92841720581055,2801.0,95,POMCA_188,2,Magdalena Cauca,28,Cesar,2801,Alto Cesar,155574.0,1.1910249758177635e-06,-0.4834711282198113,-0.4834711282198113,-0.14960513730649305,-0.11356820101743226,-0.4564631997059703,-0.4564644740162841
"POLYGON ((5010939.178205182 2714597.81076565, 5010939.470111927 2713676.78935194, 5011851.093603576 2713677.090200304, 5011850.777371133 2714598.1118430276, 5010939.178205182 2714597.81076565))",38529,1,3,1.1350000381469727,74.8484878540039,7.403929138183595,1.1,1342.0,67.38866424560547,3225.0,95,POMCA_188,2,Magdalena Cauca,28,Cesar,2801,Alto Cesar,155574.0,1.191023847764397e-06,-0.4834711282198113,-0.4834711282198113,-0.11356820101743226,-0.14960513730649305,-0.4564644740162841,-0.4564631997059703
"POLYGON ((5008206.780677403 2704465.8492021086, 5008206.997708932 2703544.8336281423, 5009118.886918407 2703545.0603568153, 5009118.645772186 2704466.0761050433, 5008206.780677403 2704465.8492021086))",41648,1,11,1.2295833587646483,75.0730972290039,7.126961517333984,1.140000057220459,1286.0,62.73954772949219,2817.818181818182,314,POMCA_191,2,Magdalena Cauca,28,Cesar,2802,Medio Cesar,51968.0,1.190684290808526e-06,-0.4834711282198113,-0.4834711282198113,0.030579544138810952,-0.13024699906647205,-0.45684805598484934,-0.45694301607218524
"POLYGON ((5009119.127872852 2702624.0450847917, 5009119.368635517 2701703.030288606, 5010031.306198516 2701703.280498268, 5010031.04135949 2702624.2954871007, 5009119.127872852 2702624.0450847917))",42216,1,1,1.0204166412353517,74.33036041259766,7.426788330078125,1.1199999809265138,1240.0,63.47800064086914,3139.0,314,POMCA_191,2,Magdalena Cauca,28,Cesar,2802,Medio Cesar,51968.0,1.190622109018659e-06,-0.4834711282198113,-0.4834711282198113,-0.14960513730649305,-0.03248479277967204,-0.45691829990992205,-0.45691768615366607
"POLYGON ((5008207.647767909 2700781.789762118, 5008207.864109018 2699860.7760908473, 5009119.849585484 2699861.002122283, 5009119.609206395 2700782.0159678916, 5008207.647767909 2700781.789762118))",42790,1,4,1.1158333778381349,74.48377990722656,7.467607116699218,1.1299999237060547,1263.0,66.0143814086914,3070.0,314,POMCA_191,2,Magdalena Cauca,28,Cesar,2802,Medio Cesar,51968.0,1.190561013265963e-06,-0.4834711282198113,-0.4834711282198113,-0.09554973287290185,-0.08507761369282298,-0.45698731698845596,-0.4568931442390987
"POLYGON ((5005472.484346634 2696176.1924644285, 5005472.627998515 2695255.1815764103, 5006384.732940736 2695255.3356327564, 5006384.565346837 2696176.3466401235, 5005472.484346634 2696176.1924644285))",44188,1,2,1.191249942779541,74.42029571533203,7.492798614501953,1.1499999046325684,1088.0,64.17987823486328,3016.0,314,POMCA_191,2,Magdalena Cauca,28,Cesar,2802,Medio Cesar,51968.0,1.1904086832727517e-06,-0.4834711282198113,-0.05710702240944582,-0.13158666916196265,-0.11742226663185712,-0.45715939721728727,-0.027246465488427712
"POLYGON ((5006384.732940736 2695255.3356327564, 5006384.900400362 2694334.325098346, 5007297.02939273 2694334.5027179862, 5007296.838010252 2695255.513390122, 5006384.732940736 2695255.3356327564))",44467,1,2,1.0783333778381348,73.70689392089844,7.670288848876953,1.1600000381469726,1128.0,68.87519836425781,3119.0,314,POMCA_191,2,Magdalena Cauca,28,Cesar,2802,Medio Cesar,51968.0,1.1903777167560564e-06,-0.4834711282198113,0.18700706161183944,-0.13158666916196265,-0.10692578688849338,-0.45719437867541446,0.21894564749739964
"POLYGON ((5006384.900400362 2694334.325098346, 5006385.0677257115 2693413.315036525, 5007297.220621751 2693413.492518425, 5007297.02939273 2694334.5027179862, 5006384.900400362 2694334.325098346))",44751,2,5,1.0512499809265137,74.42029571533203,7.58324966430664,1.15,1108.0,59.87347412109375,3108.0,314,POMCA_191,2,Magdalena Cauca,28,Cesar,2802,Medio Cesar,51968.0,2.3806942398366474e-06,0.8499115468308588,-0.48347112821981136,-0.07753126472837145,-0.13513629969707375,0.8874517763941994,-0.4572059545345467
"POLYGON ((5004560.881719572 2692492.0216963897, 5004561.001045799 2691571.0127990795, 5005473.2014550995 2691571.1427503633, 5005473.058263601 2692492.1517487047, 5004560.881719572 2692492.0216963897))",45322,1,1,1.150416660308838,73.71794891357422,7.602207183837891,1.1699999809265136,1159.0,62.676856994628906,2955.0,314,POMCA_191,2,Magdalena Cauca,28,Cesar,2802,Medio Cesar,51968.0,1.1902866427471831e-06,-0.4834711282198113,-0.08710024454709112,-0.14960513730649305,-0.11070852168164155,-0.45729726081935157,-0.05750461290496428
"POLYGON ((5001824.400290956 2691570.7647103327, 5001824.447983061 2690649.7564774347, 5002736.672020086 2690649.8155002473, 5002736.600481921 2691570.8237790745, 5001824.400290956 2691570.7647103327))",45615,1,3,1.1725000381469726,73.47825622558594,7.46963653564453,1.15,1125.0,65.24492645263672,2990.0,314,POMCA_191,2,Magdalena Cauca,28,Cesar,2802,Medio Cesar,51968.0,1.1902567133624145e-06,-0.4834711282198113,-0.4834711282198113,-0.11356820101743226,-0.14960513730649305,-0.4573310706769586,-0.45729726081935157
"POLYGON ((4975208.047895231 2429107.7153943046, 4975207.552147642 2428186.8196092383, 4976125.795279603 2428186.334698762, 4976126.27266573 2429107.2299836427, 4975208.047895231 2429107.7153943046))",150163,1,1,1.0574999809265138,74.83660125732422,4.845335388183594,1.0199999809265137,1159.0,52.77374649047852,3169.0,156,POMCA_051,1,Caribe,16,Catatumbo,1605,Río Algodonal (Alto Catatumbo),234020.0,1.1825953443931213e-06,-0.4834711282198113,0.0,-0.14960513730649305,0.0,-0.465985768925176,0.0
"POLYGON ((5000000 2418050.395899987, 5000000 2417129.511351341, 5000918.455349354 2417129.520387175, 5000918.437220238 2418050.4049452674, 5000000 2418050.395899987))",156682,1,1,0.9449999809265136,80.61224365234375,3.729489517211914,0.9800000190734864,1089.0,50.366458892822266,3221.0,145,POMCA_049,1,Caribe,16,Catatumbo,1603,"Río Nuevo Presidente - Tres Bocas (Sardinata, Tibú)",344479.0,1.182336372006071e-06,-0.4834711282198113,0.8499115468308588,-0.14960513730649305,-0.09554973287290185,-0.46627831819065635,0.8693013723787048
"POLYGON ((5000000 2417129.511351341, 5000000 2416208.6271632896, 5000918.473459162 2416208.6361896764, 5000918.455349354 2417129.520387175, 5000000 2417129.511351341))",157216,2,4,0.8979166984558106,80.46875,3.525609970092773,0.9600000381469728,1023.0,51.51301574707031,3311.0,145,POMCA_049,1,Caribe,16,Catatumbo,1603,"Río Nuevo Presidente - Tres Bocas (Sardinata, Tibú)",344479.0,2.3646270196845077e-06,0.8499115468308588,-0.4834711282198113,-0.09554973287290185,-0.14960513730649305,0.8693013723787048,-0.46627831819065635
"POLYGON ((5050549.797759348 2384925.109136126, 5050550.756668475 2384004.208673157, 5051469.880927636 2384005.173898729, 5051468.9045819035 2384926.0754133044, 5050549.797759348 2384925.109136126))",176758,1,2,1.1741666793823242,80.9278335571289,3.877870941162109,0.9699999809265136,1024.0,49.47977066040039,2839.0,33,POMCA_285,3,Orinoco,37,Arauca,3701,Río Chítaga,248904.0,1.1814530609265607e-06,-0.4834711282198113,0.0,-0.13158666916196265,0.0,-0.4672761543323576,0.0
"POLYGON ((5013788.260060848 2377533.7533938703, 5013788.5192500325 2376612.8822213197, 5014707.755431221 2376613.149425205, 5014707.478962608 2377534.0208916133, 5013788.260060848 2377533.7533938703))",181499,2,4,0.6816666603088379,79.74909973144531,2.3192207336425783,0.9300000190734864,1056.0,54.84627914428711,3529.0,157,POMCA_048,1,Caribe,16,Catatumbo,1602,Río Zulia,342789.0,2.362696749616595e-06,0.8499115468308588,-0.48347112821981125,-0.09554973287290185,-0.13655950542225964,0.8671208345345794,-0.4674288004969431
"POLYGON ((5014707.478962608 2377534.0208916133, 5014707.755431221 2376613.149425205, 5015626.991915221 2376613.4338682084, 5015626.69816715 2377534.3056474347, 5014707.478962608 2377534.0208916133))",181500,1,2,0.7929166793823242,78.90625,2.378485679626465,0.9600000381469728,1040.0,52.78016662597656,3503.0,157,POMCA_048,1,Caribe,16,Catatumbo,1602,Río Zulia,342789.0,1.1813475832179608e-06,-0.4834711282198113,0.6280116296031444,-0.13158666916196265,-0.1045455672976057,-0.4673953076773413,0.6450118873763164
"POLYGON ((5023900.58578288 2375695.8945168843, 5023901.034042813 2374775.01975573, 5024820.309097577 2374775.4755869377, 5024819.843596446 2375696.3508505765, 5023900.58578288 2375695.8945168843))",182724,1,1,0.9625,79.93196868896484,2.65860595703125,0.9800000190734864,1055.0,59.63522338867188,3263.0,157,POMCA_048,1,Caribe,16,Catatumbo,1602,Río Zulia,342789.0,1.181293465723298e-06,-0.4834711282198113,0.0,-0.14960513730649305,0.0,-0.4674564417368197,0.0
"POLYGON ((5062511.243719531 2374808.9760367423, 5062512.414858426 2373888.0641838866, 5063431.744904192 2373889.2412477056, 5063430.55653982 2374810.154399622, 5062511.243719531 2374808.9760367423))",183389,1,2,1.0570833206176755,79.25724792480469,3.2365684509277344,0.9199999809265136,2097.0,62.05531692504883,3065.0,33,POMCA_285,3,Orinoco,37,Arauca,3701,Río Chítaga,248904.0,1.181173059417703e-06,-0.4834711282198113,0.0,-0.13158666916196265,0.0,-0.467592459235296,0.0
"POLYGON ((5068027.140613264 2374816.3042954993, 5068028.415106933 2373895.3843637644, 5068947.753274813 2373896.664547272, 5068946.461554891 2374817.585891874, 5068027.140613264 2374816.3042954993))",183395,2,4,0.8550000190734863,76.66666412353516,2.8203804016113283,0.95,1842.0,67.15729522705078,3307.0,37,POMCA_297,3,Orinoco,39,Apure,3901,Alto Río Apure,26712.0,2.3623036702344513e-06,0.8499115468308588,0.0,-0.09554973287290185,0.0,0.8666767907280895,0.0
"POLYGON ((5011950.9437298495 2372928.9203986516, 5011951.167104155 2372008.051472395, 5012870.488843515 2372008.2829181235, 5012870.248286456 2372929.152100419, 5011950.9437298495 2372928.9203986516))",184606,1,1,0.9033333778381348,80.61224365234375,2.4152294158935548,0.9800000190734864,1117.0,59.39640045166016,3367.0,329,POMCA_113,2,Magdalena Cauca,23,Medio Magdalena,2319,Río Lebrija y otros directos al Magdalena,217596.0,1.1812412982010807e-06,-0.4834711282198113,0.1472153524371245,-0.14960513730649305,-0.12193144033605559,-0.46751537300157914,0.16360907539060393
"POLYGON ((5014708.858213784 2372929.6669936273, 5014709.133136425 2372008.797242356, 5015628.4557278445 2372009.0801209137, 5015628.163622371 2372929.9501851224, 5014708.858213784 2372929.6669936273))",184609,1,1,0.5870833396911621,80.64814758300781,2.368911361694336,0.9,1020.0,52.76885223388672,3622.0,329,POMCA_113,2,Magdalena Cauca,23,Medio Magdalena,2319,Río Lebrija y otros directos al Magdalena,217596.0,1.181239071637221e-06,-0.4834711282198113,0.026195682195741875,-0.14960513730649305,-0.12444253967915263,-0.46751788824897333,0.042493362397343845
"POLYGON ((5013789.81084796 2372008.531508102, 5013790.068297911 2371087.662392717, 5014709.407749855 2371087.9278329774, 5014709.133136425 2372008.797242356, 5013789.81084796 2372008.531508102))",185253,1,2,0.5462500095367432,81.91287994384766,2.40383243560791,0.8800000190734864,1029.0,58.9734992980957,4013.0,329,POMCA_113,2,Magdalena Cauca,23,Medio Magdalena,2319,Río Lebrija y otros directos al Magdalena,217596.0,1.1812182364801e-06,-0.4834711282198113,0.08184929929740359,-0.13158666916196265,-0.1280556139003774,-0.4675414247733932,0.09815720925876362
"POLYGON ((5015628.747504783 2371088.2103985744, 5015629.038953178 2370167.341017725, 5016548.39617424 2370167.640376734, 5016548.087581633 2371088.5100895376, 5015628.747504783 2371088.2103985744))",185901,1,1,0.5579166412353516,80.83333587646484,2.416404914855957,0.9,1029.0,55.34696578979492,3803.0,329,POMCA_113,2,Magdalena Cauca,23,Medio Magdalena,2319,Río Lebrija y otros directos al Magdalena,217596.0,1.181195001928994e-06,-0.4834711282198113,0.24771296201121956,-0.14960513730649305,-0.11866871818528656,-0.46756767178349834,0.2641231605502518
"POLYGON ((5016548.087581633 2371088.5100895376, 5016548.39617424 2370167.640376734, 5017467.753736192 2370167.9568421724, 5017467.427999341 2371088.826905898, 5016548.087581633 2371088.5100895376))",185902,1,1,0.6316666603088379,79.43262481689453,2.396335983276367,0.9399999618530274,1074.0,53.377662658691406,3806.0,329,POMCA_113,2,Magdalena Cauca,23,Medio Magdalena,2319,Río Lebrija y otros directos al Magdalena,217596.0,1.1811941112688291e-06,-0.4834711282198113,0.10276878601518549,-0.14960513730649305,-0.12335911676326024,-0.46756867792156576,0.11907687579986885
"POLYGON ((5014709.682054068 2370167.0587651124, 5014709.9560490595 2369246.190038383, 5015629.330073024 2369246.4719779873, 5015629.038953178 2370167.341017725, 5014709.682054068 2370167.0587651124))",186547,3,6,0.590833330154419,80.58607482910156,2.4939319610595705,0.9100000381469725,1033.0,55.57329177856445,3791.0,329,POMCA_113,2,Magdalena Cauca,23,Medio Magdalena,2319,Río Lebrija y otros directos al Magdalena,217596.0,3.543522799718916e-06,2.1832942218815288,-0.15103725535872992,-0.05951279658384105,-0.13121701043304673,2.201046036183337,-0.13491336213130564
"POLYGON ((5015629.038953178 2370167.341017725, 5015629.330073024 2369246.4719779873, 5016548.704418972 2369246.7710050177, 5016548.39617424 2370167.640376734, 5015629.038953178 2370167.341017725))",186548,2,4,0.6958333492279053,80.67375946044922,2.429303359985352,0.940000057220459,1104.0,58.49196243286133,3601.5,329,POMCA_113,2,Magdalena Cauca,23,Medio Magdalena,2319,Río Lebrija y otros directos al Magdalena,217596.0,2.3623468507522865e-06,0.8499115468308588,0.10803495978824672,-0.09554973287290185,-0.12521599087605265,0.8667255697848826,0.12434049677840883
"POLYGON ((5019306.469958523 2370168.641092467, 5019306.829578113 2369247.770610992, 5020226.205401393 2369248.1379880607, 5020225.828656777 2370169.008877397, 5019306.469958523 2370168.641092467))",186552,1,2,0.8366666793823242,79.70296478271484,2.2394536972045898,1.0100000381469727,1092.0,53.9033203125,3308.0,157,POMCA_048,1,Caribe,16,Catatumbo,1602,Río Zulia,342789.0,1.1811695657791653e-06,-0.4834711282198113,0.07626855767675532,-0.13158666916196265,-0.12296018286355923,-0.4675964058390236,0.09253540127290323
"POLYGON ((5031258.170950644 2370174.7566219983, 5031258.753199166 2369253.8793586153, 5032178.135916716 2369254.468878162, 5032177.536542515 2370175.3467960274, 5031258.170950644 2370174.7566219983))",186565,1,1,0.9737500190734864,80.31046295166016,2.6809514999389648,1.0199999809265137,1179.0,57.28693008422852,3328.0,157,POMCA_048,1,Caribe,16,Catatumbo,1602,Río Zulia,342789.0,1.1811515544316777e-06,-0.4834711282198113,-0.4834711282198113,-0.14960513730649305,-0.14960513730649305,-0.4676167524348049,-0.46762491337325857
"POLYGON ((5034935.6373710055 2370177.219961793, 5034936.288122632 2369256.339966654, 5035855.673605491 2369256.997839653, 5035855.005727923 2370177.87856516, 5034935.6373710055 2370177.219961793))",186569,1,1,1.0362500190734862,80.6634292602539,2.797117042541504,1.0300000190734864,1202.0,62.08967971801758,3245.0,158,POMCA_047,1,Caribe,16,Catatumbo,1601,Río Pamplonita,140468.0,1.1811443301520048e-06,-0.4834711282198113,-0.4834711282198113,-0.14960513730649305,-0.14960513730649305,-0.46762491337325857,-0.4676167524348049
"POLYGON ((5022064.958316947 2369248.9240050428, 5022065.368847891 2368328.0525836, 5022984.76308387 2368328.470758788, 5022984.335447103 2369249.342645038, 5022064.958316947 2369248.9240050428))",187189,1,2,0.8612500190734863,80.28052520751953,2.4599056243896484,1.0100000381469727,1262.0,65.64576721191406,3248.0,157,POMCA_048,1,Caribe,16,Catatumbo,1602,Río Zulia,342789.0,1.181144599977469e-06,-0.4834711282198113,-0.4834711282198113,-0.13158666916196265,-0.1385636623847774,-0.46762460856376814,-0.46764661282079356
"POLYGON ((5015629.620864316 2368325.6032789825, 5015629.911327048 2367404.7349203327, 5016549.319864786 2367405.0332833305, 5016549.012315823 2368325.9019740093, 5015629.620864316 2368325.6032789825))",187828,1,2,0.6970833301544189,80.08772277832031,2.406982040405273,0.95,1105.0,51.88203811645508,3577.0,329,POMCA_113,2,Magdalena Cauca,23,Medio Magdalena,2319,Río Lebrija y otros directos al Magdalena,217596.0,1.1811303477124245e-06,-0.4834711282198113,0.20431118330260872,-0.13158666916196265,-0.12048323621386738,-0.4676407086959779,0.2206641275775601
"POLYGON ((5073554.067471167 2367456.831868203, 5073555.432954382 2366535.905869909, 5074474.9170468785 2366537.2769603236, 5074473.53449123 2367458.204486225, 5073554.067471167 2367456.831868203))",188535,1,1,0.9116666793823244,77.83882141113281,3.02514705657959,0.9100000381469726,1411.0,61.341217041015625,3207.0,34,POMCA_286,3,Orinoco,37,Arauca,3702,Río Margua,74706.0,1.180956093130312e-06,-0.4834711282198113,-0.4834711282198113,-0.14960513730649305,-0.13158666916196265,-0.46783755613050254,-0.46785734812762425
"POLYGON ((5072635.950377684 2366534.551815463, 5072637.297261564 2365613.627661126, 5073556.796891219 2365614.980206831, 5073555.432954382 2366535.905869909, 5072635.950377684 2366534.551815463))",189177,1,2,1.0304166793823242,78.63475799560547,3.229539489746094,0.9399999618530274,1762.0,54.46501922607422,3003.0,34,POMCA_286,3,Orinoco,37,Arauca,3702,Río Margua,74706.0,1.1809385727283015e-06,-0.4834711282198113,-0.4834711282198113,-0.13158666916196265,-0.14960513730649305,-0.46785734812762425,-0.46783755613050254
"POLYGON ((5013791.606909743 2365562.454859418, 5013791.862330354 2364641.5881268377, 5014711.321385498 2364641.851508521, 5014711.048936698 2365562.7185352505, 5013791.606909743 2365562.454859418))",189755,1,1,0.8279166221618652,80.72390747070312,2.406981658935547,0.9899999618530272,1057.0,52.13042068481445,3403.0,329,POMCA_113,2,Magdalena Cauca,23,Medio Magdalena,2319,Río Lebrija y otros directos al Magdalena,217596.0,1.1810675528596049e-06,-0.4834711282198113,0.5871462232595641,-0.14960513730649305,-0.11357156794389703,-0.467711645170239,0.6035395220930294
"POLYGON ((5024824.935410021 2365566.7417358486, 5024825.395171176 2364645.8702209517, 5025744.859115203 2364646.337515253, 5025744.382325398 2365567.209552032, 5024824.935410021 2365566.7417358486))",189767,1,1,0.8354166984558106,80.14705657958984,2.6151514053344727,1.0200000762939454,1083.0,56.33525085449219,3320.0,157,POMCA_048,1,Caribe,16,Catatumbo,1602,Río Zulia,342789.0,1.1810547852752112e-06,-0.4834711282198113,0.15837405367748858,-0.14960513730649305,-0.12291318991243114,-0.4677260681265969,0.17444388580862777
"POLYGON ((5011952.945053821 2364641.1123409336, 5011953.166166866 2363720.246478646, 5012872.641681296 2363720.4756191494, 5012872.403559444 2364641.341737651, 5011952.945053821 2364641.1123409336))",190405,1,1,0.68125,81.45160675048828,2.3943592071533204,0.9300000190734864,1013.0,53.34095001220703,3687.0,329,POMCA_113,2,Magdalena Cauca,23,Medio Magdalena,2319,Río Lebrija y otros directos al Magdalena,217596.0,1.1810475623418828e-06,-0.4834711282198113,0.8473009389445189,-0.14960513730649305,-0.1152899603865157,-0.4677342275441468,0.8637329760383016
"POLYGON ((5013792.11746104 2363720.721733144, 5013792.372301795 2362799.855677958, 5014711.86535533 2362800.1184712765, 5014711.593525044 2363720.984820656, 5013792.11746104 2363720.721733144))",191054,1,2,0.5858333110809326,81.54122161865234,2.447942352294922,0.9300000190734864,1022.0,54.6090202331543,3834.0,329,POMCA_113,2,Magdalena Cauca,23,Medio Magdalena,2319,Río Lebrija y otros directos al Magdalena,217596.0,1.1810247266610261e-06,-0.4834711282198113,0.47423241925835463,-0.13158666916196265,-0.125867165137451,-0.4677600239687674,0.49046331059914666
"POLYGON ((5039537.623952496 2363734.5043161395, 5039538.35451675 2362813.6228487995, 5040457.86322539 2362814.360386848, 5040457.1156701315 2363735.242679851, 5039537.623952496 2363734.5043161395))",191082,1,1,1.1112500190734864,79.82865905761719,2.568382453918457,1.0699999809265135,1229.0,52.59785842895508,2890.0,33,POMCA_285,3,Orinoco,37,Arauca,3701,Río Chítaga,248904.0,1.1809838493376843e-06,-0.4834711282198113,0.0,-0.14960513730649305,0.0,-0.4678062012120429,0.0
"POLYGON ((5011033.894771113 2362799.1690251227, 5011034.098411479 2361878.304076822, 5011953.60763913 2361878.5157693354, 5011953.387028637 2362799.3809549063, 5011033.894771113 2362799.1690251227))",191705,3,4,0.6879166603088379,82.15579223632812,2.3106306076049803,0.9200000762939452,1045.0,51.30987930297852,3678.0,329,POMCA_113,2,Magdalena Cauca,23,Medio Magdalena,2319,Río Lebrija y otros directos al Magdalena,217596.0,3.5430162895025526e-06,2.1832942218815288,0.7284433740245669,-0.09554973287290185,-0.11871258222032569,2.200473854749466,0.7447824316535009
"POLYGON ((5011953.387028637 2362799.3809549063, 5011953.60763913 2361878.5157693354, 5012873.11711319 2361878.744397354, 5012872.879532547 2362799.6098391768, 5011953.387028637 2362799.3809549063))",191706,4,7,0.627916669845581,81.45160675048828,2.435143661499024,0.9300000190734864,1065.0,55.01336669921875,3746.5714285714284,329,POMCA_113,2,Magdalena Cauca,23,Medio Magdalena,2319,Río Lebrija y otros directos al Magdalena,217596.0,4.724019145859042e-06,3.5166768969321986,0.30989084721634064,-0.04149432843931065,-0.1330736607985921,3.5345987863400072,0.32600165803391495
"POLYGON ((5018389.840791424 2362801.339190494, 5018390.180193555 2361880.4718125393, 5019309.6919231955 2361880.8189898655, 5019309.335550702 2362801.6867569447, 5018389.840791424 2362801.339190494))",191712,1,1,0.5425000190734863,78.28282928466797,2.9810007095336912,0.9899999618530272,1092.0,62.71894073486328,3849.0,157,POMCA_048,1,Caribe,16,Catatumbo,1602,Río Zulia,342789.0,1.1809988971790961e-06,-0.4834711282198113,-0.20010177119098432,-0.14960513730649305,-0.13790173285780893,-0.4677892023535845,-0.18433363395232974
"POLYGON ((5011953.60763913 2361878.5157693354, 5011953.827998341 2360957.650921555, 5012873.354423222 2360957.879293302, 5012873.11711319 2361878.744397354, 5011953.60763913 2361878.5157693354))",192355,1,1,0.602916669845581,82.33695220947266,2.435143852233886,0.9199999809265136,1128.0,51.427371978759766,3809.0,329,POMCA_113,2,Magdalena Cauca,23,Medio Magdalena,2319,Río Lebrija y otros directos al Magdalena,217596.0,1.1809834362211178e-06,-0.4834711282198113,1.0979661825061013,-0.14960513730649305,-0.11142749897819294,-0.46780666789094044,1.1145032984267045
"POLYGON ((5010114.775868917 2360957.244927604, 5010114.962113927 2360036.380872863, 5011034.50499635 2360036.575193267, 5011034.301819893 2360957.4394663298, 5010114.775868917 2360957.244927604))",193003,1,1,0.8470833778381348,80.86734771728516,2.3496448516845705,0.9800000190734864,1062.0,48.79706573486328,3515.0,329,POMCA_113,2,Magdalena Cauca,23,Medio Magdalena,2319,Río Lebrija y otros directos al Magdalena,217596.0,1.1809633483998477e-06,-0.4834711282198113,0.7619330933578,-0.14960513730649305,-0.12324035299948437,-0.4678293601842178,0.7782502156248484
"POLYGON ((5011034.301819893 2360957.4394663298, 5011034.50499635 2360036.575193267, 5011954.048106266 2360036.7864111857, 5011953.827998341 2360957.650921555, 5011034.301819893 2360957.4394663298))",193004,2,2,0.659166669845581,81.7204360961914,2.3820674896240237,0.9299999237060548,1076.0,51.29961013793945,3762.0,329,POMCA_113,2,Magdalena Cauca,23,Medio Magdalena,2319,Río Lebrija y otros directos al Magdalena,217596.0,2.361925509001088e-06,0.8499115468308588,0.40662378873271443,-0.13158666916196265,-0.12757081041222654,0.8662495992722216,0.4227615126635587
"POLYGON ((5022988.1667828355 2360961.5078810924, 5022988.5900706835 2360040.639042244, 5023908.137863235 2360041.069930523, 5023907.69764348 2360961.93925348, 5022988.1667828355 2360961.5078810924))",193016,2,3,0.8316666603088377,79.16666412353516,2.716392517089844,1.0800000190734864,1339.0,63.130279541015625,3305.0,157,POMCA_048,1,Caribe,16,Catatumbo,1602,Río Zulia,342789.0,2.3619010601452655e-06,0.8499115468308588,-0.4834711282198113,-0.11356820101743226,-0.14960513730649305,0.8662219805175962,-0.4678002841468686
"POLYGON ((5030344.987274302 2360044.5592948752, 5030345.545380896 2359123.6863879524, 5031265.114560577 2359124.251825506, 5031264.539540987 2360045.1253684666, 5030344.987274302 2360044.5592948752))",193673,1,2,0.7420833110809326,79.16666412353516,2.816012382507324,0.9800000190734864,1275.0,64.58042907714844,3613.0,33,POMCA_285,3,Orinoco,37,Arauca,3701,Río Chítaga,248904.0,1.180917549690905e-06,-0.4834711282198113,0.0,-0.13158666916196265,0.0,-0.4678810968918016,0.0
"POLYGON ((5010115.148146307 2359115.5171551877, 5010115.333966053 2358194.6537742014, 5011034.910653378 2358194.8476579133, 5011034.707940846 2359115.711257254, 5010115.148146307 2359115.5171551877))",194291,2,2,0.7179166793823242,82.5268783569336,2.330219841003418,0.9300000190734864,1123.0,46.99677276611328,3724.0,329,POMCA_113,2,Magdalena Cauca,23,Medio Magdalena,2319,Río Lebrija y otros directos al Magdalena,217596.0,2.3618415471757827e-06,0.8499115468308588,0.363327715044533,-0.13158666916196265,-0.12807414912504872,0.8661547514368936,0.3794193995687326
"POLYGON ((5012873.8282314325 2359116.1500969958, 5012874.064729601 2358195.2860039845, 5013793.642156426 2358195.53046639, 5013793.388765402 2359116.3948347177, 5012873.8282314325 2359116.1500969958))",194294,1,1,0.6708333492279053,81.9587631225586,2.5746435165405277,0.9699999809265136,1106.0,55.8998908996582,3719.0,33,POMCA_285,3,Orinoco,37,Arauca,3701,Río Chítaga,248904.0,1.180918843332737e-06,-0.4834711282198113,0.2766606982513439,-0.14960513730649305,-0.12399944560684772,-0.4678796355237691,0.29267380344882715
"POLYGON ((5017471.633934836 2359117.5425718976, 5017471.954897563 2358196.6769124283, 5018391.533936117 2358197.0056731924, 5018391.196080384 2359117.8717029165, 5017471.633934836 2359117.5425718976))",194299,1,1,0.7945833206176758,78.75375366210938,2.750688934326172,1.1100000381469726,1076.0,49.76993560791016,3393.0,33,POMCA_285,3,Orinoco,37,Arauca,3701,Río Chítaga,248904.0,1.1809146363804806e-06,-0.4834711282198113,-0.4834711282198113,-0.14960513730649305,-0.13671122758428034,-0.46788438792539216,-0.4679072801700124
"POLYGON ((5018391.196080384 2359117.8717029165, 5018391.533936117 2358197.0056731924, 5019311.113353905 2358197.351293726, 5019310.758605131 2359118.217712691, 5018391.196080384 2359117.8717029165))",194300,1,1,0.8158333778381348,78.61357116699219,2.9529123306274414,1.1299999237060547,1059.0,51.83015441894531,3393.0,33,POMCA_285,3,Orinoco,37,Arauca,3701,Río Chítaga,248904.0,1.1809136465066195e-06,-0.4834711282198113,-0.3859990855212353,-0.14960513730649305,-0.13552725993305456,-0.4678855061406362,-0.3703794142973073
"POLYGON ((5010115.519573161 2357273.790729523, 5010115.704967627 2356352.9280207753, 5011035.31538253 2356353.1214677305, 5011035.11313394 2357273.984394865, 5010115.519573161 2357273.790729523))",195579,1,2,0.8070833206176757,82.20486450195312,2.368911170959473,0.9600000381469728,1092.0,42.93384552001953,3414.0,329,POMCA_113,2,Magdalena Cauca,23,Medio Magdalena,2319,Río Lebrija y otros directos al Magdalena,217596.0,1.180878299256264e-06,-0.4834711282198113,0.19659500538662156,-0.13158666916196265,-0.14041516491983683,-0.46792543631329286,0.2125526345446517
"POLYGON ((5016552.679941079 2357275.50003936, 5016552.983314918 2356354.6354031083, 5017472.5957211545 2356354.946601527, 5017472.275493004 2357275.811589098, 5016552.679941079 2357275.50003936))",195586,1,3,0.7912499904632568,79.706787109375,2.7644256591796874,1.0800000190734864,1150.0,44.44402313232422,3455.0,33,POMCA_285,3,Orinoco,37,Arauca,3701,Río Chítaga,248904.0,1.1808731022246518e-06,-0.4834711282198113,-0.4834711282198113,-0.11356820101743226,-0.1358433610571997,-0.46793130716229786,-0.46794440173836593
"POLYGON ((5015633.371250055 2356354.3410264114, 5015633.657440983 2355433.4770579203, 5016553.286340793 2355433.7711022636, 5016552.983314918 2356354.6354031083, 5015633.371250055 2356354.3410264114))",196238,1,4,0.8333333015441895,80.09259033203125,2.708013153076172,1.0800000190734864,1020.0,51.090667724609375,3334.0,33,POMCA_285,3,Orinoco,37,Arauca,3701,Río Chítaga,248904.0,1.1808527935691726e-06,-0.4834711282198113,-0.48347112821981125,-0.09554973287290185,-0.13778690699340543,-0.46795424892188464,-0.46795312538741685
"POLYGON ((5017472.5957211545 2356354.946601527, 5017472.915582007 2355434.0819493374, 5018392.545183591 2355434.409599173, 5018392.208487727 2356355.2746217, 5017472.5957211545 2356354.946601527))",196240,1,1,0.8645833015441895,79.2410659790039,2.7589385986328123,1.1200000762939453,1041.0,48.40561676025391,3344.0,33,POMCA_285,3,Orinoco,37,Arauca,3701,Río Chítaga,248904.0,1.1808509622031435e-06,-0.4834711282198113,-0.4834711282198113,-0.14960513730649305,-0.1278218285564631,-0.4679563177323581,-0.46794578196947106
"POLYGON ((5044141.589249346 2356371.2890070463, 5044142.397346348 2355450.40590417, 5045062.045649594 2355451.2208562484, 5045061.2207158385 2356372.1048802496, 5044141.589249346 2356371.2890070463))",196269,2,24,1.1779167175292968,80.60747528076172,2.5624759674072264,1.0700000762939452,1589.0,78.17272186279297,2869.4166666666665,33,POMCA_285,3,Orinoco,37,Arauca,3701,Río Chítaga,248904.0,2.3616043188982384e-06,0.8499115468308588,0.40545060137479705,0.26481963001770614,0.09064110098734526,0.8658867654977854,0.4212061415075852
"POLYGON ((5015633.657440983 2355433.4770579203, 5015633.94330327 2354512.613424483, 5016553.589018695 2354512.907136448, 5016553.286340793 2355433.7711022636, 5015633.657440983 2355433.4770579203))",196888,1,2,0.8308333396911621,80.37383270263672,2.600990295410156,1.0699999809265135,1054.0,48.58658218383789,3412.0,33,POMCA_285,3,Orinoco,37,Arauca,3701,Río Chítaga,248904.0,1.180831619108653e-06,-0.4834711282198113,-0.48347112821981136,-0.13158666916196265,-0.12919371629953147,-0.4679781687418412,-0.4679623340272152
"POLYGON ((5044142.397346348 2355450.40590417, 5044143.204515392 2354529.5231349226, 5045062.869636059 2354530.337165806, 5045062.045649594 2355451.2208562484, 5044142.397346348 2355450.40590417))",196919,2,16,1.0795833587646484,80.36858367919922,2.4996212005615237,1.040000057220459,1568.0,72.76260375976562,3131.625,33,POMCA_285,3,Orinoco,37,Arauca,3701,Río Chítaga,248904.0,2.361561968039247e-06,0.8499115468308588,0.18322008831746628,0.12067188486146295,0.14769956582385538,0.8658389236686563,0.19891363099238116
"POLYGON ((5014714.297910314 2354512.336496223, 5014714.566647704 2353591.4735108684, 5015634.228836912 2353591.7501257197, 5015633.94330327 2354512.613424483, 5014714.297910314 2354512.336496223))",197540,1,1,0.7487500190734864,80.36859130859375,2.672461128234864,1.0399999618530271,1067.0,53.87017059326172,3619.0,33,POMCA_285,3,Orinoco,37,Arauca,3701,Río Chítaga,248904.0,1.1808113112316727e-06,-0.4834711282198113,-0.4834711282198113,-0.14960513730649305,-0.1337244307095555,-0.4680011096219935,-0.468000666155257
"POLYGON ((5044143.204515392 2354529.5231349226, 5044144.010756463 2353608.640698925, 5045063.692675216 2353609.4538085456, 5045062.869636059 2354530.337165806, 5044143.204515392 2354529.5231349226))",197572,1,11,0.9804166793823242,80.11550903320312,2.562476921081543,1.0100000381469727,1619.0,77.30731964111328,3237.3636363636365,33,POMCA_285,3,Orinoco,37,Arauca,3701,Río Chítaga,248904.0,1.180759833701157e-06,-0.4834711282198113,0.8499115468308587,0.030579544138810952,0.168721127433711,-0.4680592614346737,0.8658548709431033
"POLYGON ((5013794.904762022 2353591.2136606993, 5013795.156413202 2352670.3513040985, 5014714.835075775 2352670.6108598323, 5014714.566647704 2353591.4735108684, 5013794.904762022 2353591.2136606993))",198189,1,1,0.8441666603088379,80.99688720703125,2.644319152832032,1.0699999809265135,1021.0,41.78607177734375,3366.0,33,POMCA_285,3,Orinoco,37,Arauca,3701,Río Chítaga,248904.0,1.1807909789954423e-06,-0.4834711282198113,-0.4834711282198113,-0.14960513730649305,-0.13587858942720335,-0.46802407801967677,-0.4680270466518936
"POLYGON ((5011036.323145746 2351748.811857499, 5011036.524002415 2350827.950937888, 5011956.2353637945 2350828.1597817717, 5011956.017768974 2351749.020938866, 5011036.323145746 2351748.811857499))",199484,1,1,0.8612500190734863,81.8396224975586,2.550623893737793,1.0600000381469727,1029.0,49.18760299682617,3342.0,33,POMCA_285,3,Orinoco,37,Arauca,3701,Río Chítaga,248904.0,1.1807508849428096e-06,-0.4834711282198113,-0.4834711282198113,-0.14960513730649305,-0.1426588168252092,-0.46806937043784314,-0.46808340436363816
"POLYGON ((5011956.017768974 2351749.020938866, 5011956.2353637945 2350828.1597817717, 5012875.946971858 2350828.385333269, 5012875.712638864 2351749.246746845, 5011956.017768974 2351749.020938866))",199485,1,1,0.8716667175292969,81.48148345947266,2.6996076583862303,1.0800000190734864,1039.0,45.7601203918457,3360.0,33,POMCA_285,3,Orinoco,37,Arauca,3701,Río Chítaga,248904.0,1.1807502414248152e-06,-0.4834711282198113,-0.48347112821981136,-0.14960513730649305,-0.1424759340268545,-0.4680700973906999,-0.4680819217685374
"POLYGON ((5022992.377913814 2351752.834599052, 5022992.79636873 2350831.9691102505, 5023912.512417109 2350832.3951554582, 5023912.077223607 2351753.261128729, 5022992.377913814 2351752.834599052))",199496,1,1,0.8445833206176758,78.89408111572266,2.871952438354492,1.0700000762939452,1040.0,49.37112808227539,3302.0,33,POMCA_285,3,Orinoco,37,Arauca,3701,Río Chítaga,248904.0,1.180738658172842e-06,-0.4834711282198113,0.0,-0.14960513730649305,0.0,-0.4680831824608699,0.0
"POLYGON ((5012875.946971858 2350828.385333269, 5012876.181034183 2349907.524252917, 5013795.909626772 2349907.76623655, 5013795.658845582 2350828.6275924034, 5012875.946971858 2350828.385333269))",200139,1,1,0.8383333206176757,81.21212005615234,2.6400184631347656,1.1,1036.0,44.29693984985352,3433.0,33,POMCA_285,3,Orinoco,37,Arauca,3701,Río Chítaga,248904.0,1.1807284995214846e-06,-0.4834711282198113,-0.48347112821981136,-0.14960513730649305,-0.1365691010099689,-0.4680946582248566,-0.46808333785226836
"POLYGON ((5013795.658845582 2350828.6275924034, 5013795.909626772 2349907.76623655, 5014715.638504019 2349908.024908846, 5014715.371003938 2350828.8865592, 5013795.658845582 2350828.6275924034))",200140,1,3,0.8033333778381347,80.90908813476562,2.7413774490356446,1.1,1114.0,42.9709358215332,3561.0,33,POMCA_285,3,Orinoco,37,Arauca,3701,Río Chítaga,248904.0,1.1807277569922539e-06,-0.4834711282198113,-0.4834711282198113,-0.11356820101743226,-0.14665443908970266,-0.46809549702618025,-0.46807549556549094
"POLYGON ((5011036.724627082 2349907.0903515373, 5011036.925019746 2348986.2300980682, 5011956.669799426 2348986.438466933, 5011956.4527072795 2349907.2989579206, 5011036.724627082 2349907.0903515373))",200792,1,2,0.8824999809265137,81.51515197753906,2.6756481170654296,1.1,1017.0,45.92907333374024,3354.0,33,POMCA_285,3,Orinoco,37,Arauca,3701,Río Chítaga,248904.0,1.1807088123242607e-06,-0.4834711282198113,-0.48347112821981125,-0.13158666916196265,-0.14487845384158055,-0.4681168979514654,-0.4681021668302292
"POLYGON ((5039549.213231713 2349000.44106366, 5039549.930495466 2348079.56494253, 5040469.708430951 2348080.2892615716, 5040468.974485527 2349001.1662093503, 5039549.213231713 2349000.44106366))",201482,3,18,1.0941666603088378,78.39505767822266,2.778433609008789,1.0800000190734864,1705.0,72.91271209716797,3134.6111111111113,33,POMCA_285,3,Orinoco,37,Arauca,3701,Río Chítaga,248904.0,3.5419345339082075e-06,2.1832942218815288,1.1676465297447867,0.15670882115052376,0.37367874482850716,2.199251844912203,1.1833037862348728
"POLYGON ((5040468.974485527 2349001.1662093503, 5040469.708430951 2348080.2892615716, 5041389.487201618 2348081.030232767, 5041388.736574447 2349001.908026199, 5040468.974485527 2349001.1662093503))",201483,2,47,0.9262499809265136,77.69607543945312,2.6809503555297853,1.0200000762939454,1625.0,73.1637191772461,3393.3829787234044,33,POMCA_285,3,Orinoco,37,Arauca,3701,Río Chítaga,248904.0,2.3612853330271218e-06,0.8499115468308588,1.8871452616739477,0.6792443973419054,0.10668426907997906,0.8655264217431609,1.9029822189496037
"POLYGON ((5040469.708430951 2348080.2892615716, 5040470.441525636 2347159.412644659, 5041390.236958714 2347160.1527701397, 5041389.487201618 2348081.030232767, 5040469.708430951 2348080.2892615716))",202139,3,16,0.9158333778381348,77.45098114013672,2.7784345626831053,1.0199999809265137,1703.0,76.77713012695312,3410.375,33,POMCA_285,3,Orinoco,37,Arauca,3701,Río Chítaga,248904.0,3.541865076268862e-06,2.1832942218815288,1.0943893765348136,0.12067188486146295,0.36271527370191464,2.199173381792625,1.1100528486256946
"POLYGON ((5011957.103229685 2347144.718482033, 5011957.319567788 2346223.858987361, 5012877.114576711 2346224.083256165, 5012876.8815971045 2347144.9430074133, 5011957.103229685 2347144.718482033))",202762,1,1,0.7204166889190674,81.82540130615234,2.750688362121582,1.05,1074.0,48.62220764160156,3498.0,33,POMCA_285,3,Orinoco,37,Arauca,3701,Río Chítaga,248904.0,1.1806452480387234e-06,-0.4834711282198113,-0.4834711282198113,-0.14960513730649305,-0.1401566430853278,-0.46818870361868936,-0.4681193863745181
"POLYGON ((4673331.739769176 2347270.403516462, 4673325.825913591 2346348.3470084085, 4674246.830070895 2346342.4516670224, 4674252.727194445 2347264.5014228155, 4673331.739769176 2347270.403516462))",203065,1,1,1.0291666984558103,87.26591491699219,3.274095153808594,0.8900000572204589,2152.0,50.61081314086914,3357.0,339,POMCA_159,2,Magdalena Cauca,26,Cauca,2621,Directos Río Cauca entre Río San Juan y Pto Valdivia (mi),95861.0,1.1775208139806246e-06,-0.4834711282198113,-0.4834711282198113,-0.14960513730649305,-0.14960513730649305,-0.4717182339255677,-0.4718723864677804
"POLYGON ((5009198.102166242 2345302.4273488736, 5009198.268193263 2344381.569172309, 5010118.095743621 2344381.7432042183, 5010117.913113831 2345302.601580372, 5009198.102166242 2345302.4273488736))",204067,1,1,0.8266666412353516,81.5873031616211,2.6742313385009764,1.05,1049.0,44.66463851928711,3384.0,33,POMCA_285,3,Orinoco,37,Arauca,3701,Río Chítaga,248904.0,1.1806052086153769e-06,-0.4834711282198113,-0.4834711282198113,-0.14960513730649305,-0.13917119925269725,-0.46823393432464877,-0.4682167465107063
"POLYGON ((5040471.905162728 2345317.6604019236, 5040472.635705107 2344396.7847753447, 5041392.481009398 2344397.522363305, 5041391.733862619 2345318.3988357866, 5040471.905162728 2345317.6604019236))",204101,1,1,0.6820833206176757,76.86170196533203,3.092941856384277,0.940000057220459,1147.0,64.42884826660156,3677.0,33,POMCA_285,3,Orinoco,37,Arauca,3701,Río Chítaga,248904.0,1.1805589193672207e-06,-0.4834711282198113,1.7796722069437523,-0.14960513730649305,0.3003383491071887,-0.4682862251719548,1.7954944100230859
"POLYGON ((5031274.225480979 2344390.320570495, 5031274.789325863 2343469.4526872863, 5032194.643714135 2343470.023861381, 5032194.063284877 2344390.892400441, 5031274.225480979 2344390.320570495))",204745,1,1,1.0629166603088378,78.15315246582031,2.6151514053344727,1.1100000381469726,1156.0,61.93476486206055,2917.0,33,POMCA_285,3,Orinoco,37,Arauca,3701,Río Chítaga,248904.0,1.1805576008748244e-06,-0.4834711282198113,0.7030006720895472,-0.14960513730649305,0.04194915777190447,-0.46828771461253366,0.7183334739189914
"POLYGON ((5031274.789325863 2343469.4526872863, 5031275.352513309 2342548.585133598, 5032195.223466617 2342549.155651794, 5032194.643714135 2343470.023861381, 5031274.789325863 2343469.4526872863))",205392,1,5,0.9537500381469728,78.27103424072266,2.6894157409667967,1.0699999809265135,1273.0,61.445457458496094,3279.0,33,POMCA_285,3,Orinoco,37,Arauca,3701,Río Chítaga,248904.0,1.1805367522629367e-06,-0.4834711282198113,0.8503043770601277,-0.07753126472837145,0.05145102263159028,-0.46831126633618847,0.8656623799921047
"POLYGON ((5032194.643714135 2343470.023861381, 5032195.223466617 2342549.155651794, 5033115.095084637 2342549.742707468, 5033114.498767056 2343470.6115919673, 5032194.643714135 2343470.023861381))",205393,3,14,0.9524999618530272,78.50467681884766,2.783882713317871,1.0699999809265135,1130.0,60.409446716308594,3211.1428571428573,33,POMCA_285,3,Orinoco,37,Arauca,3701,Río Chítaga,248904.0,3.5416050583420667e-06,2.1832942218815288,0.18300568548806884,0.08463494857240215,0.0010858469039787817,2.1988796514286966,0.1982535885517896
"POLYGON ((4670544.9222952835 2343599.904064291, 4670538.985988675 2342677.8281480875, 4671460.077207481 2342671.909937659, 4671465.996858024 2343593.9790422074, 4670544.9222952835 2343599.904064291))",205669,1,1,0.8791666984558105,87.68939208984375,2.975914001464844,0.8800000190734864,2292.0,49.10519409179688,3420.0,327,POMCA_011,1,Caribe,11,Atrato - Darién,1111,Río Sucio,218070.0,1.177384354052205e-06,-0.4834711282198113,-0.4834711282198113,-0.14960513730649305,-0.14960513730649305,-0.4718723864677804,-0.4717182339255677
"POLYGON ((5031275.352513309 2342548.585133598, 5031275.915043306 2341627.717909053, 5032195.802542314 2341628.287771301, 5032195.223466617 2342549.155651794, 5031275.352513309 2342548.585133598))",206039,2,23,0.7704166889190673,78.58333587646484,3.0185659408569334,1.0,1079.0,44.26414108276367,3402.5652173913045,33,POMCA_285,3,Orinoco,37,Arauca,3701,Río Chítaga,248904.0,2.361031857465971e-06,0.8499115468308588,0.5205679289361512,0.24680116187317577,-0.024896166137082235,0.8652400819905851,0.5358767034609633
"POLYGON ((5032195.223466617 2342549.155651794, 5032195.802542314 2341628.287771301, 5033115.690706095 2341628.874152014, 5033115.095084637 2342549.742707468, 5032195.223466617 2342549.155651794))",206040,2,10,0.9204166412353516,78.53773498535156,2.783542442321777,1.0600000381469727,1134.0,46.735965728759766,3350.0,33,POMCA_285,3,Orinoco,37,Arauca,3701,Río Chítaga,248904.0,2.3610283917676487e-06,0.8499115468308588,0.7845068411368226,0.012561075994280552,0.06651996303920546,0.8652361669496417,0.7998583953402192
"POLYGON ((5020237.3099934645 2341622.167982302, 5020237.673553769 2340701.307475305, 5021157.57108283 2340701.6786923273, 5021157.190996758 2341622.5396271423, 5020237.3099934645 2341622.167982302))",206678,2,4,0.6300000190734864,78.04487609863281,3.21219253540039,1.0399999618530271,976.0,54.152591705322266,3756.5,33,POMCA_285,3,Orinoco,37,Arauca,3701,Río Chítaga,248904.0,2.3610241261433637e-06,0.8499115468308588,0.0,-0.09554973287290185,0.0,0.8652313482689106,0.0
"POLYGON ((5008279.036789614 2340697.983033685, 5008279.185343746 2339777.126687155, 5009199.095427943 2339777.2832414424, 5009198.930367742 2340698.139768619, 5008279.036789614 2340697.983033685))",207328,1,2,0.7670833587646484,78.55805206298828,2.43514347076416,0.8899999618530273,1020.0,46.893253326416016,3159.0,334,POMCA_129,2,Magdalena Cauca,24,Sogamoso,2403,Río Chicamocha,332107.0,1.1805015885927568e-06,-0.4834711282198113,-0.4834711282198113,-0.13158666916196265,-0.14960513730649305,-0.468350989126714,-0.46823393432464877
"POLYGON ((5038636.422070922 2339790.9943032535, 5038637.114531783 2338870.122282629, 5039557.057403472 2338870.8218698883, 5039556.3484543925 2339791.6946987496, 5038636.422070922 2339790.9943032535))",208022,1,1,1.025,77.62345886230469,2.992414855957031,1.079999923706055,1559.0,70.3924560546875,2825.0,33,POMCA_285,3,Orinoco,37,Arauca,3701,Río Chítaga,248904.0,1.1804383587615482e-06,-0.4834711282198113,-0.4834711282198113,-0.14960513730649305,-0.07753126472837145,-0.46842241697617404,-0.4684623295917522
"POLYGON ((5035877.932870863 2337947.252909206, 5035878.574359109 2337026.3838535524, 5036798.547811941 2337027.0325528528, 5036797.889874368 2337947.902359797, 5035877.932870863 2337947.252909206))",209366,1,5,1.1204166412353516,77.08333587646484,2.783541679382324,1.159999942779541,1080.0,57.42266082763672,2805.0,33,POMCA_285,3,Orinoco,37,Arauca,3701,Río Chítaga,248904.0,1.1804030270531854e-06,-0.4834711282198113,-0.08859890502362366,-0.07753126472837145,-0.14069701170134835,-0.4684623295917522,-0.07364419717782435
"POLYGON ((5012879.429484 2337015.5039041466, 5012879.659485751 2336094.6477766447, 5013799.636541058 2336094.8856253317, 5013799.390110487 2337015.7420286383, 5012879.429484 2337015.5039041466))",210027,4,6,0.6824999809265136,78.92720794677734,2.5000001907348635,0.8699999809265136,1130.0,69.58441162109375,3649.6666666666665,334,POMCA_129,2,Magdalena Cauca,24,Sogamoso,2403,Río Chicamocha,332107.0,4.72166310754986e-06,3.5166768969321986,0.0,-0.05951279658384105,0.0,3.5319372775797673,0.0
"POLYGON ((5034039.844690667 2335183.401485301, 5034040.45113382 2334262.5348542007, 5034960.472355029 2334263.1485662474, 5034959.849520701 2335184.015910752, 5034039.844690667 2335183.401485301))",211441,2,2,0.8820833206176758,78.11526489257812,3.1367210388183597,1.0699999809265135,1100.0,59.95737838745117,3321.0,33,POMCA_285,3,Orinoco,37,Arauca,3701,Río Chítaga,248904.0,2.360689790567499e-06,0.8499115468308588,0.07583252636118351,-0.13158666916196265,-0.1130146376323359,0.8648536646546179,0.09069649342320327
"POLYGON ((5027600.812338954 2333337.835282437, 5027601.302885193 2332416.9737639143, 5028521.352306177 2332417.4717516284, 5028520.845407854 2333338.3338504657, 5027600.812338954 2333337.835282437))",212889,2,3,0.6050000190734863,77.60942840576172,3.377735137939453,0.9899999618530272,1010.0,52.256385803222656,3651.0,33,POMCA_285,3,Orinoco,37,Arauca,3701,Río Chítaga,248904.0,2.360631019834433e-06,0.8499115468308588,-0.4834711282198113,-0.11356820101743226,-0.14960513730649305,0.8647872740444605,-0.46868049401517786
"POLYGON ((5034041.056861403 2333341.6685486883, 5034041.661873404 2332420.8025683844, 5034961.715818937 2332421.414853467, 5034961.094454444 2333342.2815472786, 5034041.056861403 2333341.6685486883))",212896,1,2,0.696666669845581,77.8877944946289,3.498917007446289,1.009999942779541,1041.0,60.50554275512695,3556.0,33,POMCA_285,3,Orinoco,37,Arauca,3701,Río Chítaga,248904.0,1.1803037243458752e-06,-0.4834711282198113,0.41727362952907865,-0.13158666916196265,-0.11422591395437529,-0.4685745073200989,0.4321175065075937
"POLYGON ((5034961.094454444 2333342.2815472786, 5034961.715818937 2332421.414853467, 5035881.770486877 2332422.043466989, 5035881.132769828 2333342.9108933364, 5034961.094454444 2333342.2815472786))",212897,1,1,0.8479166984558105,77.4922103881836,3.264536666870117,1.0699999809265135,1356.0,48.06767272949219,3417.0,33,POMCA_285,3,Orinoco,37,Arauca,3701,Río Chítaga,248904.0,1.1803018426263991e-06,-0.4834711282198113,0.2482787673679012,-0.14960513730649305,-0.11575883096295236,-0.46857663301255914,0.2631330046644391
"POLYGON ((5041401.378895939 2333347.030270317, 5041402.114729803 2332426.158049168, 5042322.174986947 2332426.900963712, 5042321.42280002 2333347.7740505934, 5041401.378895939 2333347.030270317))",212904,2,2,0.9741666793823244,77.5700912475586,2.9297327041625976,1.0699999809265135,1178.0,71.79692077636719,3151.0,33,POMCA_285,3,Orinoco,37,Arauca,3701,Río Chítaga,248904.0,2.36057456821766e-06,0.8499115468308588,0.0,-0.13158666916196265,0.0,0.8647235032339494,0.0
"POLYGON ((5033121.608631272 2332420.206611676, 5033122.19659459 2331499.3416507333, 5034042.26616981 2331499.936912911, 5034041.661873404 2332420.8025683844, 5033121.608631272 2332420.206611676))",213655,3,8,0.590416669845581,77.97618865966797,3.5894947052001958,0.9800000190734864,1525.0,69.49873352050781,3764.0,33,POMCA_285,3,Orinoco,37,Arauca,3701,Río Chítaga,248904.0,3.540855026116241e-06,2.1832942218815288,-0.018396713493563047,-0.02347586029478025,-0.13214886144126212,2.198032374314518,-0.0035488542927944143
"POLYGON ((5034041.661873404 2332420.8025683844, 5034042.26616981 2331499.936912911, 5034962.336448493 2331500.5484844344, 5034961.715818937 2332421.414853467, 5034041.661873404 2332420.8025683844))",213656,2,3,0.7029166698455812,77.69607543945312,3.4341747283935553,1.0199999809265137,1095.0,67.13890075683594,3656.0,33,POMCA_285,3,Orinoco,37,Arauca,3701,Río Chítaga,248904.0,2.3605663529259318e-06,0.8499115468308588,0.17518595782014798,-0.11356820101743226,-0.11501384120658381,0.8647142227944857,0.1900222339861402
"POLYGON ((5018401.163547199 2331492.0354811, 5018401.489801551 2330571.179369848, 5019321.567020117 2330571.5132997376, 5019321.224452802 2331492.36980109, 5018401.163547199 2331492.0354811))",214416,1,8,0.7741666793823242,80.60897827148438,2.802866744995117,1.0399999618530271,1008.0,52.584659576416016,3482.75,334,POMCA_129,2,Magdalena Cauca,24,Sogamoso,2403,Río Chicamocha,332107.0,1.180287067590032e-06,-0.4834711282198113,-0.4834711282198113,-0.02347586029478025,-0.09554973287290185,-0.46859332369563106,-0.4686164785844444
"POLYGON ((5034962.336448493 2331500.5484844344, 5034962.956343102 2330579.6824398013, 5035883.043658134 2330580.3095880933, 5035882.407449651 2331501.176365368, 5034962.336448493 2331500.5484844344))",214434,1,1,0.7429166793823242,77.80448913574219,3.394234848022461,1.0399999618530271,1046.0,52.80630111694336,3555.0,33,POMCA_285,3,Orinoco,37,Arauca,3701,Río Chítaga,248904.0,1.1802607718443183e-06,-0.4834711282198113,0.22200974964809908,-0.14960513730649305,-0.11836282967558184,-0.46862302879732726,0.23683255947407306
"POLYGON ((5018401.489801551 2330571.179369848, 5018401.815669089 2329650.323583334, 5019321.909181277 2329650.6571230944, 5019321.567020117 2330571.5132997376, 5018401.489801551 2330571.179369848))",215183,1,4,0.7991666793823242,80.60897064208984,2.644318771362305,1.0399999618530271,1072.0,45.20750427246094,3466.0,334,POMCA_129,2,Magdalena Cauca,24,Sogamoso,2403,Río Chicamocha,332107.0,1.1802665702668957e-06,-0.4834711282198113,-0.4834711282198113,-0.09554973287290185,-0.02347586029478025,-0.4686164785844444,-0.46859332369563106
"POLYGON ((5032202.698657188 2330577.8987369468, 5032203.268933622 2329657.0351002263, 5033123.370432421 2329657.6127019725, 5033122.783861644 2330578.4770142916, 5032202.698657188 2330577.8987369468))",215198,1,2,0.6520833492279052,77.80528259277344,3.627284622192383,1.0100000381469727,1075.0,55.77973556518555,3552.0,33,POMCA_285,3,Orinoco,37,Arauca,3701,Río Chítaga,248904.0,1.18024577095308e-06,-0.4834711282198113,0.15536874370957016,-0.13158666916196265,-0.12108492168458934,-0.4686399746183212,0.1701751971014897
"POLYGON ((5029443.489129332 2328734.5385215315, 5029444.009285242 2327813.6774448985, 5030364.141374735 2327814.204996198, 5030363.604963342 2328735.0666914238, 5029443.489129332 2328734.5385215315))",216798,1,1,0.484166669845581,77.77777099609375,3.660807800292969,0.9600000381469728,988.0,59.84124374389648,3879.0,334,POMCA_129,2,Magdalena Cauca,24,Sogamoso,2403,Río Chicamocha,332107.0,1.1802099021057985e-06,-0.4834711282198113,0.05111213717826235,-0.14960513730649305,-0.1243626578421754,-0.46868049401517786,0.06596116134876395
"POLYGON ((5034964.193927426 2328737.9513222207, 5034964.8116171155 2327817.086248515, 5035884.947757717 2327817.711198567, 5035884.3138121795 2328738.5770050716, 5034964.193927426 2328737.9513222207))",216804,1,1,0.5800000190734863,77.94612884521484,3.692744827270508,0.9899999618530272,1097.0,64.31795501708984,3863.0,33,POMCA_285,3,Orinoco,37,Arauca,3701,Río Chítaga,248904.0,1.1801993535577475e-06,-0.4834711282198113,-0.22042580618770663,-0.14960513730649305,-0.12780021106241257,-0.46869241022763336,-0.20564177676678688
"POLYGON ((5034964.8116171155 2327817.086248515, 5034965.428571808 2326896.2214976954, 5035885.5809489135 2326896.8457148946, 5035884.947757717 2327817.711198567, 5034964.8116171155 2327817.086248515))",217611,1,2,0.5349999904632569,78.06122589111328,3.8198055267333983,0.9800000190734864,1170.0,62.98954772949219,3853.0,33,POMCA_285,3,Orinoco,37,Arauca,3701,Río Chítaga,248904.0,1.1801789308897577e-06,-0.4834711282198113,-0.25523333256276515,-0.13158666916196265,-0.1336889797943916,-0.4687154807819408,-0.24046316959971625
"POLYGON ((5035884.947757717 2327817.711198567, 5035885.5809489135 2326896.8457148946, 5036805.734067842 2326897.486146403, 5036805.0846400745 2327818.3523819637, 5035884.947757717 2327817.711198567))",217612,1,2,0.5758333206176758,78.40135955810547,3.866131210327148,0.9800000190734864,1287.0,64.71923828125,3819.0,33,POMCA_285,3,Orinoco,37,Arauca,3701,Río Chítaga,248904.0,1.1801769994352725e-06,-0.4834711282198113,-0.3914227049842087,-0.13158666916196265,-0.13907412746641193,-0.468717662657767,-0.3766495686191568
"POLYGON ((5034045.876920087 2325974.7497802936, 5034046.476206996 2325053.8863880257, 5034966.660276152 2325054.4929631953, 5034966.044791492 2325975.3570693815, 5034045.876920087 2325974.7497802936))",219227,1,1,0.5929166793823242,78.08333587646484,3.875672149658203,1.0,1038.0,59.68873977661133,3863.0,334,POMCA_129,2,Magdalena Cauca,24,Sogamoso,2403,Río Chicamocha,332107.0,1.1801400426776176e-06,-0.4834711282198113,0.2662708948386604,-0.14960513730649305,-0.12318220776545892,-0.4687594110172335,0.2808072789581148
"POLYGON ((5032207.806774086 2322290.1376311663, 5032208.370957598 2321369.2768949363, 5033128.618235041 2321369.848414113, 5033128.037931278 2322290.7098263768, 5032207.806774086 2322290.1376311663))",222507,4,5,0.8583333015441894,78.07807159423828,3.5632816314697267,1.1100000381469726,1189.0,65.0770492553711,3306.8,334,POMCA_129,2,Magdalena Cauca,24,Sogamoso,2403,Río Chicamocha,332107.0,4.7202496741672065e-06,3.5166768969321986,0.3808815770285029,-0.07753126472837145,-0.10726921227796052,3.5303405865093,0.39527226620697864
"POLYGON ((5034968.50231988 2322291.902573613, 5034969.114864331 2321371.039752148, 5035889.36425424 2321371.659571132, 5035888.735589351 2322292.5231257635, 5034968.50231988 2322291.902573613))",222510,2,2,0.6541666507720947,78.4313735961914,3.752776336669922,1.0200000762939454,1119.0,60.9790153503418,3625.0,334,POMCA_129,2,Magdalena Cauca,24,Sogamoso,2403,Río Chicamocha,332107.0,2.3601138414222914e-06,0.8499115468308588,1.0175479786807744,-0.13158666916196265,-0.10529224267800263,0.8642030412375667,1.031806613550502
"POLYGON ((5032208.370957598 2321369.2768949363, 5032208.934464063 2320448.4164790884, 5033129.197842412 2320448.9873221824, 5033128.618235041 2321369.848414113, 5032208.370957598 2321369.2768949363))",223329,2,5,0.9241666793823242,78.21637725830078,3.322330856323242,1.1399999618530274,1075.0,62.04774475097656,3197.0,334,POMCA_129,2,Magdalena Cauca,24,Sogamoso,2403,Río Chicamocha,332107.0,2.3600843424617988e-06,0.8499115468308588,1.2838439998348665,-0.07753126472837145,-0.11132028472426203,0.8641697176105853,1.2980304053342298
"POLYGON ((5032208.934464063 2320448.4164790884, 5032209.497293468 2319527.556383242, 5033129.776753377 2319528.126550206, 5033129.197842412 2320448.9873221824, 5032208.934464063 2320448.4164790884))",224137,1,2,0.9737500190734864,79.05797576904297,3.234227752685547,1.15,1155.0,69.90380096435547,3102.0,334,POMCA_129,2,Magdalena Cauca,24,Sogamoso,2403,Río Chicamocha,332107.0,1.180021948946748e-06,-0.4834711282198113,1.6000665403118557,-0.13158666916196265,-0.08596967897789373,-0.4688928161057731,1.6141626869325627
"POLYGON ((5039571.753225614 2319532.567452398, 5039572.443877468 2318611.7017333955, 5040492.745415091 2318612.399567865, 5040492.038700488 2319533.2661154326, 5039571.753225614 2319532.567452398))",224967,1,1,0.8341666221618652,78.28746032714844,3.704011154174805,1.0899999618530274,1134.0,55.26339721679688,3374.0,33,POMCA_285,3,Orinoco,37,Arauca,3701,Río Chítaga,248904.0,1.1799860993855057e-06,-0.4834711282198113,-0.4834711282198113,-0.14960513730649305,-0.14960513730649305,-0.4689333137160731,-0.46895994544763414
"POLYGON ((5040492.038700488 2319533.2661154326, 5040492.745415091 2318612.399567865, 5041413.047790319 2318613.1134456075, 5041412.325012893 2319533.9808407896, 5040492.038700488 2319533.2661154326))",224968,1,1,0.8841666221618653,78.63636779785156,3.528026580810547,1.1,1173.0,55.01519012451172,3366.0,33,POMCA_285,3,Orinoco,37,Arauca,3701,Río Chítaga,248904.0,1.1799839199632212e-06,-0.4834711282198113,-0.4834711282198113,-0.14960513730649305,-0.14960513730649308,-0.468935775709785,-0.46894931298724923
"POLYGON ((5038652.143158415 2318611.019942126, 5038652.816935087 2317690.1553515205, 5039573.133697469 2317690.8363332157, 5039572.443877468 2318611.7017333955, 5038652.143158415 2318611.019942126))",225778,1,1,0.7754166603088379,79.28571319580078,3.652260589599609,1.05,1059.0,46.47834777832031,3408.0,33,POMCA_285,3,Orinoco,37,Arauca,3701,Río Chítaga,248904.0,1.179968056800031e-06,-0.4834711282198113,-0.4834711282198114,-0.14960513730649305,-0.14960513730649308,-0.4689536955999801,-0.4689755108817245
"POLYGON ((5027609.553391644 2316762.3773879637, 5027610.033492671 2315841.521664166, 5028530.3739435505 2315842.0091990866, 5028529.877838625 2316762.8655039473, 5027609.553391644 2316762.3773879637))",227408,1,1,0.5491666793823242,82.09219360351562,3.260181427001953,0.940000057220459,966.0,46.40361404418945,3824.0,334,POMCA_129,2,Magdalena Cauca,24,Sogamoso,2403,Río Chicamocha,332107.0,1.1799494834262282e-06,-0.4834711282198113,-0.4834711282198113,-0.14960513730649305,-0.14960513730649305,-0.46897467709119384,-0.46902005422614185
"POLYGON ((5037733.814059603 2315847.763749033, 5037734.469413462 2314926.9009034866, 5038654.833389939 2314927.563489195, 5038654.162050862 2315848.4271254335, 5037733.814059603 2315847.763749033))",228243,1,1,0.974583339691162,79.02046966552734,3.2853557586669924,1.1399999618530274,963.0,50.159423828125,3197.0,334,POMCA_129,2,Magdalena Cauca,24,Sogamoso,2403,Río Chicamocha,332107.0,1.1799097699858044e-06,-0.4834711282198113,-0.48347112821981136,-0.14960513730649305,-0.14960513730649305,-0.4690195395491494,-0.4690143936156566
"POLYGON ((5027610.513013318 2314920.666258693, 5027610.991953574 2313999.811171165, 5028531.364354209 2314000.2975438386, 5028530.869448748 2314921.1532125105, 5027610.513013318 2314920.666258693))",229043,1,1,0.6483333110809326,80.61224365234375,3.21455078125,0.9800000190734864,1056.0,47.46261596679688,3758.0,334,POMCA_129,2,Magdalena Cauca,24,Sogamoso,2403,Río Chicamocha,332107.0,1.1799093143800483e-06,-0.4834711282198113,-0.4834711282198113,-0.14960513730649305,-0.14960513730649305,-0.46902005422614185,-0.46897467709119384
"POLYGON ((5037734.469413462 2314926.9009034866, 5037735.12397411 2314006.038375361, 5038655.503916456 2314006.700170321, 5038654.833389939 2314927.563489195, 5037734.469413462 2314926.9009034866))",229054,1,1,0.9820833206176758,79.16667175292969,3.326603317260742,1.1399999618530274,943.0,50.40282440185547,3121.0,334,POMCA_129,2,Magdalena Cauca,24,Sogamoso,2403,Río Chicamocha,332107.0,1.1798896976133208e-06,-0.4834711282198113,-0.4834711282198113,-0.14960513730649305,-0.14960513730649305,-0.46904221439063887,-0.4690250325655041
"POLYGON ((5037735.12397411 2314006.038375361, 5037735.777741534 2313085.176164276, 5038656.173630402 2313085.8371684323, 5038655.503916456 2314006.700170321, 5037735.12397411 2314006.038375361))",229861,1,1,0.9795833587646484,79.572265625,3.2295387268066404,1.1300000190734862,927.0,46.61591720581055,3133.0,334,POMCA_129,2,Magdalena Cauca,24,Sogamoso,2403,Río Chicamocha,332107.0,1.179869650252308e-06,-0.4834711282198113,-0.4834711282198113,-0.14960513730649305,-0.14960513730649305,-0.46906486097781336,-0.46902529475341037
"POLYGON ((4702584.695112793 2309294.1893781833, 4702574.4571061265 2307450.510456336, 4703495.939599039 2307445.4076153943, 4703506.145793516 2309289.0742195104, 4702584.695112793 2309294.1893781833))",235047,1,1,1.0512499809265137,87.63157653808594,2.9933643341064453,0.95,2265.0,51.019344329833984,3158.0,66,POMCA_157,2,Magdalena Cauca,26,Cauca,2620,Directos Río Cauca  entre Río San Juan y  Pto Valdivia (md),185726.0,5.886040120049404e-07,-0.4834711282198113,-0.4834711282198113,-0.14960513730649305,-0.11356820101743226,-1.1369906199486273,-0.47220029393787827
"POLYGON ((5026693.845239994 2307553.3679392566, 5026694.303726417 2306632.51594403, 5027614.802580423 2306632.981871422, 5027614.328283633 2307553.834429054, 5026693.845239994 2307553.3679392566))",235607,1,1,0.8175000190734864,80.99999237060547,2.911576271057129,1.0,1006.0,46.968299865722656,3510.0,334,POMCA_129,2,Magdalena Cauca,24,Sogamoso,2403,Río Chicamocha,332107.0,1.1797511248371517e-06,-0.4834711282198113,0.0,-0.14960513730649305,0.0,-0.46919875372035497,0.0
"POLYGON ((5040501.855240784 2306641.1633191234, 5040502.550037338 2305720.301199781, 5041423.075260542 2305721.003204643, 5041422.364672048 2306641.8661724348, 5040501.855240784 2306641.1633191234))",236458,2,23,0.9179166793823242,79.1284408569336,3.1941585540771484,1.0899999618530274,978.0,50.2369384765625,3319.608695652174,334,POMCA_129,2,Magdalena Cauca,24,Sogamoso,2403,Río Chicamocha,332107.0,2.3594075605083702e-06,0.8499115468308588,2.1832942218815288,0.24680116187317577,0.3549119707403582,0.8634051879801447,2.1960550569461548
"POLYGON ((5041422.364672048 2306641.8661724348, 5041423.075260542 2305721.003204643, 5042343.601341444 2305721.720986028, 5042342.874960934 2306642.5848213374, 5041422.364672048 2306641.8661724348))",236459,3,29,0.8095833778381347,79.08654022216797,3.4473861694335937,1.0399999618530271,996.0,52.57000350952149,3452.6206896551726,334,POMCA_129,2,Magdalena Cauca,24,Sogamoso,2403,Río Chicamocha,332107.0,3.5391046522159676e-06,2.1832942218815288,0.8499115468308588,0.3549119707403582,0.24680116187317577,2.1960550569461548,0.8634051879801447
"POLYGON ((4698883.292152415 2306549.2167115645, 4698878.1253657555 2305627.35303297, 4699799.664378395 2305622.1991383084, 4699804.815305425 2306544.056580283, 4698883.292152415 2306549.2167115645))",236937,1,3,1.069166660308838,88.46153259277344,2.991148567199707,0.9100000381469725,2267.0,59.41794967651367,3186.0,66,POMCA_157,2,Magdalena Cauca,26,Cauca,2620,Directos Río Cauca  entre Río San Juan y  Pto Valdivia (md),185726.0,1.1770940816424505e-06,-0.4834711282198113,-0.4834711282198113,-0.11356820101743226,-0.14960513730649305,-0.47220029393787827,-1.1369906199486273
"POLYGON ((5067200.500749124 2303905.276925702, 5067201.649310459 2302984.3833920006, 5068122.25441443 2302985.5387478448, 5068121.090116375 2303906.433683292, 5067200.500749124 2303905.276925702))",238942,1,1,0.9516666412353516,76.0726089477539,3.492416381835937,1.009999942779541,1935.0,74.43798065185547,3071.0,36,POMCA_287,3,Orinoco,37,Arauca,3703,Río Cobugón - Río Cobaría,197911.0,1.1795596140437123e-06,-0.4834711282198113,0.0,-0.14960513730649305,0.0,-0.4694150947078649,0.0
"POLYGON ((4704356.892308726 2296378.415323729, 4704351.889119974 2295456.5914651877, 4705273.564206086 2295451.5999928415, 4705278.55175242 2296373.417725102, 4704356.892308726 2296378.415323729))",245756,1,1,1.0050000190734862,87.13768005371094,2.97718563079834,0.9199999809265136,2163.0,63.7730827331543,3243.0,343,POMCA_177,2,Magdalena Cauca,27,Nechí,2701,Río Porce,126900.0,1.1769732239716987e-06,-0.4834711282198113,-0.4834711282198113,-0.14960513730649305,-0.13911498160847025,-0.4723368213229359,-0.4723981249263458
"POLYGON ((5041430.834261741 2295591.5311600156, 5041431.534400372 2294670.6719280197, 5042352.248475967 2294671.3792945067, 5042351.532777556 2295592.23939474, 5041430.834261741 2295591.5311600156))",246095,1,1,0.9037500381469726,79.44444274902344,3.1051639556884765,1.05,992.0,45.51924514770508,3342.0,334,POMCA_129,2,Magdalena Cauca,24,Sogamoso,2403,Río Chicamocha,332107.0,1.1794653296369089e-06,-0.4834711282198113,0.8499115468308588,-0.14960513730649305,0.08463494857240215,-0.4695216034915649,0.8628223465348023
"POLYGON ((4703430.207898751 2295461.5985680195, 4703425.195309685 2294539.7688061576, 4704346.892154399 2294534.7678492116, 4704351.889119974 2295456.5914651877, 4703430.207898751 2295461.5985680195))",246547,1,2,1.1091666221618652,87.68115997314453,3.0735919952392576,0.9200000762939452,2228.0,46.18869018554688,3170.0,343,POMCA_177,2,Magdalena Cauca,27,Nechí,2701,Río Porce,126900.0,1.176937772257664e-06,-0.4834711282198113,-0.4834711282198113,-0.13158666916196265,-0.14387646098355888,-0.47237686950343505,-0.47239894508979324
"POLYGON ((5041431.534400372 2294670.6719280197, 5041432.23366809 2293749.813004876, 5042352.963284109 2293750.519503066, 5042352.248475967 2294671.3792945067, 5041431.534400372 2294670.6719280197))",246885,2,14,0.9020833015441896,79.12698364257812,3.1076028823852537,1.05,970.0,44.82284164428711,3432.5,334,POMCA_129,2,Magdalena Cauca,24,Sogamoso,2403,Río Chicamocha,332107.0,2.3588916137664623e-06,0.8499115468308588,-0.4834711282198113,0.08463494857240215,-0.14960513730649305,0.8628223465348023,-0.4695216034915649
"POLYGON ((4702503.492310147 2294544.7853749343, 4702498.470359249 2293622.949689425, 4703420.188963351 2293617.9392861417, 4703425.195309685 2294539.7688061576, 4702503.492310147 2294544.7853749343))",247334,1,1,1.2475000381469727,87.99282836914062,3.407878112792969,0.9300000190734864,2199.0,49.68491363525391,2957.0,343,POMCA_177,2,Magdalena Cauca,27,Nechí,2701,Río Porce,126900.0,1.1769022956585227e-06,-0.4834711282198113,-0.4834711282198113,-0.14960513730649305,-0.13559589677990086,-0.4724169457955013,-0.4724004807510984
"POLYGON ((4699733.277422995 2293638.074460446, 4699728.214975879 2292716.220403188, 4700649.967747839 2292711.1694422667, 4700655.014608255 2293633.017276046, 4699733.277422995 2293638.074460446))",248124,1,3,1.0954166412353517,88.00366973876953,3.026086044311524,0.909999942779541,2060.0,64.52094268798828,3125.0,343,POMCA_177,2,Magdalena Cauca,27,Nechí,2701,Río Porce,126900.0,1.1768346778380296e-06,-0.4834711282198113,-0.4834711282198113,-0.11356820101743226,-0.14152486288416388,-0.47249333055583786,-0.47240610300035035
"POLYGON ((4704341.9014121005 2293612.944475503, 4704336.91689318 2292691.1213437645, 4705258.638789817 2292686.148252788, 4705263.607724684 2293607.965256983, 4704341.9014121005 2293612.944475503))",248129,1,1,1.0699999809265135,87.9120864868164,3.1261363983154298,0.9100000381469726,2120.0,56.83527755737305,3174.0,343,POMCA_177,2,Magdalena Cauca,27,Nechí,2701,Río Porce,126900.0,1.1769145986233558e-06,-0.4834711282198113,-0.4834711282198112,-0.14960513730649305,-0.13395474219639733,-0.47240304769861863,-0.4724074055840016
"POLYGON ((4704336.91689318 2292691.1213437645, 4704331.938597737 2291769.2984536975, 4705253.676058971 2291764.331490685, 4705258.638789817 2292686.148252788, 4704336.91689318 2292691.1213437645))",248923,1,2,1.1341666221618651,87.68115234375,3.1754274368286133,0.9200000762939452,2250.0,51.77116775512695,2957.0,343,POMCA_177,2,Magdalena Cauca,27,Nechí,2701,Río Porce,126900.0,1.1768951068751398e-06,-0.4834711282198113,-0.48347112821981125,-0.13158666916196265,-0.13936019377829173,-0.4724250666354191,-0.4724023990917204
"POLYGON ((5065373.741141326 2291931.4544902868, 5065374.840366136 2291010.5677069533, 5066295.645518338 2291011.6738835056, 5066294.53080869 2291932.5620316565, 5065373.741141326 2291931.4544902868))",249291,1,1,0.4041666507720947,74.62120819091797,4.635992050170898,0.8800000190734864,974.0,66.06713104248047,4141.0,36,POMCA_287,3,Orinoco,37,Arauca,3703,Río Cobugón - Río Cobaría,197911.0,1.1793120109209667e-06,-0.4834711282198113,-0.4834711282198113,-0.14960513730649305,-0.09554973287290185,-0.46969480063526103,-0.46977450811388616
"POLYGON ((4707097.132646522 2291754.4442238, 4707092.207208516 2290832.639902696, 4708013.941916776 2290827.725668601, 4708018.851811205 2291749.523918883, 4707097.132646522 2291754.4442238))",249722,1,1,1.0708333015441895,88.58695983886719,2.9835405349731445,0.9199999809265136,2244.0,63.84630584716797,3197.0,343,POMCA_177,2,Magdalena Cauca,27,Nechí,2701,Río Porce,126900.0,1.176923002162288e-06,-0.4834711282198113,-0.4834711282198113,-0.14960513730649305,-0.11210943668643167,-0.4723935546048952,-0.47241524127688184
"POLYGON ((4707092.207208516 2290832.639902696, 4707087.287935823 2289910.835823921, 4708009.038168207 2289905.927661064, 4708013.941916776 2290827.725668601, 4707092.207208516 2290832.639902696))",250521,1,4,1.1354166984558105,88.44086456298828,3.1583824157714844,0.9299999237060548,2283.0,51.66022872924805,3108.5,343,POMCA_177,2,Magdalena Cauca,27,Nechí,2701,Río Porce,126900.0,1.1769035612701137e-06,-0.4834711282198113,-0.48347112821981125,-0.09554973287290185,-0.14630215608698321,-0.4724155160919504,-0.472400809960935
"POLYGON ((5061694.737197137 2288243.655024736, 5061695.769296295 2287322.7747304128, 5062616.6308862 2287323.813858083, 5062615.583380094 2288244.6954412092, 5061694.737197137 2288243.655024736))",252500,1,2,0.5208333492279053,77.77777862548828,4.44580192565918,0.9,901.0,57.76736068725586,3897.0,63,POMCA_128,2,Magdalena Cauca,24,Sogamoso,2403,Río Chicamocha,409848.0,1.179248241538011e-06,-0.4834711282198113,-0.4834711282198113,-0.13158666916196265,-0.08499483138126651,-0.46976683799166147,-0.46978060514421605
"POLYGON ((5063536.430861307 2288245.751273781, 5063537.493774472 2287324.8683827547, 5064458.357980209 2287325.9383045402, 5064457.279659875 2288246.8225225625, 5063536.430861307 2288245.751273781))",252502,1,4,0.3825000047683716,77.58621215820312,4.382299041748047,0.8699999809265136,867.0,61.30817794799805,4125.0,63,POMCA_128,2,Magdalena Cauca,24,Sogamoso,2403,Río Chicamocha,409848.0,1.1792414517419121e-06,-0.4834711282198113,-0.4834711282198113,-0.09554973287290185,-0.11902238341996169,-0.46977450811388616,-0.4697568451212363
"POLYGON ((5060774.908985662 2287321.7509996356, 5060775.924400428 2286400.872279325, 5061696.800098541 2286401.894740309, 5061695.769296295 2287322.7747304128, 5060774.908985662 2287321.7509996356))",253304,1,5,0.6358333587646484,78.36878967285156,4.284396743774414,0.940000057220459,870.0,55.588905334472656,3704.0,63,POMCA_128,2,Magdalena Cauca,24,Sogamoso,2403,Río Chicamocha,409848.0,1.1792322379906192e-06,-0.4834711282198113,-0.4834711282198113,-0.07753126472837145,-0.12045059023277013,-0.46978491646747067,-0.469769208201099
"POLYGON ((5050647.21579291 2285469.77440512, 5050648.059822851 2284548.909001331, 5051568.953422932 2284549.7601936515, 5051568.094045318 2285470.6266573123, 5050647.21579291 2285469.77440512))",254898,2,8,0.9266666412353516,78.84615325927734,3.298300933837891,1.0399999618530271,1019.0,59.176902770996094,3357.0,63,POMCA_128,2,Magdalena Cauca,24,Sogamoso,2403,Río Chicamocha,409848.0,2.3584538438540755e-06,0.8499115468308588,0.8499115468308588,-0.02347586029478025,-0.13158666916196265,0.8623278178795396,0.8622780581017578
"POLYGON ((5051568.953422932 2284549.7601936515, 5051569.811716534 2283628.894033952, 5052490.721714511 2283629.7594857323, 5052489.848092504 2284550.626724475, 5051568.953422932 2284549.7601936515))",255702,2,2,1.1487500190734865,77.66393280029297,2.962838363647461,1.2199999809265136,991.0,41.815162658691406,2935.0,63,POMCA_128,2,Magdalena Cauca,24,Sogamoso,2403,Río Chicamocha,409848.0,2.3584097951759493e-06,0.8499115468308588,0.8499115468308588,-0.13158666916196265,-0.02347586029478025,0.8622780581017578,0.8623278178795396
"POLYGON ((5073673.215462786 2282732.9962348198, 5073674.438569362 2281812.0995087465, 5074595.410572085 2281813.3295819843, 5074594.172173175 2282734.227845749, 5073673.215462786 2282732.9962348198))",257327,2,2,0.43125,78.9426498413086,4.528319931030273,0.9300000190734864,984.0,71.39276123046875,3890.0,57,POMCA_288,3,Orinoco,37,Arauca,3704,Río Bojabá,113532.0,2.358169978046333e-06,0.8499115468308588,0.18592700635220774,-0.13158666916196265,-0.012579570080853112,0.8620071476548258,0.07949840116035686
"POLYGON ((5073674.438569362 2281812.0995087465, 5073675.660127189 2280891.2030833988, 5074596.647402882 2280892.4316188414, 5074595.410572085 2281813.3295819843, 5073674.438569362 2281812.0995087465))",258137,2,19,0.4020833492279053,78.7137680053711,4.443884658813476,0.9200000762939451,1028.0,73.30219268798828,4056.842105263158,57,POMCA_288,3,Orinoco,37,Arauca,3704,Río Bojabá,113532.0,2.358131627377995e-06,0.8499115468308588,-0.0254942861855255,0.17472728929505416,-0.14218630819201072,0.8619638246581902,-0.10342529214238975
"POLYGON ((5074595.410572085 2281813.3295819843, 5074596.647402882 2280892.4316188414, 5075517.636226125 2280893.6754191327, 5075516.384122228 2281814.5749391783, 5074595.410572085 2281813.3295819843))",258138,1,1,0.3708333253860473,78.70370483398438,4.368447494506836,0.9,971.0,79.39153289794922,4152.0,57,POMCA_288,3,Orinoco,37,Arauca,3704,Río Bojabá,113532.0,1.1790617989015414e-06,-0.4834711282198113,0.4218287072700927,-0.14960513730649305,-0.027197276329098567,-0.4699774537139578,0.33820515396835005
"POLYGON ((5073675.660127189 2280891.2030833988, 5073676.880136242 2279970.3069584, 5074597.882665541 2279971.5339559442, 5074596.647402882 2280892.4316188414, 5073675.660127189 2280891.2030833988))",258936,1,1,0.3820833206176758,78.66300964355469,4.350852584838867,0.909999942779541,1002.0,75.40353393554688,4081.0,57,POMCA_288,3,Orinoco,37,Arauca,3704,Río Bojabá,113532.0,1.1790466632924104e-06,-0.4834711282198113,0.2664719397701034,-0.14960513730649305,-0.0408251239312679,-0.4699945517195958,0.1631836924734567
"POLYGON ((5069992.885113647 2279965.551423063, 5069994.042638204 2279044.661558949, 5071836.067636402 2279047.005893666, 5071834.879644246 2279967.8987000166, 5069992.885113647 2279965.551423063))",259736,2,3,0.2316666603088379,78.9772720336914,3.979111862182618,0.8799999237060548,937.0,59.56524658203125,4503.0,63,POMCA_128,2,Magdalena Cauca,24,Sogamoso,2403,Río Chicamocha,409848.0,1.1790411875749237e-06,0.8499115468308588,-0.146057871386171,-0.11356820101743226,-0.10369419677008615,-0.47000073738729176,-0.13298101662792083
"POLYGON ((4654462.077315397 2278227.917345137, 4654456.374124544 2277305.7384709762, 4655378.717341902 2277300.045518346, 4655384.405249325 2278222.2172197094, 4654462.077315397 2278227.917345137))",261720,1,3,1.2600000381469727,88.58695220947266,2.91547565460205,0.9200000762939452,2375.0,35.5507698059082,2931.0,183,POMCA_007,1,Caribe,11,Atrato - Darién,1107,Río Murrí,347188.0,1.1756579737210018e-06,-0.4834711282198113,-0.16518976907995295,-0.11356820101743226,-0.06740241283854775,-0.4738225993981464,-0.15691855845743521
"POLYGON ((5071838.439090412 2277205.221179986, 5071839.622552219 2276284.329271904, 5072760.6828632485 2276285.519778621, 5072759.484225549 2277206.4131867867, 5071838.439090412 2277205.221179986))",262154,1,1,0.4095833301544189,79.72222137451172,4.261126708984375,0.9,885.0,60.01830291748047,4106.0,63,POMCA_128,2,Magdalena Cauca,24,Sogamoso,2403,Río Chicamocha,409848.0,1.1789781926301158e-06,-0.4834711282198113,0.13366576313875725,-0.14960513730649305,-0.11735393178089973,-0.4700718998963238,0.04853983796726071
"POLYGON ((5073680.530870523 2277207.620381738, 5073681.744684242 2276286.7254543747, 5074602.80803432 2276287.946299293, 5074601.579044454 2277208.842764967, 5073680.530870523 2277207.620381738))",262156,1,1,0.221666669845581,80.6513442993164,3.9962100982666016,0.8699999809265136,840.0,64.84716033935547,4477.0,63,POMCA_128,2,Magdalena Cauca,24,Sogamoso,2403,Río Chicamocha,409848.0,1.178970311042774e-06,-0.4834711282198113,-0.03670838654972411,-0.14960513730649305,-0.12322023056016879,-0.4700808033651992,-0.08546560879997339
"POLYGON ((5073681.744684242 2276286.7254543747, 5073682.956949067 2275365.8308254797, 5074604.035455927 2275367.050131984, 5074602.80803432 2276287.946299293, 5073681.744684242 2276286.7254543747))",262971,1,1,0.1633333444595336,80.6513442993164,3.79792594909668,0.8699999809265136,824.0,68.94662475585938,4614.0,63,POMCA_128,2,Magdalena Cauca,24,Sogamoso,2403,Río Chicamocha,409848.0,1.1789512853036794e-06,-0.4834711282198113,-0.007070603456928084,-0.14960513730649305,-0.13530773276627944,-0.470102295872801,-0.036740750726597396
"POLYGON ((5071840.804503862 2275363.4376624925, 5071841.984945318 2274442.5463513746, 5072763.075550038 2274443.7338576224, 5072761.879971419 2275364.626669025, 5071840.804503862 2275363.4376624925))",263788,1,1,0.3291666746139526,81.06060791015625,4.279088973999023,0.8800000190734864,960.0,58.62218475341797,4311.0,63,POMCA_128,2,Magdalena Cauca,24,Sogamoso,2403,Río Chicamocha,409848.0,1.1789401663489255e-06,-0.4834711282198113,0.34857395053356016,-0.14960513730649305,-0.1251336353995564,-0.4701148564476298,0.3211565875018745
"POLYGON ((5072761.879971419 2275364.626669025, 5072763.075550038 2274443.7338576224, 5073684.167664974 2274444.9364946773, 5073682.956949067 2275365.8308254797, 5072761.879971419 2275364.626669025))",263789,2,2,0.2666666746139526,80.33708190917969,4.14692268371582,0.8899999618530273,847.0,64.18192291259766,4243.0,63,POMCA_128,2,Magdalena Cauca,24,Sogamoso,2403,Río Chicamocha,409848.0,2.357872500407472e-06,0.8499115468308588,-0.10029180478547385,-0.13158666916196265,-0.13503875807259447,0.8616711007668281,-0.08742207309145726
"POLYGON ((5073682.956949067 2275365.8308254797, 5073684.167664974 2274444.9364946773, 5074605.26130925 2274446.1542626647, 5074604.035455927 2275367.050131984, 5073682.956949067 2275365.8308254797))",263790,1,2,0.2104166746139526,80.55555725097656,4.075750732421875,0.8699999809265136,817.0,68.72728729248047,4443.5,63,POMCA_128,2,Magdalena Cauca,24,Sogamoso,2403,Río Chicamocha,409848.0,1.1789322844910994e-06,-0.4834711282198113,0.06774069210862552,-0.13158666916196265,-0.13651290494169926,-0.47012376022205893,0.08040753823404567
"POLYGON ((5070920.895831698 2274441.3739758083, 5070922.05964527 2273520.4844438746, 5071843.163876563 2273521.6553381737, 5071841.984945318 2274442.5463513746, 5070920.895831698 2274441.3739758083))",264616,4,9,0.421666669845581,80.89888000488281,4.35542106628418,0.8899999618530274,978.0,59.62736129760742,4102.555555555556,63,POMCA_128,2,Magdalena Cauca,24,Sogamoso,2403,Río Chicamocha,409848.0,4.715700228998067e-06,3.5166768969321986,-0.15512649726576744,-0.005457392150249848,-0.1418049406241511,3.525201286301528,-0.1422034365776993
"POLYGON ((5072763.075550038 2274443.7338576224, 5072764.26959908 2273522.8413440376, 5073685.3768319385 2273524.04246159, 5073684.167664974 2274444.9364946773, 5072763.075550038 2274443.7338576224))",264618,1,1,0.3966666698455811,80.1851806640625,4.381435012817383,0.9,880.0,60.48328399658203,4063.0,63,POMCA_128,2,Magdalena Cauca,24,Sogamoso,2403,Río Chicamocha,409848.0,1.178917274382015e-06,-0.4834711282198113,0.1578371567054741,-0.14960513730649305,-0.13126842299104055,-0.470140716456032,0.17038687101847794
"POLYGON ((4659051.181495336 2274510.998143708, 4659045.58343458 2273588.8557989136, 4659967.951947611 2273583.2675321894, 4659973.534805907 2274505.402798503, 4659051.181495336 2274510.998143708))",264989,1,6,0.9087499618530274,88.1086196899414,2.6035369873046874,0.8899999618530273,1912.0,52.06878662109375,3556.3333333333335,65,POMCA_158,2,Magdalena Cauca,26,Cauca,2621,Directos Río Cauca entre Río San Juan y Pto Valdivia (mi),245522.0,1.1756738268036487e-06,-0.4834711282198113,-0.14962167655906727,-0.05951279658384105,0.5209060536088908,-0.4738046908954802,-0.14140226448486815
"POLYGON ((5068158.755707506 2273517.062429135, 5068159.87273602 2272596.17752423, 5069080.987706322 2272597.3016605596, 5069079.855579864 2273518.187989476, 5068158.755707506 2273517.062429135))",265421,1,1,0.696666669845581,80.38194274902344,4.350200271606445,0.9600000381469728,899.0,55.58113098144531,3546.0,63,POMCA_128,2,Magdalena Cauca,24,Sogamoso,2403,Río Chicamocha,409848.0,1.1789174092489406e-06,-0.4834711282198113,0.5638878029980584,-0.14960513730649305,-0.1169667596912592,-0.4701405641030323,0.5759189873433157
"POLYGON ((5071843.163876563 2273521.6553381737, 5071844.341297574 2272600.764622514, 5072765.462118521 2272601.949127893, 5072764.26959908 2273522.8413440376, 5071843.163876563 2273521.6553381737))",265425,1,1,0.4991666793823242,80.40292358398438,4.461111450195313,0.9100000381469726,911.0,55.48794555664063,3886.0,63,POMCA_128,2,Magdalena Cauca,24,Sogamoso,2403,Río Chicamocha,409848.0,1.178902239761828e-06,-0.4834711282198113,0.3473282499909141,-0.14960513730649305,-0.12422011506929058,-0.4701577003790772,0.3596356116734661
"POLYGON ((5073685.3768319385 2273524.04246159, 5073686.584449937 2272603.148725843, 5074607.708310947 2272604.3634164897, 5074606.485594265 2273525.2586909584, 5073685.3768319385 2273524.04246159))",265427,1,1,0.3837500095367431,79.86891174316406,4.296536636352539,0.8900000572204589,852.0,59.02666473388672,4167.0,63,POMCA_128,2,Magdalena Cauca,24,Sogamoso,2403,Río Chicamocha,409848.0,1.178894357631885e-06,-0.4834711282198113,0.10245265856949842,-0.14960513730649305,-0.13262414698071162,-0.4701666044609044,0.11504930058733726
"POLYGON ((4653511.222790314 2273622.7045527133, 4653505.540799326 2272700.51954375, 4654427.96732833 2272694.847281795, 4654433.634132781 2273617.025096308, 4653511.222790314 2273622.7045527133))",265788,1,3,0.7145833492279051,88.60153198242188,2.4905122756958007,0.8700000762939452,2145.0,43.09438705444336,3836.3333333333335,183,POMCA_007,1,Caribe,11,Atrato - Darién,1107,Río Murrí,347188.0,1.1755442545877306e-06,-0.4834711282198113,-0.19559496682500555,-0.11356820101743226,0.14581149169438487,-0.47395106270378484,-0.1872138344585034
"POLYGON ((4654433.634132781 2273617.025096308, 4654427.96732833 2272694.847281795, 4655350.386670358 2272689.190200361, 4655356.038288874 2273611.360839675, 4654433.634132781 2273617.025096308))",265789,1,1,0.6770833492279053,87.54681396484375,2.472194290161133,0.8899999618530273,2096.0,48.52743148803711,3878.0,183,POMCA_007,1,Caribe,11,Atrato - Darién,1107,Río Murrí,347188.0,1.175562809631827e-06,-0.4834711282198113,-0.16695773905079533,-0.14960513730649305,0.1638532690150773,-0.4739301019188024,-0.15868815842073355
"POLYGON ((4655356.038288874 2273611.360839675, 4655350.386670358 2272689.190200361, 4656272.798844667 2272683.54829885, 4656278.435277845 2273605.7117822166, 4655356.038288874 2273611.360839675))",265790,1,1,0.6900000095367431,87.40740966796875,2.593699264526367,0.9,2093.0,52.96977233886719,3723.0,183,POMCA_007,1,Caribe,11,Atrato - Darién,1107,Río Murrí,347188.0,1.175581315392332e-06,-0.4834711282198113,-0.15377454905600482,-0.14960513730649305,0.23684800598049444,-0.47390919680723986,-0.14554866172691638
"POLYGON ((4656278.435277845 2273605.7117822166, 4656272.798844667 2272683.54829885, 4657195.203870515 2272677.9215766657, 4657200.8251189515 2273600.0779233337, 4656278.435277845 2273605.7117822166))",265791,2,18,0.7,87.40740966796875,2.593699264526367,0.8999999999999999,1880.0,51.79449081420898,3726.222222222222,183,POMCA_007,1,Caribe,11,Atrato - Darién,1107,Río Murrí,347188.0,2.3511995437292286e-06,0.8499115468308588,-0.35062732580820294,0.15670882115052376,0.3773183948812459,0.8541329666937798,-0.3416010870110322
"POLYGON ((4657200.8251189515 2273600.0779233337, 4657195.203870515 2272677.9215766657, 4658117.601767157 2272672.310033212, 4658123.207831446 2273594.4592624307, 4657200.8251189515 2273600.0779233337))",265792,1,3,0.7300000190734863,87.22221374511719,2.513598823547363,0.9,1692.0,57.0418586730957,3668.6666666666665,183,POMCA_007,1,Caribe,11,Atrato - Darién,1107,Río Murrí,347188.0,1.1756181790505865e-06,-0.4834711282198113,-0.14175510654966703,-0.11356820101743226,0.7438577998529409,-0.4738675536179095,-0.1335666062530452
"POLYGON ((5079213.35122926 2272610.663264719, 5079214.647776132 2271689.760306186, 5080135.7962964345 2271691.063902214, 5080134.484669449 2272611.9685142934, 5079213.35122926 2272610.663264719))",266233,1,3,0.2362499952316284,78.61445617675781,4.523298645019532,0.8300000190734863,839.0,67.24689483642578,4280.0,57,POMCA_288,3,Orinoco,37,Arauca,3704,Río Bojabá,113532.0,1.1788505952354274e-06,-0.4834711282198113,0.1395420143707619,-0.11356820101743226,-0.1411861420147135,-0.4702160408393737,0.15199727851272893
"POLYGON ((4653505.540799326 2272700.51954375, 4653499.866105464 2271778.334745433, 4654422.307801503 2271772.6696784077, 4654427.96732833 2272694.847281795, 4653505.540799326 2272700.51954375))",266600,1,1,0.7629166603088379,88.98467254638672,2.49962100982666,0.8700000762939453,2140.0,49.75558090209961,3654.0,183,POMCA_007,1,Caribe,11,Atrato - Darién,1107,Río Murrí,347188.0,1.1755252964295398e-06,-0.4834711282198113,-0.12024177552025725,-0.14960513730649305,0.17702614028695798,-0.47397247886832944,-0.11216824933521222
"POLYGON ((4654427.96732833 2272694.847281795, 4654422.307801503 2271772.6696784077, 4655344.742309968 2271767.019772651, 4655350.386670358 2272689.190200361, 4654427.96732833 2272694.847281795))",266601,2,14,0.6541666507720947,87.45318603515625,2.609714317321777,0.8900000572204589,1957.0,48.09080123901367,3893.0714285714284,183,POMCA_007,1,Caribe,11,Atrato - Darién,1107,Río Murrí,347188.0,2.3510877035832137e-06,0.8499115468308588,-0.3592355199263285,0.08463494857240215,0.13483036558583553,0.8540066259941379,-0.35018625585788143
"POLYGON ((4655350.386670358 2272689.190200361, 4655344.742309968 2271767.019772651, 4656267.169650116 2271761.3850275655, 4656272.798844667 2272683.54829885, 4655350.386670358 2272689.190200361))",266602,1,1,0.6987500190734863,87.87036895751953,2.523750877380371,0.9,2015.0,41.41090774536133,3704.0,183,POMCA_007,1,Caribe,11,Atrato - Darién,1107,Río Murrí,347188.0,1.1755623578696798e-06,-0.4834711282198113,-0.15600959529984623,-0.14960513730649305,0.25966114522302775,-0.4739306122538456,-0.14777891538960947
"POLYGON ((4656272.798844667 2272683.54829885, 4656267.169650116 2271761.3850275655, 4657189.589841208 2271755.7654425553, 4657195.203870515 2272677.9215766657, 4656272.798844667 2272683.54829885))",266603,1,1,0.747083330154419,88.05555725097656,2.5624773025512697,0.9,1861.0,51.59532928466797,3604.0,183,POMCA_007,1,Caribe,11,Atrato - Darién,1107,Río Murrí,347188.0,1.1755808146576521e-06,-0.4834711282198113,-0.18570950309347142,-0.14960513730649305,0.5620352813300837,-0.4739097624643142,-0.1773493415933348
"POLYGON ((4657195.203870515 2272677.9215766657, 4657189.589841208 2271755.7654425553, 4658112.0029025 2271750.161017025, 4658117.601767157 2272672.310033212, 4657195.203870515 2272677.9215766657))",266604,1,316,0.7650000095367432,87.59259033203125,2.5316183090209963,0.9000000000000001,1731.0,55.2501792907715,3611.9462025316457,183,POMCA_007,1,Caribe,11,Atrato - Darién,1107,Río Murrí,347188.0,1.1755992221583248e-06,-0.4834711282198113,-0.18778720165794804,5.526212328220583,-0.09373378026181003,-0.47388896835239186,-0.17941376002089482
"POLYGON ((5070924.382799787 2271678.706272549, 5070925.542140686 2270757.817632403, 5071846.6916088 2270758.984082309, 5071845.517208328 2271679.8742040177, 5070924.382799787 2271678.706272549))",267032,2,4,0.6520833492279052,79.94792175292969,4.469382095336914,0.959999942779541,891.0,52.493988037109375,3649.25,63,POMCA_128,2,Magdalena Cauca,24,Sogamoso,2403,Río Chicamocha,409848.0,2.357736559404529e-06,0.8499115468308588,0.22625248753035215,-0.09554973287290185,-0.13055085766978786,0.8615175344310012,0.2386581845707875
"POLYGON ((5071845.517208328 2271679.8742040177, 5071846.6916088 2270758.984082309, 5072767.842568508 2270760.1655864203, 5072766.653108339 2271681.057208813, 5071845.517208328 2271679.8742040177))",267033,2,2,0.5587500095367431,80.19712829589844,4.503155517578125,0.9300000190734864,881.0,54.47780990600586,3844.0,63,POMCA_128,2,Magdalena Cauca,24,Sogamoso,2403,Río Chicamocha,409848.0,2.3577288256988494e-06,0.8499115468308588,0.1814189725386981,-0.13158666916196265,-0.1271699742069054,0.8615087980172785,0.1938662725777156
"POLYGON ((5072766.653108339 2271681.057208813, 5072767.842568508 2270760.1655864203, 5073688.995038936 2270761.3621448614, 5073687.790518943 2271682.2552870587, 5072766.653108339 2271681.057208813))",267034,1,1,0.4612500190734863,80.31135559082031,4.349111557006836,0.909999942779541,838.0,61.22696304321289,4091.0,63,POMCA_128,2,Magdalena Cauca,24,Sogamoso,2403,Río Chicamocha,409848.0,1.1788604964346102e-06,-0.4834711282198113,0.33019115255127346,-0.14960513730649305,-0.12811567085402073,-0.4702048559073379,0.3424480456561771
"POLYGON ((5074608.929459271 2271683.4684388814, 5074610.149039214 2270762.5737577584, 5075531.304588465 2270763.800425239, 5075530.069948444 2271684.6966644097, 5074608.929459271 2271683.4684388814))",267036,2,2,0.2170833349227905,81.2745132446289,4.002603149414062,0.85,979.0,65.35476684570312,4411.0,63,POMCA_128,2,Magdalena Cauca,24,Sogamoso,2403,Río Chicamocha,409848.0,2.3577050298022256e-06,0.8499115468308588,0.044162815496680136,-0.13158666916196265,-0.13160787077572372,0.8614819168808067,0.05677117477663033
"POLYGON ((4656267.169650116 2271761.3850275655, 4656261.547694307 2270839.2219680934, 4657183.983031144 2270833.6095207324, 4657189.589841208 2271755.7654425553, 4656267.169650116 2271761.3850275655))",267410,1,1,0.7925000190734863,88.33333587646484,2.52712631225586,0.9,1842.0,52.278053283691406,3561.0,183,POMCA_007,1,Caribe,11,Atrato - Darién,1107,Río Murrí,347188.0,1.175561882437233e-06,-0.4834711282198113,-0.21885561976909634,-0.14960513730649305,0.4500401092202031,-0.4739311493281441,-0.21036234652422703
"POLYGON ((4657189.589841208 2271755.7654425553, 4657183.983031144 2270833.6095207324, 4658106.411237588 2270828.0122136, 4658112.0029025 2271750.161017025, 4657189.589841208 2271755.7654425553))",267411,1,2,0.7595833301544189,88.483154296875,2.5086959838867187,0.8899999618530273,1718.0,54.79875183105469,3607.0,183,POMCA_007,1,Caribe,11,Atrato - Darién,1107,Río Murrí,347188.0,1.175580290253015e-06,-0.4834711282198113,-0.15869243169797007,-0.13158666916196265,0.6807070430476089,-0.4739103548602571,-0.15043756008022974
"POLYGON ((4658112.0029025 2271750.161017025, 4658106.411237588 2270828.0122136, 4659028.832332895 2270822.4300461044, 4659034.408853247 2271744.571750383, 4658112.0029025 2271750.161017025))",267412,2,5,0.7849999904632569,87.40740966796875,2.5135992050170897,0.9,1804.0,48.46925354003906,3574.6,183,POMCA_007,1,Caribe,11,Atrato - Darién,1107,Río Murrí,347188.0,2.3511972975583403e-06,0.8499115468308588,-0.3443445992722971,-0.07753126472837145,0.5939875434748335,0.8541304292972217,-0.3353434429378841
"POLYGON ((5075531.304588465 2270763.800425239, 5075532.537640713 2269842.904482074, 5076453.709798911 2269844.1446269937, 5076452.461705822 2270765.0421474325, 5075531.304588465 2270763.800425239))",267842,1,1,0.1762500047683715,80.8531723022461,4.079466247558594,0.8399999618530274,1109.0,71.43490600585938,4493.0,63,POMCA_128,2,Magdalena Cauca,24,Sogamoso,2403,Río Chicamocha,409848.0,1.1788295734288162e-06,-0.4834711282198113,0.09512681529376435,-0.14960513730649305,-0.12838774985924917,-0.4702397882131892,0.10761757028040343
"POLYGON ((5066320.899155321 2269831.3299695426, 5066321.980411919 2268910.4490439873, 5067243.1527688205 2268911.5374524845, 5067242.056491977 2269832.4197641835, 5066320.899155321 2269831.3299695426))",268646,1,1,0.8387499809265136,80.68910217285156,4.079466247558594,1.040000057220459,1251.0,53.64921569824219,3443.0,63,POMCA_128,2,Magdalena Cauca,24,Sogamoso,2403,Río Chicamocha,409848.0,1.1788491439681948e-06,-0.4834711282198113,0.6747561766481169,-0.14960513730649305,-0.07309547401375438,-0.4702176802696147,0.6864332705129708
"POLYGON ((4658100.826772534 2269905.863622666, 4658095.249507452 2268983.7152439523, 4659017.700833388 2268978.147276166, 4659023.2629929045 2269900.288554789, 4658100.826772534 2269905.863622666))",269035,1,1,1.0774999618530274,88.88888549804688,2.571699333190918,0.9,2078.0,46.97098159790039,2970.0,183,POMCA_007,1,Caribe,11,Atrato - Darién,1107,Río Murrí,347188.0,1.1755608605458688e-06,-0.4834711282198113,-0.09768652044804849,-0.14960513730649305,0.4708791037000095,-0.4739323037120975,-0.08967069389931964
"POLYGON ((5074612.583493858 2268920.7852834617, 5074613.79836851 2267999.891489535, 5075534.998981792 2268001.113482254, 5075533.769105163 2268922.0088345376, 5074612.583493858 2268920.7852834617))",269467,1,2,0.3479166746139526,80.17240905761719,4.31939811706543,0.8699999809265136,972.0,61.87583923339844,4011.5,63,POMCA_128,2,Magdalena Cauca,24,Sogamoso,2403,Río Chicamocha,409848.0,1.1787959607792064e-06,-0.4834711282198113,0.040410907864279116,-0.13158666916196265,-0.13087613710806714,-0.4702777588866892,0.05291029723819471
"POLYGON ((5067244.24763215 2267990.6554369195, 5067245.341081941 2267069.773717113, 5068166.544817657 2267070.8743301593, 5068165.436386239 2267991.757455419, 5067244.24763215 2267990.6554369195))",270275,1,1,0.6345833301544189,80.40779876708984,4.519948196411133,0.940000057220459,991.0,56.346797943115234,3821.0,63,POMCA_128,2,Magdalena Cauca,24,Sogamoso,2403,Río Chicamocha,409848.0,1.178807897861405e-06,-0.4834711282198113,0.675966343240394,-0.14960513730649305,-0.07348574517086037,-0.47026427411069066,0.6875784858762336
"POLYGON ((5074613.79836851 2267999.891489535, 5074615.011674684 2267078.9979905887, 5075536.227270572 2267080.2184248473, 5075534.998981792 2268001.113482254, 5074613.79836851 2267999.891489535))",270283,1,1,0.3950000047683716,79.73484802246094,4.461960220336914,0.8799999237060547,919.0,60.1796989440918,3964.0,63,POMCA_128,2,Magdalena Cauca,24,Sogamoso,2403,Río Chicamocha,409848.0,1.1787771592255923e-06,-0.4834711282198113,0.12691151359724973,-0.14960513730649305,-0.12635489076453252,-0.47029899814220344,0.13926379414541257
"POLYGON ((5070930.164594672 2267074.2660331433, 5070931.3164806515 2266153.378871775, 5071852.5409561265 2266154.537912396, 5071851.37410741 2267075.426555817, 5070930.164594672 2267074.2660331433))",271088,1,1,0.6154166698455811,79.5614013671875,4.711968994140625,0.95,856.0,57.69929122924805,3648.0,63,POMCA_128,2,Magdalena Cauca,24,Sogamoso,2403,Río Chicamocha,409848.0,1.178774148723538e-06,-0.4834711282198113,0.30448143678268064,-0.14960513730649305,-0.11184310670320174,-0.4703023989687346,0.3165809045493288
"POLYGON ((5072772.585112236 2267076.6020561997, 5072773.766923813 2266155.7119115987, 5073694.994402843 2266156.9008695064, 5073693.797628283 2267077.7925344147, 5072772.585112236 2267076.6020561997))",271090,2,5,0.5691666603088379,79.43262481689453,4.5568798065185545,0.9399999618530274,865.0,55.10536575317383,3671.0,63,POMCA_128,2,Magdalena Cauca,24,Sogamoso,2403,Río Chicamocha,409848.0,2.357532729586112e-06,0.8499115468308588,0.22671514545781865,-0.07753126472837145,-0.12416307952566705,0.8612872772041976,0.23892142670075014
"POLYGON ((5073693.797628283 2267077.7925344147, 5073694.994402843 2266156.9008695064, 5074616.223412355 2266158.104786245, 5074615.011674684 2267078.9979905887, 5073693.797628283 2267077.7925344147))",271091,3,3,0.5237500190734863,79.25724792480469,4.724813461303711,0.9199999809265136,876.0,54.76194763183594,3851.3333333333335,63,POMCA_128,2,Magdalena Cauca,24,Sogamoso,2403,Río Chicamocha,409848.0,3.536287195408004e-06,2.1832942218815288,-0.1341748074338474,-0.11356820101743226,-0.12930949385106408,2.1928723048038106,-0.1214893349226979
"POLYGON ((5080142.329162039 2267086.5452719848, 5080143.630681112 2266165.642429344, 5081064.870939787 2266166.951061541, 5081063.5544566745 2267087.8555775145, 5080142.329162039 2267086.5452719848))",271098,1,2,0.3200000047683716,77.5793685913086,5.018149185180664,0.8399999618530274,866.0,67.39588165283203,4268.0,105,POMCA_281,3,Orinoco,36,Casanare,3602,Río Casanare,581900.0,1.1787332462785867e-06,-0.4834711282198113,-0.48347112821981125,-0.13158666916196265,-0.12760884453226182,-0.4703486045907436,-0.4703906442911943
"POLYGON ((5067246.433118172 2266148.892292686, 5067247.523740823 2265228.011163262, 5068168.7573816925 2265229.1089651254, 5068167.651816149 2266149.991500187, 5067246.433118172 2266148.892292686))",271904,2,6,0.6704166412353517,79.42707824707031,4.759957504272461,0.9600000381469728,988.0,59.9265022277832,3639.0,63,POMCA_128,2,Magdalena Cauca,24,Sogamoso,2403,Río Chicamocha,409848.0,2.3575407410361155e-06,0.8499115468308588,0.9613359304659232,-0.05951279658384105,-0.055127669768719835,0.8612963273729846,0.9725555303198865
"POLYGON ((5068167.651816149 2266149.991500187, 5068168.7573816925 2265229.1089651254, 5069089.992438352 2265230.2217059634, 5069088.871929799 2266151.105665791, 5068167.651816149 2266149.991500187))",271905,5,22,0.5945833206176758,80.0179214477539,4.634153747558594,0.9300000190734864,993.0,67.88928985595703,3815.5,63,POMCA_128,2,Magdalena Cauca,24,Sogamoso,2403,Río Chicamocha,409848.0,5.893833507796151e-06,4.850059571982869,-0.006328039810696556,0.22878269372864535,-0.12537230245199438,4.856084587320901,0.006181498146113414
"POLYGON ((5070010.093478255 2266152.2347896136, 5070011.228929935 2265231.3493858925, 5070932.466875579 2265232.492005032, 5070931.3164806515 2266153.378871775, 5070010.093478255 2266152.2347896136))",271907,1,1,0.5354166507720948,78.9426498413086,4.6732227325439455,0.9300000190734864,960.0,55.97175598144531,3964.0,63,POMCA_128,2,Magdalena Cauca,24,Sogamoso,2403,Río Chicamocha,409848.0,1.1787592149276477e-06,-0.4834711282198113,0.4260843334679559,-0.14960513730649305,-0.10475039700102128,-0.47031926899518134,0.4380008235325938
"POLYGON ((5072773.766923813 2266155.7119115987, 5072774.9472056 2265234.822061426, 5073696.189628245 2265236.0094989263, 5073694.994402843 2266156.9008695064, 5072773.766923813 2266155.7119115987))",271910,1,2,0.3612499952316284,80.80524444580078,4.359550476074219,0.8900000572204589,904.0,61.75885772705078,4192.0,63,POMCA_128,2,Magdalena Cauca,24,Sogamoso,2403,Río Chicamocha,409848.0,1.1787476131874722e-06,-0.4834711282198113,0.3293473524169535,-0.13158666916196265,-0.1173321476014032,-0.47033237495062824,0.34137979341817387
"POLYGON ((5074616.223412355 2266158.104786245, 5074617.433581499 2265237.211876129, 5075538.679084497 2265238.42919316, 5075537.453971483 2266159.3236619416, 5074616.223412355 2266158.104786245))",271912,1,1,0.3958333253860474,79.54545593261719,4.471288681030273,0.8799999237060547,932.0,61.24843597412109,4236.0,63,POMCA_128,2,Magdalena Cauca,24,Sogamoso,2403,Río Chicamocha,409848.0,1.1787396308368523e-06,-0.4834711282198113,-0.03206162076651098,-0.14960513730649305,-0.12652608917612293,-0.4703413922471719,-0.019547598174711727
"POLYGON ((5075537.453971483 2266159.3236619416, 5075538.679084497 2265238.42919316, 5076459.926156376 2265239.661450148, 5076458.686099363 2266160.557496724, 5075537.453971483 2266159.3236619416))",271913,1,6,0.2795833349227905,79.55426788330078,4.250445175170898,0.8600000381469727,1035.0,61.89907455444336,4322.666666666667,63,POMCA_128,2,Magdalena Cauca,24,Sogamoso,2403,Río Chicamocha,409848.0,1.1787355653052874e-06,-0.4834711282198113,-0.1168057243307621,-0.05951279658384105,-0.13975463861033516,-0.4703459848923054,-0.10417983291883377
"POLYGON ((5066326.291496607 2265226.9283002573, 5066327.365782245 2264306.04885206, 5067248.612949871 2264307.130328464, 5067247.523740823 2265228.011163262, 5066326.291496607 2265226.9283002573))",272720,1,1,0.7849999904632569,79.4117660522461,4.415880584716797,1.0199999809265137,898.0,55.34130859375,3427.0,63,POMCA_128,2,Magdalena Cauca,24,Sogamoso,2403,Río Chicamocha,409848.0,1.1787552636458157e-06,-0.4834711282198113,0.7550414032115752,-0.14960513730649305,-0.06811246933718461,-0.4703237325776151,0.766543209686852
"POLYGON ((5070011.228929935 2265231.3493858925, 5070012.3629099075 2264310.4642765154, 5070933.615779431 2264311.6054325365, 5070932.466875579 2265232.492005032, 5070011.228929935 2265231.3493858925))",272724,1,1,0.4729166507720947,79.3956069946289,4.5450183868408205,0.909999942779541,971.0,57.83154678344727,4037.0,63,POMCA_128,2,Magdalena Cauca,24,Sogamoso,2403,Río Chicamocha,409848.0,1.1787404884197639e-06,-0.4834711282198113,0.42684839625414617,-0.14960513730649305,-0.10849475830069322,-0.47034042347496524,0.43875602917872847
"POLYGON ((5070932.466875579 2265232.492005032, 5070933.615779431 2264311.6054325365, 5071854.870122273 2264312.761508759, 5071853.706294422 2265233.6495635025, 5070932.466875579 2265232.492005032))",272725,2,2,0.5304166793823242,79.80072784423828,4.5450187683105465,0.9199999809265136,935.0,56.41727828979492,3927.0,63,POMCA_128,2,Magdalena Cauca,24,Sogamoso,2403,Río Chicamocha,409848.0,2.3574733413564125e-06,0.8499115468308588,0.10151618009544626,-0.13158666916196265,-0.12068346888689203,0.8612201890363251,0.11384874308912579
"POLYGON ((5074617.433581499 2265237.211876129, 5074618.642182093 2264316.319259863, 5075539.90260959 2264317.535018126, 5075538.679084497 2265238.42919316, 5074617.433581499 2265237.211876129))",272729,1,1,0.3729166746139526,79.26136779785156,4.609566497802734,0.8800000190734864,912.0,60.45210266113281,4063.0,63,POMCA_128,2,Magdalena Cauca,24,Sogamoso,2403,Río Chicamocha,409848.0,1.1787209039972269e-06,-0.4834711282198113,-0.10412455353899865,-0.14960513730649305,-0.13128586338264794,-0.47036254710170905,-0.09152578607543782
"POLYGON ((5075538.679084497 2265238.42919316, 5075539.90260959 2264317.535018126, 5076461.164606098 2264318.765697216, 5076459.926156376 2265239.661450148, 5075538.679084497 2265238.42919316))",272730,1,1,0.2558333396911621,79.26356506347656,4.399552536010742,0.8600000381469727,1058.0,62.97252655029297,4329.0,63,POMCA_128,2,Magdalena Cauca,24,Sogamoso,2403,Río Chicamocha,409848.0,1.1787168383968878e-06,-0.4834711282198113,-0.16959841815722276,-0.14960513730649305,-0.12750709145259087,-0.4703671398245336,-0.15691962678290894
"POLYGON ((5080144.930515444 2265244.7398802955, 5080146.228665005 2264323.8376244633, 5081067.498793646 2264325.142909665, 5081066.185718786 2265246.04683905, 5080144.930515444 2265244.7398802955))",272735,1,1,0.3341666698455811,76.2745132446289,5.05799674987793,0.85,835.0,62.30386734008789,4195.0,105,POMCA_281,3,Orinoco,36,Casanare,3602,Río Casanare,581900.0,1.178695766844714e-06,-0.4834711282198113,-0.4834711282198113,-0.14960513730649305,-0.1256657243465939,-0.4703909433936369,-0.4703939934656579
"POLYGON ((5081066.185718786 2265246.04683905, 5081067.498793646 2264325.142909665, 5081988.770606133 2264326.463116497, 5081987.442605836 2265247.3687385656, 5081066.185718786 2265246.04683905))",272736,1,2,0.2729166746139526,75.5882339477539,4.997537231445312,0.85,889.0,70.13435363769531,4297.0,105,POMCA_281,3,Orinoco,36,Casanare,3602,Río Casanare,581900.0,1.1786914038224473e-06,-0.4834711282198113,-0.4834711282198113,-0.13158666916196265,-0.13806114176732293,-0.47039587210041495,-0.470398048349632
"POLYGON ((5054351.271001782 2264293.3473044373, 5054352.150150349 2263372.484436785, 5055273.395804117 2263373.3708285023, 5055272.501752857 2264294.2348341653, 5054351.271001782 2264293.3473044373))",273525,1,1,1.0520833015441895,77.47175598144531,3.312910842895508,1.1799999237060548,957.0,50.72076416015625,3180.0,63,POMCA_128,2,Magdalena Cauca,24,Sogamoso,2403,Río Chicamocha,409848.0,1.178779104460815e-06,-0.4834711282198113,-0.4834711282198113,-0.14960513730649305,-0.14960513730649305,-0.4702968006989081,-0.47039870013005464
"POLYGON ((5071854.870122273 2264312.761508759, 5071856.0324396575 2263391.87374779, 5072777.303179711 2263393.04324286, 5072776.125957574 2264313.9325053054, 5071854.870122273 2264312.761508759))",273544,2,2,0.4908333301544189,79.34782409667969,4.704124832153321,0.9200000762939452,899.0,54.921653747558594,3916.5,63,POMCA_128,2,Magdalena Cauca,24,Sogamoso,2403,Río Chicamocha,409848.0,2.357428203257202e-06,0.8499115468308588,0.05449567619186826,-0.13158666916196265,-0.1248573535699543,0.8611691985893527,0.0668737305459566
"POLYGON ((5068170.964213846 2263387.344778224, 5068172.065480412 2262466.4631256294, 5069093.3452498885 2262467.571591608, 5069092.229098419 2263388.4546692492, 5068170.964213846 2263387.344778224))",274357,1,1,0.5816666603088378,79.39067840576172,4.90052604675293,0.9300000190734864,915.0,55.49795150756836,3748.0,63,POMCA_128,2,Magdalena Cauca,24,Sogamoso,2403,Río Chicamocha,409848.0,1.1787105971183238e-06,-0.4834711282198113,0.4854792825474986,-0.14960513730649305,-0.0946723076638555,-0.47037419031157723,0.49731140050731387
"POLYGON ((5071856.0324396575 2263391.87374779, 5071857.193246551 2262470.986280218, 5072778.478871989 2262472.1542737135, 5072777.303179711 2263393.04324286, 5071856.0324396575 2263391.87374779))",274361,1,1,0.4324999809265136,79.4871826171875,4.668560409545899,0.9100000381469726,895.0,55.991336822509766,3985.0,63,POMCA_128,2,Magdalena Cauca,24,Sogamoso,2403,Río Chicamocha,409848.0,1.1786954247900996e-06,-0.4834711282198113,0.2053217212149275,-0.14960513730649305,-0.1248998056030152,-0.470391329797096,0.2174772714458884
"POLYGON ((5080147.525129773 2263402.9356614724, 5080148.81990972 2262482.0339909466, 5081070.119830845 2262483.335928714, 5081068.810164341 2263404.2392730117, 5080147.525129773 2263402.9356614724))",274370,1,3,0.2620833396911621,76.8072280883789,5.123290252685547,0.8300000190734863,858.0,62.6458740234375,4321.0,105,POMCA_281,3,Orinoco,36,Casanare,3602,Río Casanare,581900.0,1.1786583870155312e-06,-0.4834711282198113,-0.48347112821981125,-0.11356820101743226,-0.14378279462149932,-0.4704331696776657,-0.4704123777423371
"POLYGON ((5074621.054677531 2262474.534907378, 5074622.258572328 2261553.6431704056, 5075543.563657107 2261554.854251751, 5075542.34489592 2262475.7475477983, 5074621.054677531 2262474.534907378))",275188,1,1,0.2487499952316284,79.21456146240234,4.57823371887207,0.8699999809265136,846.0,67.39064025878906,4532.0,63,POMCA_128,2,Magdalena Cauca,24,Sogamoso,2403,Río Chicamocha,409848.0,1.1786648728775586e-06,-0.4834711282198113,-0.020095991401386022,-0.14960513730649305,-0.13722316786693847,-0.4704258428958657,-0.007686677824134368
"POLYGON ((5072779.653034383 2261551.2655974883, 5072780.825666871 2260630.3772138082, 5073702.142517055 2260631.5570477736, 5073700.9550378 2261552.4469523598, 5072779.653034383 2261551.2655974883))",276009,1,1,0.4162499904632568,78.2258071899414,4.941130828857422,0.9300000190734864,873.0,59.19449234008789,3988.0,63,POMCA_128,2,Magdalena Cauca,24,Sogamoso,2403,Río Chicamocha,409848.0,1.1786542286544795e-06,-0.4834711282198113,-0.08016785427520526,-0.14960513730649305,-0.14353685048198653,-0.4704378671880262,-0.06769179983909968
"POLYGON ((5073700.9550378 2261552.4469523598, 5073702.142517055 2260631.5570477736, 5074623.460898477 2260632.751725778, 5074622.258572328 2261553.6431704056, 5073700.9550378 2261552.4469523598))",276010,2,2,0.4129166603088379,78.29669952392578,5.038300323486328,0.9100000381469726,861.0,61.058067321777344,4065.5,63,POMCA_128,2,Magdalena Cauca,24,Sogamoso,2403,Río Chicamocha,409848.0,2.357300523853681e-06,0.8499115468308588,-0.31600068316483215,-0.13158666916196265,-0.14396925207171254,0.8610249650046742,-0.30319145528251445
"POLYGON ((5075543.563657107 2261554.854251751, 5075544.780830276 2260633.961247947, 5076466.102331602 2260635.185614409, 5076464.8703112835 2261556.0801965254, 5075543.563657107 2261554.854251751))",276012,1,1,0.2483333349227905,77.77777862548828,4.7258155822753904,0.8699999809265136,857.0,67.12370300292969,4345.0,63,POMCA_128,2,Magdalena Cauca,24,Sogamoso,2403,Río Chicamocha,409848.0,1.1786421797523224e-06,-0.4834711282198113,-0.08178244139353126,-0.14960513730649305,-0.1372597659150177,-0.47045147828191947,-0.06933599018833236
"POLYGON ((5078307.488404399 2261558.576676876, 5078308.750119406 2260637.678880729, 5079230.076444174 2260638.9477808494, 5079228.799881623 2261559.847212716, 5078307.488404399 2261558.576676876))",276015,1,1,0.2150000095367431,76.90763092041016,5.045249557495117,0.8300000190734863,813.0,66.13457489013672,4463.0,105,POMCA_281,3,Orinoco,36,Casanare,3602,Río Casanare,581900.0,1.1786296846870885e-06,-0.4834711282198113,-0.05988298167061735,-0.14960513730649305,-0.13193759562845025,-0.47046559338584215,-0.047519049979825735
"POLYGON ((5049748.346068365 2260605.705340811, 5049749.146522058 2259684.849055548, 5050670.446137752 2259685.656782272, 5050669.63085928 2260606.514110177, 5049748.346068365 2260605.705340811))",276797,1,1,1.0016666412353517,77.87610626220703,3.4067672729492187,1.1300000190734862,955.0,47.154544830322266,3415.0,63,POMCA_128,2,Magdalena Cauca,24,Sogamoso,2403,Río Chicamocha,409848.0,1.1787186831883877e-06,-0.4834711282198113,-0.4834711282198113,-0.14960513730649305,-0.14960513730649305,-0.47036505584791966,-0.47039870013005464
"POLYGON ((5072780.825666871 2260630.3772138082, 5072781.996769428 2259709.4891222967, 5073703.328447011 2259710.6674352563, 5073702.142517055 2260631.5570477736, 5072780.825666871 2260630.3772138082))",276822,1,1,0.3570833206176758,78.1702880859375,4.901105499267578,0.9199999809265136,870.0,62.55948638916016,4039.0,63,POMCA_128,2,Magdalena Cauca,24,Sogamoso,2403,Río Chicamocha,409848.0,1.1786356264327175e-06,-0.4834711282198113,-0.0712428057097011,-0.14960513730649305,-0.14403455128013765,-0.4704588812674606,-0.05879608442354552
"POLYGON ((5077387.4254215965 2260636.4248252925, 5077388.67066241 2259715.5289373877, 5078310.010188258 2259716.781376135, 5078308.750119406 2260637.678880729, 5077387.4254215965 2260636.4248252925))",276827,1,1,0.2412499904632568,77.0080337524414,5.027763748168946,0.8300000190734863,966.0,69.04845428466797,4360.0,105,POMCA_281,3,Orinoco,36,Casanare,3602,Río Casanare,581900.0,1.178615296717676e-06,-0.4834711282198113,0.04808539235740121,-0.14960513730649305,-0.13266685669555708,-0.47048184681707206,0.060282015551151216
"POLYGON ((5053434.351377897 2259688.1688963776, 5053435.210008026 2258767.308619334, 5054356.528755339 2258768.1745163933, 5054355.655319446 2259689.0359126856, 5053434.351377897 2259688.1688963776))",277620,1,1,0.6875,80.11363220214844,4.330127334594726,0.8800000190734864,1004.0,52.81890106201172,3497.0,63,POMCA_128,2,Magdalena Cauca,24,Sogamoso,2403,Río Chicamocha,409848.0,1.1786889003754287e-06,-0.4834711282198113,-0.4834711282198113,-0.14960513730649305,-0.14960513730649305,-0.47039870013005464,-0.47033453247457324
"POLYGON ((5073703.328447011 2259710.6674352563, 5073704.512827642 2258789.7781144315, 5074625.860844739 2258790.9697120516, 5074624.661655955 2259711.8605731186, 5073703.328447011 2259710.6674352563))",277642,1,1,0.3845833301544189,76.5740737915039,5.154249572753907,0.9,871.0,57.80437850952149,4101.0,63,POMCA_128,2,Magdalena Cauca,24,Sogamoso,2403,Río Chicamocha,409848.0,1.178613082241901e-06,-0.4834711282198113,0.020215278636740525,-0.14960513730649305,-0.14007208943754065,-0.47048434840910963,0.03249872995219091
"POLYGON ((5076467.332744507 2259714.2913240558, 5076468.5615499765 2258793.3973250906, 5077389.914276415 2258794.633340766, 5077388.67066241 2259715.5289373877, 5076467.332744507 2259714.2913240558))",277645,2,2,0.3229166746139526,76.17647552490234,5.2286724090576175,0.85,910.0,77.41142272949219,4273.5,105,POMCA_281,3,Orinoco,36,Casanare,3602,Río Casanare,581900.0,2.357201768417003e-06,0.8499115468308588,-0.08022434717663951,-0.13158666916196265,-0.13467571943410156,0.8609134055029395,-0.06784594032529528
"POLYGON ((4706928.411320496 2259491.435209558, 4706923.701726674 2258569.639191626, 4707845.968201778 2258564.9376941775, 4707850.662933105 2259486.727627063, 4706928.411320496 2259491.435209558))",278071,1,2,1.1350000381469727,90.1098861694336,2.6798919677734374,0.9100000381469726,2439.0,45.49778366088867,3075.0,342,POMCA_176,2,Magdalena Cauca,27,Nechí,2701,Río Porce,121767.0,1.176257437039996e-06,-0.4834711282198113,-0.4834711282198113,-0.13158666916196265,-0.05951279658384105,-0.4731454130940324,-0.47316638721485865
"POLYGON ((5027638.665900195 2258749.073388975, 5027639.109419039 2257828.2369773337, 5028560.419099643 2257828.6878246074, 5028559.960796345 2258749.5248198016, 5027638.665900195 2258749.073388975))",278402,1,1,1.0766666412353516,75.89530944824219,2.790678215026856,1.2100000381469729,1311.0,51.7435188293457,3038.0,63,POMCA_128,2,Magdalena Cauca,24,Sogamoso,2403,Río Chicamocha,409848.0,1.1787321376847275e-06,-0.4834711282198113,0.0,-0.14960513730649305,0.0,-0.4703498569185417,0.0
"POLYGON ((4706923.701726674 2258569.639191626, 4706918.998301565 2257647.843405529, 4707841.279619698 2257643.1479935236, 4707845.968201778 2258564.9376941775, 4706923.701726674 2258569.639191626))",278886,1,6,1.1958333015441895,89.67391204833984,2.5922369003295898,0.9199999809265136,2420.0,37.3943977355957,3118.0,342,POMCA_176,2,Magdalena Cauca,27,Nechí,2701,Río Porce,121767.0,1.1762388701906561e-06,-0.4834711282198113,-0.4834711282198113,-0.05951279658384105,-0.13158666916196265,-0.47316638721485865,-0.4731454130940324
"POLYGON ((5078312.525387398 2257874.9872401035, 5078313.780517635 2256954.090607914, 5079235.16603886 2256955.3529640906, 5079233.896138567 2257876.251232426, 5078312.525387398 2257874.9872401035))",279270,3,6,0.4229166507720947,73.51190948486328,5.750329589843749,0.8399999618530275,1123.0,69.32162475585938,3698.1666666666665,105,POMCA_281,3,Orinoco,36,Casanare,3602,Río Casanare,581900.0,3.535666270454864e-06,2.1832942218815288,-0.07623485638233868,-0.05951279658384105,-0.11994798543178714,2.192170874272824,-0.06391899132219897
"POLYGON ((5079233.896138567 2257876.251232426, 5079235.16603886 2256955.3529640906, 5080156.553206728 2256956.630088529, 5080155.2685362445 2257877.5300121517, 5079233.896138567 2257876.251232426))",279271,1,1,0.5204166412353516,72.7011489868164,5.944662475585938,0.8699999809265136,1240.0,77.24737548828125,3595.0,105,POMCA_281,3,Orinoco,36,Casanare,3602,Río Casanare,581900.0,1.1785511590271893e-06,-0.4834711282198113,0.6701753606660503,-0.14960513730649305,-0.0886278261465775,-0.47055430023365136,0.6813405943517968
"POLYGON ((5080155.2685362445 2257877.5300121517, 5080156.553206728 2256956.630088529, 5081077.9420403885 2256957.9219813645, 5081076.64259958 2257878.8235794147, 5080155.2685362445 2257877.5300121517))",279272,1,1,0.6820833206176757,72.36842346191406,5.738460540771484,0.95,1173.0,66.10913848876953,3456.0,105,POMCA_281,3,Orinoco,36,Casanare,3602,Río Casanare,581900.0,1.1785468449971627e-06,-0.4834711282198113,0.4463518697547916,-0.14960513730649305,-0.0875185424655105,-0.4705591735961358,0.45784296900117827
"POLYGON ((5080156.553206728 2256956.630088529, 5080157.83619221 2256035.7304547424, 5081079.239776825 2256037.0206730403, 5081077.9420403885 2256957.9219813645, 5080156.553206728 2256956.630088529))",280087,2,7,0.7645833492279053,71.03960418701172,5.602184677124024,1.0100000381469727,1140.0,68.12590026855469,3374.285714285714,105,POMCA_281,3,Orinoco,36,Casanare,3602,Río Casanare,581900.0,2.3570566835388645e-06,0.8499115468308588,0.1708396861384959,-0.04149432843931065,-0.10294207327259465,0.8607495097493607,0.18275146709574466
"POLYGON ((5007370.643915348 2255980.4022570713, 5007370.7617205335 2255059.5747264167, 5008292.107423865 2255059.699882538, 5008291.9748929925 2255980.527575852, 5007370.643915348 2255980.4022570713))",280842,1,1,1.1625,74.39024353027344,2.783882522583008,1.2300000190734863,1026.0,59.1611442565918,2948.0,64,POMCA_126,2,Magdalena Cauca,24,Sogamoso,2402,Río Fonce,241081.0,1.1786979118642165e-06,-0.4834711282198113,0.0,-0.14960513730649305,0.0,-0.47038852026317474,0.0
"POLYGON ((5081079.239776825 2256037.0206730403, 5081080.53580886 2255116.119654068, 5082001.955810275 2255117.4229279663, 5082000.645046523 2256038.3256407287, 5081079.239776825 2256037.0206730403))",280921,2,11,0.8666666984558106,70.98765563964844,5.228129196166992,1.0800000190734864,1224.0,65.44844055175781,3169.0,105,POMCA_281,3,Orinoco,36,Casanare,3602,Río Casanare,581900.0,2.3570109993395817e-06,0.8499115468308588,0.3171279692020067,0.030579544138810952,-0.10133763116002634,0.8606979023981042,0.32879789484830313
"POLYGON ((5083844.800945386 2255120.0736670545, 5083846.139410441 2254199.1677979226, 5084767.579295209 2254200.5135120563, 5084766.226117392 2255121.421132524, 5083844.800945386 2255120.0736670545))",281748,1,1,0.64375,71.74329376220703,5.343326187133789,0.8699999809265136,1300.0,66.74417877197266,3855.0,105,POMCA_281,3,Orinoco,36,Casanare,3602,Río Casanare,581900.0,1.1784736571871327e-06,-0.4834711282198113,0.48942281532209975,-0.14960513730649305,-0.03991813227642911,-0.47064185051899327,0.500799438281863
"POLYGON ((5067260.500945444 2254177.460483011, 5067261.573189576 2253256.5831542746, 5068182.999325453 2253257.662674476, 5068181.912390235 2254178.541410043, 5067260.500945444 2254177.460483011))",282551,1,1,0.5287499904632569,74.5567398071289,6.0794921875,0.940000057220459,1059.0,60.846771240234375,3860.0,63,POMCA_128,2,Magdalena Cauca,24,Sogamoso,2403,Río Chicamocha,409848.0,1.178528870010838e-06,-0.4834711282198113,-0.4834711282198113,-0.14960513730649305,8.341516953246686,-0.47057947911637377,-0.47060133631137424
"POLYGON ((5074631.833257398 2254186.5197674125, 5074633.023033511 2253265.630647988, 5075554.461044102 2253266.8276930884, 5075553.256575943 2254187.7183725005, 5074631.833257398 2254186.5197674125))",282559,1,2,0.6191666603088379,70.32966613769531,6.089608383178711,0.9100000381469726,1976.0,72.71590423583984,3808.0,105,POMCA_281,3,Orinoco,36,Casanare,3602,Río Casanare,581900.0,1.178498123605274e-06,-0.4834711282198113,-0.4834711282198113,-0.13158666916196265,27.292521846813308,-0.4706142119250193,-0.4706128728174936
"POLYGON ((5066340.148451836 2253255.5183241563, 5066341.204610486 2252334.642672913, 5067262.644019826 2252335.7061152556, 5067261.573189576 2253256.5831542746, 5066340.148451836 2253255.5183241563))",283367,1,2,0.5629166603088379,75.53762817382812,6.1291343688964846,0.9300000190734864,1035.0,59.46871948242188,3795.0,63,POMCA_128,2,Magdalena Cauca,24,Sogamoso,2403,Río Chicamocha,409848.0,1.1785140874735168e-06,-0.4834711282198113,-0.4834711282198113,-0.13158666916196265,7.016754847917051,-0.4705961782729305,-0.4705881996970927
"POLYGON ((5070025.855868236 2253259.865785587, 5070026.970713972 2252338.984468368, 5070948.415831253 2252340.1065951516, 5070947.286313455 2253260.989376729, 5070025.855868236 2253259.865785587))",283371,1,1524,0.7416666507720946,73.0,5.863343048095702,1.0,1928.0,74.5155258178711,3256.8070866141734,105,POMCA_281,3,Orinoco,36,Casanare,3602,Río Casanare,581900.0,1.1784993090188551e-06,-0.4834711282198113,-0.48347112821981136,27.292521846813308,-0.13906115367747404,-0.4706128728174936,-0.47059389025471743
"POLYGON ((5047912.680554275 2252316.45456161, 5047913.44229514 2251395.602936554, 5048834.872412707 2251396.3719766745, 5048834.096021547 2252317.2246066937, 5047912.680554275 2252316.45456161))",284183,1,1,1.049583339691162,77.70833587646484,3.3605892181396486,1.2,1016.0,51.00690841674805,3184.0,63,POMCA_128,2,Magdalena Cauca,24,Sogamoso,2403,Río Chicamocha,409848.0,1.1785577021846863e-06,-0.4834711282198113,0.0,-0.14960513730649305,0.0,-0.47054690872777893,0.0
"POLYGON ((5023958.827386533 2245855.7625780627, 5023959.204718376 2244934.9323976124, 5024880.717162964 2244935.317014089, 5024880.325317993 2245856.1477020164, 5023958.827386533 2245855.7625780627))",290256,1,2,0.9416666984558104,76.27627563476562,3.433347702026367,1.109999942779541,1003.0,49.66913986206055,3182.0,334,POMCA_129,2,Magdalena Cauca,24,Sogamoso,2403,Río Chicamocha,332107.0,1.178480701399383e-06,-0.4834711282198113,0.49197544987405584,-0.13158666916196265,0.8206965976380497,-0.4706338929944742,0.5031899813932543
"POLYGON ((5023959.204718376 2244934.9323976124, 5023959.581546616 2244014.102506323, 5024881.108484963 2244014.48661529, 5024880.717162964 2244935.317014089, 5023959.204718376 2244934.9323976124))",291171,2,127,0.8237500190734863,78.36700439453125,3.995024871826172,0.9899999618530272,958.0,51.07790756225586,3422.551181102362,334,POMCA_129,2,Magdalena Cauca,24,Sogamoso,2403,Río Chicamocha,332107.0,2.3569250486717137e-06,0.8499115468308588,-0.08835997587438346,2.1207218489043376,-0.1032822059847911,0.8606008078582625,-0.07621776296223598
"POLYGON ((5027645.2576781 2244936.5579489386, 5027645.692481629 2244015.7259126995, 5028567.221604949 2244016.168002151, 5028566.772307487 2244937.0006225077, 5027645.2576781 2244936.5579489386))",291175,1,8,0.634166669845581,80.78431701660156,4.546894073486328,0.85,982.0,68.70946502685547,3870.0,63,POMCA_128,2,Magdalena Cauca,24,Sogamoso,2403,Río Chicamocha,409848.0,1.1784568696148436e-06,-0.4834711282198113,0.10811033596159508,-0.02347586029478025,0.04687391519444882,-0.4706608146718836,0.11991177893052622
"POLYGON ((5023959.581546616 2244014.102506323, 5023959.957871246 2243093.272903813, 5024881.4992839815 2243093.6565052373, 5024881.108484963 2244014.48661529, 5023959.581546616 2244014.102506323))",292085,1,4,0.8466667175292969,77.6698989868164,3.8983299255371096,1.0300000190734864,965.0,48.08736038208008,3300.0,334,POMCA_129,2,Magdalena Cauca,24,Sogamoso,2403,Río Chicamocha,332107.0,1.1784443721258401e-06,-0.4834711282198113,0.7346075227027054,-0.09554973287290185,0.5279775422946614,-0.47067493251382786,0.666721818093279
"POLYGON ((5027645.692481629 2244015.7259126995, 5027646.126704067 2243094.8941651024, 5028567.67030195 2243095.3356704, 5028567.221604949 2244016.168002151, 5027645.692481629 2244015.7259126995))",292089,1,1,0.5995833396911621,81.25,4.340393829345703,0.840000057220459,964.0,68.02784729003906,3863.0,63,POMCA_128,2,Magdalena Cauca,24,Sogamoso,2403,Río Chicamocha,409848.0,1.178438717311828e-06,-0.4834711282198113,0.2166299746611618,-0.14960513730649305,0.04641460074629329,-0.4706813204986804,0.22823947071526368
"POLYGON ((5029488.751322431 2244016.6245868364, 5029489.214494042 2243095.791651778, 5030410.759299514 2243096.2621092848, 5030410.281653244 2244017.095666805, 5029488.751322431 2244016.6245868364))",292091,1,4,0.9091666221618652,78.03738403320312,3.722373199462891,1.0699999809265135,1021.0,46.33562088012695,3453.0,63,POMCA_128,2,Magdalena Cauca,24,Sogamoso,2403,Río Chicamocha,409848.0,1.1784355922856663e-06,-0.4834711282198113,0.18338956628079847,-0.09554973287290185,-0.10633292385771936,-0.4706848506978596,0.19503518240448436
"POLYGON ((5025803.04121425 2243094.0545825656, 5025803.44594534 2242173.22423415, 5026725.002867415 2242173.636241541, 5026724.583681223 2243094.4671358396, 5025803.04121425 2243094.0545825656))",293012,1,1,0.6779166698455811,80.05618286132812,4.509880065917969,0.8899999618530273,881.0,53.01477813720703,3822.0,63,POMCA_128,2,Magdalena Cauca,24,Sogamoso,2403,Río Chicamocha,409848.0,1.1784235165191958e-06,-0.4834711282198113,0.8061473577873924,-0.14960513730649305,0.08923291003950237,-0.4706984921391394,0.7641487104494631
"POLYGON ((5052528.068483924 2243111.896080095, 5052528.892436515 2242191.0421241536, 5053450.4732634695 2242191.8734036065, 5053449.634853874 2243112.7284609373, 5052528.068483924 2243111.896080095))",293041,1,2,1.0658333778381348,76.5873031616211,4.160601806640625,1.2600000381469727,1102.0,53.143924713134766,3044.0,63,POMCA_128,2,Magdalena Cauca,24,Sogamoso,2403,Río Chicamocha,409848.0,1.1783616608282382e-06,-0.4834711282198113,0.0,-0.13158666916196265,0.0,-0.4707683676851833,0.0
"POLYGON ((5024882.279313047 2241251.9971498465, 5024882.66854308 2240331.1679037446, 5025804.253780413 2240331.5644007865, 5025803.8501340635 2241252.394173684, 5024882.279313047 2241251.9971498465))",294865,5,12,0.8649999618530272,78.45912170410156,4.011347961425781,1.0600000381469727,1081.0,67.88650512695312,3244.9166666666665,63,POMCA_128,2,Magdalena Cauca,24,Sogamoso,2403,Río Chicamocha,409848.0,5.891943626155028e-06,4.850059571982869,0.5981375675852978,0.04859801228334135,0.007023969459041392,4.853949674435969,0.5412255262282136
"POLYGON ((5028568.565894533 2241253.671871187, 5028569.012790097 2240332.840402962, 5029490.600289794 2240333.294574187, 5029490.1389777325 2241254.1266458347, 5028568.565894533 2241253.671871187))",294869,2,3,0.943333339691162,76.40117645263672,3.6202301025390624,1.1300000190734862,997.0,42.308502197265625,3167.3333333333335,63,POMCA_128,2,Magdalena Cauca,24,Sogamoso,2403,Río Chicamocha,409848.0,2.3567657434316484e-06,0.8499115468308588,0.8161360131916825,-0.11356820101743226,-0.08470312932664852,0.8604208480119673,0.8266836797019186
"POLYGON ((5030411.71267441 2241254.595858301, 5030412.188403018 2240333.7631640737, 5031333.777148937 2240334.2461726717, 5031333.287003734 2241255.079508635, 5030411.71267441 2241254.595858301))",294871,2,2,1.0654167175292968,75.85979461669922,3.222493362426758,1.259999942779541,918.0,49.88151550292969,3131.0,63,POMCA_128,2,Magdalena Cauca,24,Sogamoso,2403,Río Chicamocha,409848.0,2.3567592946563866e-06,0.8499115468308588,0.1752279759044375,-0.13158666916196265,-0.11197111159032248,0.8604135631253909,0.1868663688447368
"POLYGON ((5021196.332578592 2240329.7260995526, 5021196.6636982225 2239408.899056408, 5023039.85951546 2239409.5902022338, 5023039.499602211 2240330.4181649317, 5021196.332578592 2240329.7260995526))",295792,2,2,0.9137499809265136,77.50737762451172,3.87371711730957,1.1300000190734862,1181.0,87.90788269042969,3265.0,63,POMCA_128,2,Magdalena Cauca,24,Sogamoso,2403,Río Chicamocha,409848.0,1.1783751309652843e-06,0.8499115468308588,1.15711638135858,-0.13158666916196265,-0.07339497885376473,-0.4707531510872146,1.1670237901476384
"POLYGON ((5025804.253780413 2240331.5644007865, 5025804.656884381 2239410.7349150754, 5026726.257055536 2239411.14528461, 5026725.83955458 2240331.9753163075, 5025804.253780413 2240331.5644007865))",295796,1,1,0.8795833587646484,78.27102661132812,4.047773361206055,1.0699999809265135,1136.0,90.69448852539062,3237.0,63,POMCA_128,2,Magdalena Cauca,24,Sogamoso,2403,Río Chicamocha,409848.0,1.178369283395509e-06,-0.4834711282198113,1.27623069770901,-0.14960513730649305,-0.005073308984819052,-0.4707597568194399,1.2381485644124084
"POLYGON ((5023961.458133516 2239409.9573739287, 5023961.831939984 2238489.129209588, 5024883.445434102 2238489.5102728186, 5024883.0572501 2239410.338944862, 5023961.458133516 2239409.9573739287))",296739,5,16,0.6800000190734863,80.43478393554688,4.65149040222168,0.9199999809265136,994.0,59.25666046142578,3637.8125,63,POMCA_128,2,Magdalena Cauca,24,Sogamoso,2403,Río Chicamocha,409848.0,5.891769919010797e-06,4.850059571982869,0.8008565741738122,0.12067188486146295,-0.09402539782742556,4.853753445416991,0.7284390110044536
"POLYGON ((5024883.0572501 2239410.338944862, 5024883.445434102 2238489.5102728186, 5025805.059445957 2238489.9057161696, 5025804.656884381 2239410.7349150754, 5024883.0572501 2239410.338944862))",296740,1,1,0.8795833587646484,77.2935791015625,4.047773361206055,1.0899999618530274,1029.0,59.83167266845703,3311.0,63,POMCA_128,2,Magdalena Cauca,24,Sogamoso,2403,Río Chicamocha,409848.0,1.1783526443962335e-06,-0.4834711282198113,1.6188070849308296,-0.14960513730649305,-0.0452689426119918,-0.4707785531361894,1.5719676509647151
"POLYGON ((5026726.257055536 2239411.14528461, 5026726.673994729 2238490.3155396827, 5027648.289099595 2238490.739743401, 5027647.857782739 2239411.570053509, 5026726.257055536 2239411.14528461))",296742,1,1,0.6583333492279053,80.87120819091797,4.613879013061523,0.8800000190734864,1011.0,53.44211196899414,3828.0,63,POMCA_128,2,Magdalena Cauca,24,Sogamoso,2403,Río Chicamocha,409848.0,1.178349816753911e-06,-0.4834711282198113,1.2624284873241784,-0.14960513730649305,-0.07998304907092861,-0.47078174739444173,1.272173056111738
"POLYGON ((5027647.857782739 2239411.570053509, 5027648.289099595 2238490.739743401, 5028569.904779727 2238491.1783273695, 5028569.459085165 2239412.009221817, 5027647.857782739 2239411.570053509))",296743,3,5,0.6641666412353515,79.5880126953125,4.823396301269531,0.8899999618530273,1012.0,64.83326721191406,3583.0,63,POMCA_128,2,Magdalena Cauca,24,Sogamoso,2403,Río Chicamocha,409848.0,3.535044985577343e-06,2.1832942218815288,0.6497375310988077,-0.07753126472837145,-0.09672045033830828,2.1914690371517196,0.660532075767087
"POLYGON ((5024883.445434102 2238489.5102728186, 5024883.8330950765 2237568.6818872313, 5025805.461465135 2237569.076803687, 5025805.059445957 2238489.9057161696, 5024883.445434102 2238489.5102728186))",297722,3,14,0.8712499618530274,77.54629516601562,4.156730651855469,1.079999923706055,1028.0,59.4168815612793,3275.5714285714284,63,POMCA_128,2,Magdalena Cauca,24,Sogamoso,2403,Río Chicamocha,409848.0,3.535003923724256e-06,2.1832942218815288,1.046505970268594,0.08463494857240215,-0.09399445142296267,2.1914226514536277,1.0014882791293698
"POLYGON ((5022118.951014875 2237567.5833034655, 5022119.295136563 2236646.7566697705, 5023040.936349524 2236647.1080340203, 5023040.577889124 2237567.93513716, 5022118.951014875 2237567.5833034655))",298722,1,1,0.8329166412353516,77.59434509277344,4.474464797973633,1.0600000381469727,1133.0,83.43145751953125,3438.0,63,POMCA_128,2,Magdalena Cauca,24,Sogamoso,2403,Río Chicamocha,409848.0,1.1783205324610305e-06,-0.4834711282198113,0.9581282081882654,-0.14960513730649305,-0.09844104342656528,-0.47081482852123646,0.8922430863492854
"POLYGON ((5023040.577889124 2237567.93513716, 5023040.936349524 2236647.1080340203, 5023962.578041948 2236647.4737399905, 5023962.205242798 2237568.3013317357, 5023040.577889124 2237567.93513716))",298723,2,3,0.64375,80.49449920654297,4.7916828155517575,0.9100000381469725,1027.0,75.40413665771484,3692.6666666666665,63,POMCA_128,2,Magdalena Cauca,24,Sogamoso,2403,Río Chicamocha,409848.0,2.3566385844511367e-06,0.8499115468308588,0.9901146424677398,-0.11356820101743226,-0.09394548250459972,0.8602772023253688,0.9359877676792039
"POLYGON ((5022119.295136563 2236646.7566697705, 5022119.638793325 2235725.93032186, 5023041.294325627 2235726.2812166363, 5023040.936349524 2236647.1080340203, 5022119.295136563 2236646.7566697705))",299722,1,1,0.8508333206176758,78.03738403320312,4.252449798583984,1.0699999809265135,1053.0,70.62342834472656,3364.0,63,POMCA_128,2,Magdalena Cauca,24,Sogamoso,2403,Río Chicamocha,409848.0,1.178302579046068e-06,-0.4834711282198113,0.8539414524667741,-0.14960513730649305,-0.10717553852310782,-0.47083510967329273,0.8042786406703291
"POLYGON ((5023040.936349524 2236647.1080340203, 5023041.294325627 2235726.2812166363, 5023962.9503374295 2235726.64643397, 5023962.578041948 2236647.4737399905, 5023040.936349524 2236647.1080340203))",299723,3,3,0.7933333396911623,79.20791625976562,4.483978652954102,1.0100000381469727,1099.0,82.93968200683594,3327.0,63,POMCA_128,2,Magdalena Cauca,24,Sogamoso,2403,Río Chicamocha,409848.0,3.5349040163740396e-06,2.1832942218815288,0.5670054881674865,-0.11356820101743226,-0.10417336649732936,2.1913097906878343,0.5249451070867484
"POLYGON ((5020276.329090507 2235725.271499832, 5020276.643682509 2234804.4463188415, 5021198.312613245 2234804.768137437, 5021197.983721347 2235725.5937496037, 5020276.329090507 2235725.271499832))",300728,1,2,0.9954166412353516,76.49051666259766,3.979825973510742,1.2300000190734863,1074.0,61.19755172729492,3186.0,63,POMCA_128,2,Magdalena Cauca,24,Sogamoso,2403,Río Chicamocha,409848.0,1.1782869821918083e-06,-0.4834711282198113,0.48136576880370724,-0.13158666916196265,-0.12573744154410432,-0.47085272872646455,0.4184969095415757
"POLYGON ((5021197.983721347 2235725.5937496037, 5021198.312613245 2234804.768137437, 5022119.981985156 2234805.1042593536, 5022119.638793325 2235725.93032186, 5021197.983721347 2235725.5937496037))",300729,2,2,0.9591667175292968,76.75070190429688,4.1221870422363285,1.190000057220459,1234.0,89.6036376953125,3167.5,63,POMCA_128,2,Magdalena Cauca,24,Sogamoso,2403,Río Chicamocha,409848.0,2.3565716822739173e-06,0.8499115468308588,0.38679118547566427,-0.13158666916196265,-0.11228379201602934,0.8602016259945193,0.3325936206529156
"POLYGON ((5026727.921441656 2235727.8280217056, 5026728.336133718 2234806.9994200426, 5027650.008555505 2234807.421362682, 5027649.579563271 2235728.2505296683, 5026727.921441656 2235727.8280217056))",300735,2,2,0.7037499904632568,79.07608032226562,4.834182357788086,0.9200000762939452,1003.0,68.91793060302734,3633.0,63,POMCA_128,2,Magdalena Cauca,24,Sogamoso,2403,Río Chicamocha,409848.0,2.356555905962889e-06,0.8499115468308588,0.5659739737013828,-0.13158666916196265,-0.09668981465169467,0.8601838042172406,0.5768334389121726
"POLYGON ((5018433.307067835 2234803.8455914776, 5018433.592672694 2233883.0215004752, 5019355.275059085 2233883.314319656, 5019354.975173767 2234804.1388035323, 5018433.307067835 2234803.8455914776))",301736,1,1,0.9949999809265136,76.55826568603516,3.994314193725586,1.2300000190734863,1013.0,51.085819244384766,3159.0,63,POMCA_128,2,Magdalena Cauca,24,Sogamoso,2403,Río Chicamocha,409848.0,1.1782712117989309e-06,-0.4834711282198113,0.372203266223805,-0.14960513730649305,-0.10795014938917388,-0.47087054381827864,0.383303541600447
"POLYGON ((5026728.336133718 2234806.9994200426, 5026728.750263977 2233886.1711032414, 5027650.436966563 2233886.592480522, 5027650.008555505 2234807.421362682, 5026728.336133718 2234806.9994200426))",301745,1,2,0.8295833587646484,77.85948181152344,4.479540634155273,1.0199999809265137,1125.0,85.95311737060547,3256.0,63,POMCA_128,2,Magdalena Cauca,24,Sogamoso,2403,Río Chicamocha,409848.0,1.1782600491279998e-06,-0.4834711282198113,0.8896209395035458,-0.13158666916196265,-0.10827655041899195,-0.4708831537772742,0.8998912148366872
"POLYGON ((5007373.428475127 2233880.6218195353, 5007373.542561414 2232959.801233114, 5008295.235870792 2232959.922482294, 5008295.10752368 2233880.743231623, 5007373.428475127 2233880.6218195353))",302747,1,1,0.5099999904632568,81.60173797607422,4.084338760375976,0.7699999809265137,907.0,60.41383743286133,4056.0,64,POMCA_126,2,Magdalena Cauca,24,Sogamoso,2402,Río Fonce,241081.0,1.178261965616116e-06,-0.4834711282198113,-0.4834711282198113,-0.14960513730649305,-0.02347586029478025,-0.47088098880827073,-0.470961999799252
"POLYGON ((5016590.229031712 2233882.478714259, 5016590.485727033 2232961.655636299, 5017512.181626313 2232961.9195328266, 5017511.910669965 2233882.7429653523, 5016590.229031712 2233882.478714259))",302757,1,1,0.9475000381469728,76.63817596435547,4.081554412841797,1.170000076293945,1153.0,52.770263671875,3156.0,63,POMCA_128,2,Magdalena Cauca,24,Sogamoso,2403,Río Chicamocha,409848.0,1.17825526786056e-06,-0.4834711282198113,1.0867752029320372,-0.14960513730649305,-0.0388362498734875,-0.4708885549565024,1.096559649353914
"POLYGON ((5016590.485727033 2232961.655636299, 5016590.742073642 2232040.832842748, 5017512.452214577 2232041.0963846873, 5017512.181626313 2232961.9195328266, 5016590.485727033 2232961.655636299))",303783,3,12,0.9762499809265136,75.96418762207031,4.006386947631836,1.2100000381469729,1295.0,83.9599838256836,3185.25,63,POMCA_128,2,Magdalena Cauca,24,Sogamoso,2403,Río Chicamocha,409848.0,3.534712241640837e-06,2.1832942218815288,-0.48347112821981136,0.04859801228334135,-0.14728645066376223,2.191093151539641,-0.4708798469469853
"POLYGON ((5060833.57188971 2232069.552801001, 5060834.510615255 2231148.6916472022, 5061756.274122345 2231149.637766889, 5061755.321171455 2232070.500195457, 5060833.57188971 2232069.552801001))",304852,1,3,0.9058333396911621,73.87387084960938,5.299371337890625,1.1100000381469726,1673.0,70.63705444335938,3305.0,105,POMCA_281,3,Orinoco,36,Casanare,3602,Río Casanare,581900.0,1.1781183740640445e-06,-0.4834711282198113,-0.4834711282198113,-0.11356820101743226,-0.14523119336573218,-0.4710431976196664,-0.4710746132714879
"POLYGON ((5058990.98738127 2231146.842096317, 5058991.896416437 2230225.9837159254, 5059913.671615564 2230226.90014015, 5059912.748374626 2231147.7597570443, 5058990.98738127 2231146.842096317))",305899,1,1,0.8479166984558105,74.68254089355469,5.553288650512696,1.05,2046.0,71.51770782470703,3380.0,105,POMCA_281,3,Orinoco,36,Casanare,3602,Río Casanare,581900.0,1.1781070673463964e-06,-0.4834711282198113,-0.48347112821981136,-0.14960513730649305,-0.13548735799912842,-0.47105597030165247,-0.47106975971556103
"POLYGON ((5062678.038915089 2231150.5981162037, 5062679.004773931 2230229.734674761, 5063600.785077689 2230230.7079406097, 5063599.805012679 2231151.5726952488, 5062678.038915089 2231150.5981162037))",305903,1,2,1.0595833778381347,72.4609375,4.648843383789062,1.2800000190734864,1612.0,86.04046630859375,3138.0,105,POMCA_281,3,Orinoco,36,Casanare,3602,Río Casanare,581900.0,1.178093870437337e-06,-0.4834711282198113,-0.4834711282198113,-0.13158666916196265,-0.14090157633779152,-0.47107087824645644,-0.47107142138386
"POLYGON ((5008295.619865984 2230197.4619401046, 5008295.747515657 2229276.6423266986, 5009217.497847318 2229276.777112122, 5009217.356014299 2230197.596907647, 5008295.619865984 2230197.4619401046))",306873,1,8,0.5583333492279052,81.32530212402344,4.376244354248047,0.8300000190734863,1060.0,50.51051712036133,3711.0,63,POMCA_128,2,Magdalena Cauca,24,Sogamoso,2403,Río Chicamocha,409848.0,1.1781902525332708e-06,-0.4834711282198113,0.14751955284294863,-0.02347586029478025,-0.13007651376273036,-0.470961999799252,0.15880042481237222
"POLYGON ((5060835.44806206 2230227.8307746323, 5060836.384230108 2229306.970182912, 5061758.176129756 2229307.9137528203, 5061757.225775118 2230228.775619469, 5060835.44806206 2230227.8307746323))",306928,1,1,0.9166666984558104,73.72372436523438,5.2757312774658205,1.109999942779541,2164.0,77.36304473876953,3144.0,105,POMCA_281,3,Orinoco,36,Casanare,3602,Río Casanare,581900.0,1.1780827869676486e-06,-0.4834711282198113,-0.48347112821981125,-0.14960513730649305,-0.13870949424136358,-0.47108339873542937,-0.47106910502322463
"POLYGON ((5061757.225775118 2230228.775619469, 5061758.176129756 2229307.9137528203, 5062679.969315257 2229308.8715140084, 5062679.004773931 2230229.734674761, 5061757.225775118 2230228.775619469))",306929,1,1,0.9291666984558106,72.86135864257812,5.2172496795654295,1.1300000190734862,2107.0,82.08435821533203,3144.0,105,POMCA_281,3,Orinoco,36,Casanare,3602,Río Casanare,581900.0,1.1780794628841078e-06,-0.4834711282198113,-0.4834711282198113,-0.14960513730649305,-0.13792035816474874,-0.4710871538006288,-0.4710690235753174
"POLYGON ((4991704.25248434 2229276.6423266986, 4991704.125009032 2228355.8229963174, 4992625.889331934 2228355.70256183, 4992626.002643285 2229276.5217292528, 4991704.25248434 2229276.6423266986))",307896,1,1,1.1554166793823242,75.7513656616211,2.8877349853515626,1.2199999809265136,1021.0,50.16715240478516,3025.0,64,POMCA_126,2,Magdalena Cauca,24,Sogamoso,2402,Río Fonce,241081.0,1.1781729445073557e-06,-0.4834711282198113,0.0,-0.14960513730649305,0.0,-0.4709815518848085,0.0
"POLYGON ((5029496.087682198 2229283.331994483, 5029496.540935261 2228362.5036246027, 5030418.314700663 2228362.964117382, 5030417.847282907 2229283.7931103506, 5029496.087682198 2229283.331994483))",307937,1,1,1.103333377838135,73.91857147216797,3.5632808685302733,1.3100000381469727,1232.0,65.8809585571289,3008.0,63,POMCA_128,2,Magdalena Cauca,24,Sogamoso,2403,Río Chicamocha,409848.0,1.178148533068868e-06,-0.4834711282198113,0.0,-0.14960513730649305,0.0,-0.4710091283707815,0.0
"POLYGON ((5049774.974744268 2229296.7542290934, 5049775.739634284 2228375.907722261, 5050697.531766953 2228376.679959246, 5050696.752710812 2229297.527510984, 5049774.974744268 2229296.7542290934))",307959,1,1,0.5320833206176758,77.8100814819336,6.076999664306641,0.8599999427795411,1038.0,59.12309265136719,3968.0,63,POMCA_128,2,Magdalena Cauca,24,Sogamoso,2403,Río Chicamocha,409848.0,1.1781010508182793e-06,-0.4834711282198113,0.0,-0.14960513730649305,0.0,-0.47106276689839166,0.0
"POLYGON ((5005530.582463676 2228355.5041992245, 5005530.667330902 2227434.6855828734, 5006452.445510484 2227434.777555162, 5006452.346498698 2228355.5962961363, 5005530.582463676 2228355.5041992245))",308951,1,1,0.5770833492279053,80.6547622680664,4.459200668334961,0.8399999618530274,1173.0,61.225868225097656,3808.0,63,POMCA_128,2,Magdalena Cauca,24,Sogamoso,2403,Río Chicamocha,409848.0,1.1781559590231528e-06,-0.4834711282198113,0.28452716295514635,-0.14960513730649305,-0.036371546090048855,-0.4710007396097392,0.295501878131718
"POLYGON ((5010139.404174143 2228356.106371723, 5010139.55976429 2227435.286940527, 5011061.338807577 2227435.449660988, 5011061.169072803 2228356.269312672, 5010139.404174143 2228356.106371723))",308956,1,1,0.7495833396911621,78.26461029052734,4.5649772644042965,0.9699999809265136,1094.0,46.55893707275391,3511.0,63,POMCA_128,2,Magdalena Cauca,24,Sogamoso,2403,Río Chicamocha,409848.0,1.1781537262170082e-06,-0.4834711282198113,0.321085081859942,-0.14960513730649305,-0.11290738150541169,-0.4710032619087573,0.33201549366299116
"POLYGON ((5011061.169072803 2228356.269312672, 5011061.338807577 2227435.449660988, 5011983.118081184 2227435.6265311292, 5011982.934201764 2228356.4464224735, 5011061.169072803 2228356.269312672))",308957,1,1,0.8370833396911621,77.80448150634766,4.287711334228516,1.040000057220459,1018.0,45.2718391418457,3446.0,63,POMCA_128,2,Magdalena Cauca,24,Sogamoso,2403,Río Chicamocha,409848.0,1.1781531308051722e-06,-0.4834711282198113,0.17443663037790502,-0.14960513730649305,-0.1169412522897403,-0.4710039345182863,0.18563945269427837
"POLYGON ((5001843.555572236 2227434.4591896366, 5001843.5838225465 2226513.641162356, 5002765.375781808 2226513.6764883557, 5002765.3334063385 2227434.4945635716, 5001843.555572236 2227434.4591896366))",309987,1,1,0.7125,79.2592544555664,4.207676696777344,0.9,1100.0,65.75788116455078,3744.0,64,POMCA_126,2,Magdalena Cauca,24,Sogamoso,2402,Río Fonce,241081.0,1.1781391472332922e-06,-0.4834711282198113,-0.07761617791813923,-0.14960513730649305,0.02913634077235302,-0.47101973112011286,-0.06597538589006816
"POLYGON ((5010139.55976429 2227435.286940527, 5010139.715141317 2226514.4677915666, 5011061.508309857 2226514.630291526, 5011061.338807577 2227435.449660988, 5010139.55976429 2227435.286940527))",309996,3,4,0.8616666793823242,77.5157241821289,4.265790939331055,1.0600000381469727,1103.0,47.782501220703125,3319.0,63,POMCA_128,2,Magdalena Cauca,24,Sogamoso,2403,Río Chicamocha,409848.0,3.534408063768421e-06,2.1832942218815288,-0.055665071297595306,-0.09554973287290185,-0.11846991154407173,2.1907495357041293,-0.04403786385503892
"POLYGON ((5011983.118081184 2227435.6265311292, 5011983.301708735 2226514.8069219915, 5012905.095357148 2226514.9976829817, 5012904.897604307 2227435.817550969, 5011983.118081184 2227435.6265311292))",309998,1,1,0.8583333015441894,78.25396728515625,4.422737884521484,1.05,1019.0,46.9346923828125,3435.0,63,POMCA_128,2,Magdalena Cauca,24,Sogamoso,2403,Río Chicamocha,409848.0,1.1781347807901404e-06,-0.4834711282198113,0.044372706573900064,-0.14960513730649305,-0.11800434033357013,-0.47102466369130835,0.055811823212581574
"POLYGON ((5012904.897604307 2227435.817550969, 5012905.095357148 2226514.9976829817, 5013826.889274292 2226515.202574516, 5013826.67739614 2227436.022720528, 5012904.897604307 2227435.817550969))",309999,1,1,0.8883333206176758,77.21712493896484,4.271114730834961,1.0899999618530274,1080.0,50.48860549926758,3315.0,63,POMCA_128,2,Magdalena Cauca,24,Sogamoso,2403,Río Chicamocha,409848.0,1.178134086127783e-06,-0.4834711282198113,-0.029990848368683137,-0.14960513730649305,-0.12493918271748791,-0.4710254484196138,-0.0184140905775898
"POLYGON ((5000921.791901676 2226513.6199667575, 5000921.806007455 2225592.802250162, 5001843.612034107 2225592.8234169977, 5001843.5838225465 2226513.641162356, 5000921.791901676 2226513.6199667575))",311026,1,8,0.7383333206176758,79.52898406982422,4.141438293457031,0.9199999809265136,1038.0,52.43460464477539,3501.0,64,POMCA_126,2,Magdalena Cauca,24,Sogamoso,2402,Río Fonce,241081.0,1.178121566379152e-06,-0.4834711282198113,-0.09670150140419764,-0.02347586029478025,0.0015846383348465838,-0.4710395914072416,-0.08503612862776878
"POLYGON ((5010139.715141317 2226514.4677915666, 5010139.870305221 2225593.648924459, 5011061.677579639 2225593.8112039035, 5011061.508309857 2226514.630291526, 5010139.715141317 2226514.4677915666))",311036,2,3,0.9329166412353516,76.38888549804688,4.008277511596679,1.140000057220459,1119.0,50.10205841064453,3248.6666666666665,63,POMCA_128,2,Magdalena Cauca,24,Sogamoso,2403,Río Chicamocha,409848.0,2.3562366822215434e-06,0.8499115468308588,0.3173575133490045,-0.11356820101743226,-0.10407518055761086,0.8598231917514939,0.3282779152553461
"POLYGON ((5012905.095357148 2226514.9976829817, 5012905.29283874 2225594.178096803, 5013827.10086182 2225594.382710296, 5013826.889274292 2226515.202574516, 5012905.095357148 2226514.9976829817))",311039,1,2,0.8016666412353516,78.33332824707031,4.584229278564453,1.0,1019.0,49.61341857910156,3388.0,63,POMCA_128,2,Magdalena Cauca,24,Sogamoso,2403,Río Chicamocha,409848.0,1.1781164059520014e-06,-0.4834711282198113,-0.03810676217891869,-0.13158666916196265,-0.1254948061139788,-0.47104542090585977,-0.02651990976303948
"POLYGON ((5001843.612034107 2225592.8234169977, 5001843.640206917 2224672.0059531797, 5002765.460358373 2224672.0411833003, 5002765.418099153 2225592.8586950595, 5001843.612034107 2225592.8234169977))",312090,1,19,0.66875,79.90740966796875,4.503155517578125,0.9,955.0,50.10532760620117,3642.0,64,POMCA_126,2,Magdalena Cauca,24,Sogamoso,2402,Río Fonce,241081.0,1.178103811856322e-06,-0.4834711282198113,-0.06385782648787672,0.17472728929505416,-0.014751305444857499,-0.4710596478799489,-0.052262117660951686
"POLYGON ((5004609.030421209 2225592.9715848784, 5004609.100853261 2224672.1539197084, 5005530.92123509 2224672.231426007, 5005530.836716611 2225593.0491966475, 5004609.030421209 2225592.9715848784))",312093,3,5,0.6045833587646484,80.96591186523438,4.6243339538574215,0.8800000190734864,992.0,53.46235275268555,3800.8,63,POMCA_128,2,Magdalena Cauca,24,Sogamoso,2403,Río Chicamocha,409848.0,3.5343096492392283e-06,2.1832942218815288,-0.24631694899307238,-0.07753126472837145,-0.0442143316021338,2.1906383613099947,-0.23438335555641554
"POLYGON ((5010139.870305221 2225593.648924459, 5010140.025255998 2224672.8303388217, 5011061.846616919 2224672.9923977377, 5011061.677579639 2225593.8112039035, 5010139.870305221 2225593.648924459))",312099,2,6,0.9462499618530272,76.3043441772461,4.140296173095703,1.15,1140.0,65.36217498779297,3267.0,63,POMCA_128,2,Magdalena Cauca,24,Sogamoso,2403,Río Chicamocha,409848.0,2.356201371559081e-06,0.8499115468308588,0.2238168988941153,-0.05951279658384105,-0.10782860849002866,0.8597833029105072,0.23490630111287034
"POLYGON ((5011061.677579639 2225593.8112039035, 5011061.846616919 2224672.9923977377, 5011983.668208213 2224673.1685488075, 5011983.485084413 2225593.9875946785, 5011061.677579639 2225593.8112039035))",312100,2,8,0.8745833396911621,77.80374145507812,4.397616195678711,1.0699999809265135,1088.0,65.66961669921875,3348.0,63,POMCA_128,2,Magdalena Cauca,24,Sogamoso,2403,Río Chicamocha,409848.0,2.356200180678436e-06,0.8499115468308588,0.16912411518609005,-0.02347586029478025,-0.11858611500883576,0.8597819576270892,0.1803153150060543
"POLYGON ((5012905.29283874 2225594.178096803, 5012905.490049081 2224673.35879205, 5013827.3121587215 2224673.563127485, 5013827.10086182 2225594.382710296, 5012905.29283874 2225594.178096803))",312102,1,1,0.937916660308838,76.6224136352539,4.191215896606446,1.1300000190734862,1161.0,85.06790924072266,3334.0,63,POMCA_128,2,Magdalena Cauca,24,Sogamoso,2403,Río Chicamocha,409848.0,1.1780987505899213e-06,-0.4834711282198113,0.03683960914479559,-0.14960513730649305,-0.11520162507543916,-0.47106536536120175,0.048283275738710135
"POLYGON ((5002765.460358373 2224672.0411833003, 5002765.502559466 2223751.2239526957, 5003687.336835554 2223751.2732077483, 5003687.2805674225 2224672.090505475, 5002765.460358373 2224672.0411833003))",313135,1,29,0.6574999809265136,80.1851806640625,4.5251823425292965,0.9,1014.0,69.5229263305664,3750.0,64,POMCA_126,2,Magdalena Cauca,24,Sogamoso,2402,Río Fonce,241081.0,1.1780860325229066e-06,-0.4834711282198113,0.07839096814707633,0.3549119707403582,-0.05853216733705396,-0.47107973238004053,0.08970617133830047
"POLYGON ((5004609.100853261 2224672.1539197084, 5004609.171188436 2223751.336535683, 5005531.005637317 2223751.413936505, 5005530.92123509 2224672.231426007, 5004609.100853261 2224672.1539197084))",313137,1,3,0.6541666507720947,80.92591857910156,4.713777923583985,0.9,1019.0,47.40985107421875,3683.3333333333335,63,POMCA_128,2,Magdalena Cauca,24,Sogamoso,2403,Río Chicamocha,409848.0,1.1780855859342955e-06,-0.4834711282198113,0.44048435626675536,-0.11356820101743226,-0.04453167900221622,-0.4710802368707766,0.45110650008323366
"POLYGON ((5009218.204106255 2224672.6823720434, 5009218.344776792 2223751.8642688585, 5010140.179993646 2223752.0120342723, 5010140.025255998 2224672.8303388217, 5009218.204106255 2224672.6823720434))",313142,1,1,1.0670833587646484,74.67948150634766,3.810621643066406,1.3000000953674316,1099.0,71.88043975830078,3083.0,63,POMCA_128,2,Magdalena Cauca,24,Sogamoso,2403,Río Chicamocha,409848.0,1.1780836010935534e-06,-0.4834711282198113,0.3508066181183737,-0.14960513730649305,-0.10385035883369373,-0.4710824790546163,0.36163869010989524
"POLYGON ((5004609.171188436 2223751.336535683, 5004609.241426734 2222830.519432419, 5005531.089923291 2222830.596727758, 5005531.005637317 2223751.413936505, 5004609.171188436 2223751.336535683))",314166,2,2,0.7662499904632568,78.82653045654297,4.622695541381836,0.9800000190734864,983.0,46.818092346191406,3520.5,63,POMCA_128,2,Magdalena Cauca,24,Sogamoso,2403,Río Chicamocha,409848.0,2.3561359605306574e-06,0.8499115468308588,-0.09508463561566592,-0.13158666916196265,-0.054247203918769055,0.8597094110622773,-0.08344318796671121
"POLYGON ((5004609.241426734 2222830.519432419, 5004609.311568151 2221909.7026095344, 5005531.174093008 2221909.779799384, 5005531.089923291 2222830.596727758, 5004609.241426734 2222830.519432419))",315189,1,1,0.9383333206176758,77.13864135742188,4.190538024902343,1.1300000190734862,951.0,51.14453887939453,3340.0,63,POMCA_128,2,Magdalena Cauca,24,Sogamoso,2403,Río Chicamocha,409848.0,1.1780503994042289e-06,-0.4834711282198113,0.35262931361976524,-0.14960513730649305,-0.044980935328163524,-0.47111998548507106,0.36339347578125286
"POLYGON ((5010140.334518162 2222831.194010428, 5010140.488829541 2221910.376266906, 5011062.352333716 2221910.5376641536, 5011062.183993961 2222831.3556282455, 5010140.334518162 2222831.194010428))",315195,1,4,1.0800000190734864,75.25641632080078,3.801914596557617,1.2999999046325683,1263.0,90.9482421875,2961.0,63,POMCA_128,2,Magdalena Cauca,24,Sogamoso,2403,Río Chicamocha,409848.0,1.1780478686499421e-06,-0.4834711282198113,0.3158484587920428,-0.09554973287290185,-0.10655019445593406,-0.4711228443624832,0.32675221288878153
"POLYGON ((5037795.996977585 2222842.1560628735, 5037796.572153981 2221921.3233587793, 5038718.450924226 2221921.90580863, 5038717.861718277 2222842.739308715, 5037795.996977585 2222842.1560628735))",315225,2,5,1.1695833206176758,71.89655303955078,3.7261863708496095,1.45,986.0,40.75242233276367,2957.2,63,POMCA_128,2,Magdalena Cauca,24,Sogamoso,2403,Río Chicamocha,409848.0,2.3560168382478197e-06,0.8499115468308588,-0.48347112821981125,-0.07753126472837145,-0.14960513730649305,0.8595748440656046,-0.4712104651613481
"POLYGON ((5050702.183724856 2222851.6005341066, 5050702.955321205 2221930.754940583, 5051624.847130347 2221931.533898165, 5051624.061503438 2222852.3805562304, 5050702.183724856 2222851.6005341066))",315239,1,1,0.6391666889190674,72.86821746826172,6.9538520812988285,0.8600000381469727,2034.0,71.93499755859375,3576.0,363,POMCA_273,3,Orinoco,35,Meta,3523,Río Pauto,261143.0,1.1779747264566992e-06,-0.4834711282198113,-0.4834711282198113,-0.14960513730649305,-0.14262559769862046,-0.47120546975414196,-0.47127094217745946
"POLYGON ((4985250.191153278 2221911.3235995113, 4985249.967009849 2220990.5048412, 4986171.84556003 2220990.287602674, 4986172.05569438 2221911.1060636765, 4985250.191153278 2221911.3235995113))",316185,1,1,1.0670833587646484,75.4347915649414,3.4997291564941406,1.1499999046325684,1139.0,57.29654693603516,3115.0,64,POMCA_126,2,Magdalena Cauca,24,Sogamoso,2402,Río Fonce,241081.0,1.17802763289453e-06,-0.4834711282198113,-0.4834711282198113,-0.14960513730649305,-0.14960513730649305,-0.47114570377019727,-0.4712195773692808
"POLYGON ((5001843.724492843 2221909.5552471364, 5001843.752510647 2220988.73890565, 5002765.628813982 2220988.773943978, 5002765.586787271 2221909.590333417, 5001843.724492843 2221909.5552471364))",316203,1,2,0.6816666603088379,80.76923370361328,4.6677490234375,0.909999942779541,944.0,46.7779655456543,3604.0,63,POMCA_128,2,Magdalena Cauca,24,Sogamoso,2403,Río Chicamocha,409848.0,1.1780334388317622e-06,-0.4834711282198113,0.3175237116261412,-0.13158666916196265,-0.018685146184071855,-0.4711391450683524,0.32833908809921286
"POLYGON ((5002765.586787271 2221909.590333417, 5002765.628813982 2220988.773943978, 5003687.505174928 2220988.8229976417, 5003687.449139308 2221909.6394542144, 5002765.586787271 2221909.590333417))",316204,2,5,0.8416666984558105,78.6407699584961,4.233702087402344,1.0300000190734864,973.0,47.10472869873047,3473.2,63,POMCA_128,2,Magdalena Cauca,24,Sogamoso,2403,Río Chicamocha,409848.0,2.3560665799203e-06,0.8499115468308588,-0.13482439619847866,-0.07753126472837145,-0.04484218251722158,0.8596310349588252,-0.12312221579847366
"POLYGON ((5044249.741154786 2221925.6952621783, 5044250.413609321 2221004.856861983, 5045172.312439145 2221005.5366336163, 5045171.625973968 2221926.3759641326, 5044249.741154786 2221925.6952621783))",316249,1,1,0.78125,75.8591079711914,5.831439208984375,0.9699999809265136,965.0,56.58549499511719,3345.0,63,POMCA_128,2,Magdalena Cauca,24,Sogamoso,2403,Río Chicamocha,409848.0,1.1779752314516859e-06,-0.4834711282198113,-0.4834711282198113,-0.14960513730649305,-0.1405059675678536,-0.4712048992843938,-0.47124400134487915
"POLYGON ((5038719.039316351 2221001.0725875143, 5038719.626894638 2220080.239644986, 5039641.534472501 2220080.8345001605, 5039640.932903354 2221001.668257961, 5038719.039316351 2221001.0725875143))",317261,1,1,1.1058333396911622,72.26277160644531,4.193247985839844,1.3699999809265138,1000.0,43.41615295410156,3139.0,63,POMCA_128,2,Magdalena Cauca,24,Sogamoso,2403,Río Chicamocha,409848.0,1.1779712463170147e-06,-0.4834711282198113,-0.19900025318459502,-0.14960513730649305,-0.06719461196376997,-0.47120940110883225,-0.187315110733019
"POLYGON ((5039640.932903354 2221001.668257961, 5039641.534472501 2220080.8345001605, 5040563.442876219 2220081.4433528497, 5040562.827316149 2221002.2779451064, 5039640.932903354 2221001.668257961))",317262,1,1,1.2579166412353515,67.92169189453125,3.90488395690918,1.6599998474121094,1035.0,39.92550277709961,2888.0,63,POMCA_128,2,Magdalena Cauca,24,Sogamoso,2403,Río Chicamocha,409848.0,1.177969112525599e-06,-0.4834711282198113,-0.22034723915162635,-0.14960513730649305,-0.13538239539765617,-0.471211811555438,-0.20860847384582293
"POLYGON ((5051626.415128774 2220089.841416128, 5051627.19750026 2219168.9955913955, 5052549.132360442 2219169.7853342374, 5052548.336016452 2220090.6322428947, 5051626.415128774 2220089.841416128))",318291,1,1,0.7420833110809326,72.67024993896484,6.293786239624024,0.9299999237060548,1720.0,76.29450225830078,3551.0,363,POMCA_273,3,Orinoco,35,Meta,3523,Río Pauto,261143.0,1.177919350211658e-06,-0.4834711282198113,-0.4834711282198113,-0.14960513730649305,-0.1417884820862818,-0.4712680257663732,-0.4712358735995539
"POLYGON ((4984327.612835552 2219149.0987836346, 4984327.375671239 2218228.28054606, 4985249.296439729 2218228.0502416007, 4985249.51965307 2219148.8681626273, 4984327.612835552 2219149.0987836346))",319243,1,1,1.0420833587646483,76.5625,3.652262496948242,1.1199999809265138,1025.0,54.0755500793457,3008.0,64,POMCA_126,2,Magdalena Cauca,24,Sogamoso,2402,Río Fonce,241081.0,1.1779743192889997e-06,-0.4834711282198113,-0.22394813104547012,-0.14960513730649305,-0.12856298514032116,-0.47120592971287645,-0.2122270721040015
"POLYGON ((4989859.049515162 2219147.9247144484, 4989858.896056354 2218227.108088389, 4990780.815268973 2218226.961531424, 4990780.954776928 2219147.777956044, 4989859.049515162 2219147.9247144484))",319249,1,1,0.5724999904632568,80.0,4.239961624145508,0.85,901.0,55.98360443115234,3789.0,64,POMCA_126,2,Magdalena Cauca,24,Sogamoso,2402,Río Fonce,241081.0,1.1779783389735517e-06,-0.4834711282198113,0.8467961565013046,-0.14960513730649305,-0.10150989484673116,-0.4712013888590173,0.8399355158733572
"POLYGON ((4990780.954776928 2219147.777956044, 4990780.815268973 2218226.961531424, 4991702.73428951 2218226.828932312, 4991702.859846627 2219147.6451746775, 4990780.954776928 2219147.777956044))",319250,5,9,0.5604166507720947,80.88235473632812,4.479541015625,0.85,990.0,48.20401382446289,3949.4444444444443,64,POMCA_126,2,Magdalena Cauca,24,Sogamoso,2402,Río Fonce,241081.0,5.889894176151394e-06,4.850059571982869,0.07717279392929083,-0.005457392150249848,-0.12384740497209952,4.851634504467344,0.0697406666444777
"POLYGON ((4991702.859846627 2219147.6451746775, 4991702.73428951 2218226.828932312, 4992624.6531371735 2218226.7102910387, 4992624.764743467 2219147.5263703344, 4991702.859846627 2219147.6451746775))",319251,1,2,0.5837500095367432,79.45075988769531,4.4778495788574215,0.8800000190734864,985.0,44.84585571289063,3902.0,64,POMCA_126,2,Magdalena Cauca,24,Sogamoso,2402,Río Fonce,241081.0,1.1779792818618345e-06,-0.4834711282198113,0.7872717987411209,-0.13158666916196265,-0.11169899701939116,-0.4712003237212329,0.7740078946201455
"POLYGON ((4992624.764743467 2219147.5263703344, 4992624.6531371735 2218226.7102910387, 4993546.571831171 2218226.6056075916, 4993546.669486652 2219147.4215430026, 4992624.764743467 2219147.5263703344))",319252,1,1,0.6704166889190674,79.43840026855469,4.448996353149414,0.9200000762939452,1042.0,42.17928314208984,3913.0,64,POMCA_126,2,Magdalena Cauca,24,Sogamoso,2402,Río Fonce,241081.0,1.1779796788681355e-06,-0.4834711282198113,0.4828321956508166,-0.14960513730649305,-0.11991373791800186,-0.47119987524136575,0.4635920360511815
"POLYGON ((5047939.468623785 2219165.9764120094, 5047940.194098415 2218245.1350083845, 5048862.138724118 2218245.867827354, 5048861.399296686 2219166.7102382197, 5047939.468623785 2219165.9764120094))",319312,1,2,0.5979166507720948,73.99598693847656,6.79390869140625,0.8300000190734863,1676.0,71.74835205078125,3698.0,63,POMCA_128,2,Magdalena Cauca,24,Sogamoso,2403,Río Chicamocha,409848.0,1.1779126853018245e-06,-0.4834711282198113,-0.4834711282198113,-0.13158666916196265,-0.14960513730649305,-0.47127555481029365,-0.4712288971494245
"POLYGON ((4988936.976632444 2218227.2686032224, 4988936.809455297 2217306.4520349344, 4989858.742810698 2217306.291740739, 4989858.896056354 2218227.108088389, 4988936.976632444 2218227.2686032224))",320253,1,1,0.6408333301544189,79.69348907470703,4.34235725402832,0.8699999809265136,1006.0,70.7998046875,3766.0,64,POMCA_126,2,Magdalena Cauca,24,Sogamoso,2402,Río Fonce,241081.0,1.1779603361999304e-06,-0.4834711282198113,0.5032242583705967,-0.14960513730649305,-0.10834381310846473,-0.4712217257692938,0.5000198149459073
"POLYGON ((4989858.896056354 2218227.108088389, 4989858.742810698 2217306.291740739, 4990780.675954792 2217306.1453852253, 4990780.815268973 2218226.961531424, 4989858.896056354 2218227.108088389))",320254,2,6,0.6145833492279053,80.91085815429688,4.448995590209961,0.8599999427795412,925.0,59.89898300170898,3737.1666666666665,64,POMCA_126,2,Magdalena Cauca,24,Sogamoso,2402,Río Fonce,241081.0,2.35592176418604e-06,0.8499115468308588,0.553126815403655,-0.05951279658384105,-0.11549162405108963,0.859467443244781,0.5484844853274201
"POLYGON ((4992624.6531371735 2218226.7102910387, 4992624.541685899 2217305.8944901847, 4993546.474311331 2217305.789950632, 4993546.571831171 2218226.6056075916, 4992624.6531371735 2218226.7102910387))",320257,1,1,0.7091666698455811,79.7872314453125,4.425306701660157,0.9399999618530274,990.0,42.78742980957031,3504.0,64,POMCA_126,2,Magdalena Cauca,24,Sogamoso,2402,Río Fonce,241081.0,1.1779622220087826e-06,-0.4834711282198113,0.43193372259917473,-0.14960513730649305,-0.11609430856959148,-0.4712195954572522,0.406674279516224
"POLYGON ((5035033.06547946 2218236.3412864422, 5035033.594885879 2217315.5122472034, 5035955.5412079925 2217316.048897052, 5035954.997869089 2218236.8786749635, 5035033.06547946 2218236.3412864422))",320302,1,1,1.0466666221618652,72.65625,4.412448501586914,1.2799999237060546,1328.0,107.24763488769533,3215.0,63,POMCA_128,2,Magdalena Cauca,24,Sogamoso,2403,Río Chicamocha,409848.0,1.1779268386049085e-06,-0.4834711282198113,0.010923419918267452,-0.14960513730649305,0.14311607065906184,-0.47125956647088607,0.022079711550475722
"POLYGON ((4987092.942033733 2217306.814439443, 4987092.747264837 2216385.9976503043, 4988014.695012632 2216385.8097377163, 4988014.875869378 2217306.62626783, 4987092.942033733 2217306.814439443))",321282,1,1,0.7512499809265136,79.3956069946289,4.259347915649414,0.9100000381469726,1050.0,67.7974624633789,3586.0,64,POMCA_126,2,Magdalena Cauca,24,Sogamoso,2402,Río Fonce,241081.0,1.1779416634236173e-06,-0.4834711282198113,0.49023084617440826,-0.14960513730649305,-0.10134760537375774,-0.47124281955097874,0.5004603708851824
"POLYGON ((4988936.809455297 2217306.4520349344, 4988936.642510681 2216385.635744659, 4989858.589778196 2216385.475671114, 4989858.742810698 2217306.291740739, 4988936.809455297 2217306.4520349344))",321284,1,1,0.6016666889190674,80.03875732421875,4.489043807983398,0.8600000381469727,1020.0,69.27237701416016,3719.0,64,POMCA_126,2,Magdalena Cauca,24,Sogamoso,2402,Río Fonce,241081.0,1.177942904106855e-06,-0.4834711282198113,0.4622695875460165,-0.14960513730649305,-0.10973090350898841,-0.4712414180078488,0.45981675188246157
"POLYGON ((4989858.742810698 2217306.291740739, 4989858.589778196 2216385.475671114, 4990780.536834386 2216385.329517064, 4990780.675954792 2217306.1453852253, 4989858.742810698 2217306.291740739))",321285,3,3,0.6104166507720947,79.98085021972656,4.361287307739258,0.8699999809265136,957.0,58.308738708496094,3768.0,64,POMCA_126,2,Magdalena Cauca,24,Sogamoso,2402,Río Fonce,241081.0,3.5338303500257673e-06,2.1832942218815288,0.3651202889568944,-0.11356820101743226,-0.11105884649327624,2.1900969189020207,0.3603874708721235
"POLYGON ((5032267.760222605 2217313.9859353784, 5032268.2471536705 2216393.1592744123, 5033190.205256403 2216393.653424302, 5033189.704412396 2217314.480766421, 5032267.760222605 2217313.9859353784))",321330,1,2,1.0362500190734862,73.21427917480469,4.243310928344727,1.2600000381469727,1075.0,63.25730514526367,3015.0,63,POMCA_128,2,Magdalena Cauca,24,Sogamoso,2403,Río Chicamocha,409848.0,1.1779149145168422e-06,-0.4834711282198113,0.39347593214230014,-0.13158666916196265,0.08231667156164982,-0.4712730365680074,0.40382563162873386
"POLYGON ((5035955.5412079925 2217316.048897052, 5035956.08379115 2216395.2193963444, 5036878.044775625 2216395.7692279997, 5036877.4882793045 2217316.5994866136, 5035955.5412079925 2217316.048897052))",321334,1,40,0.7895833492279053,75.76530456542969,5.577789306640625,0.9800000190734866,1177.0,82.95136260986328,3495.0,63,POMCA_128,2,Magdalena Cauca,24,Sogamoso,2403,Río Chicamocha,409848.0,1.1779074705523563e-06,-0.4834711282198113,0.13229546355371624,0.5531151203301926,-0.1306394464940264,-0.47128144567435043,0.14320272700861708
"POLYGON ((5038721.384746362 2217317.742485112, 5038721.969069187 2216396.9106531194, 5039643.9324167 2216397.502246704, 5039643.334180532 2217318.334894169, 5038721.384746362 2217317.742485112))",321337,1,1,0.7329166412353516,75.53763580322266,6.117999649047851,0.9299999237060548,1162.0,56.7717399597168,3493.0,63,POMCA_128,2,Magdalena Cauca,24,Sogamoso,2403,Río Chicamocha,409848.0,1.1779013665264971e-06,-0.4834711282198113,0.4524017446615698,-0.14960513730649305,0.03501550673001305,-0.4712883411132886,0.46261864697348937
"POLYGON ((4987092.747264837 2216385.9976503043, 4987092.552767232 2215465.181138765, 4988014.514407799 2215464.993485218, 4988014.695012632 2216385.8097377163, 4987092.747264837 2216385.9976503043))",322288,2,7,0.8783333778381348,78.5,3.892494964599609,1.0,980.0,70.40608215332031,3305.0,64,POMCA_126,2,Magdalena Cauca,24,Sogamoso,2402,Río Fonce,241081.0,2.3558485122135113e-06,0.8499115468308588,0.2748917695877967,-0.04149432843931065,-0.11274280066743256,0.8593846938404821,0.2855445115237009
"POLYGON ((4988936.642510681 2216385.635744659, 4988936.4757986 2215464.8197320136, 4989858.43695885 2215464.659879133, 4989858.589778196 2216385.475671114, 4988936.642510681 2216385.635744659))",322290,1,3,0.7037499904632568,80.09259033203125,4.3543346405029295,0.9,983.0,69.46691131591797,3583.0,64,POMCA_126,2,Magdalena Cauca,24,Sogamoso,2402,Río Fonce,241081.0,1.177925496809405e-06,-0.4834711282198113,0.4534086096006631,-0.11356820101743226,-0.1084621466476747,-0.4712610822359198,0.45080917942681553
"POLYGON ((4989858.589778196 2216385.475671114, 4989858.43695885 2215464.659879133, 4990780.39790776 2215464.513926559, 4990780.536834386 2216385.329517064, 4989858.589778196 2216385.475671114))",322291,2,2,0.6483333587646485,79.96255493164062,4.402133941650391,0.8899999618530273,916.0,69.1413803100586,3733.0,64,POMCA_126,2,Magdalena Cauca,24,Sogamoso,2402,Río Fonce,241081.0,2.3558520854408374e-06,0.8499115468308588,0.49998346382409864,-0.13158666916196265,-0.10891045504527525,0.8593887303520249,0.49484518801173566
"POLYGON ((4990780.536834386 2216385.329517064, 4990780.39790776 2215464.513926559, 4991702.358664544 2215464.3818742773, 4991702.483698466 2216385.1972824945, 4990780.536834386 2216385.329517064))",322292,2,3,0.5920833587646485,80.20833587646484,4.52999267578125,0.8800000190734864,923.0,52.78499603271485,3787.0,64,POMCA_126,2,Magdalena Cauca,24,Sogamoso,2402,Río Fonce,241081.0,2.3558530779997154e-06,0.8499115468308588,0.7316586356861519,-0.11356820101743226,-0.10911845631466288,0.8593898516004099,0.7182099035856359
"POLYGON ((4993546.3769271355 2216384.97457174, 4993546.279678585 2215464.159470534, 4994468.239974264 2215464.069119049, 4994468.323330146 2216384.884095532, 4993546.3769271355 2216384.97457174))",322295,1,1,0.7691666603088378,79.16667175292969,4.5568794250488285,1.0,1004.0,43.87118911743164,3458.0,64,POMCA_126,2,Magdalena Cauca,24,Sogamoso,2402,Río Fonce,241081.0,1.1779277300776005e-06,-0.4834711282198113,0.6746140121438886,-0.14960513730649305,-0.1114161829518175,-0.4712585594149439,0.5946292313651345
"POLYGON ((5000000 2216384.6335461405, 5000000 2215463.8189150444, 5000921.959892214 2215463.825865153, 5000921.945999576 2216384.640505844, 5000000 2216384.6335461405))",322302,1,1,0.6983333110809327,79.64912414550781,4.806876754760742,0.95,1228.0,55.057525634765625,3747.0,63,POMCA_128,2,Magdalena Cauca,24,Sogamoso,2403,Río Chicamocha,409848.0,1.1779287722691807e-06,-0.4834711282198113,0.07362742335016306,-0.14960513730649305,-0.044257772166968815,-0.47125738209876455,0.0846536915994727
"POLYGON ((4988014.514407799 2215464.993485218, 4988014.334054882 2214544.177509952, 4988936.309319058 2214544.003996615, 4988936.4757986 2215464.8197320136, 4988014.514407799 2215464.993485218))",323278,1,4,0.8341666221618652,78.4013671875,4.171512222290039,0.9799999237060548,1003.0,55.6395378112793,3450.0,64,POMCA_126,2,Magdalena Cauca,24,Sogamoso,2402,Río Fonce,241081.0,1.1779075187576305e-06,-0.4834711282198113,0.4986053911232487,-0.09554973287290185,-0.09986068007146225,-0.47128139121905616,0.5087780629354534
"POLYGON ((4988936.4757986 2215464.8197320136, 4988936.309319058 2214544.003996615, 4989858.284352666 2214543.844364412, 4989858.43695885 2215464.659879133, 4988936.4757986 2215464.8197320136))",323279,1,6,0.7391666889190672,78.8530502319336,4.363241195678711,0.9300000190734864,943.0,57.61315155029297,3501.0,64,POMCA_126,2,Magdalena Cauca,24,Sogamoso,2402,Río Fonce,241081.0,1.1779081143038714e-06,-0.4834711282198113,0.4184763574316115,-0.05951279658384105,-0.11118057852043312,-0.4712807184576961,0.4151783424905735
"POLYGON ((4989858.43695885 2215464.659879133, 4989858.284352666 2214543.844364412, 4990780.259174916 2214543.6986133265, 4990780.39790776 2215464.513926559, 4989858.43695885 2215464.659879133))",323280,1,1,0.6579166889190674,80.0561752319336,4.382083129882813,0.8899999618530273,885.0,59.70574569702149,3728.0,64,POMCA_126,2,Magdalena Cauca,24,Sogamoso,2402,Río Fonce,241081.0,1.1779086602236074e-06,-0.4834711282198113,0.7453843070290052,-0.14960513730649305,-0.10012029547338795,-0.4712801017571296,0.7392009675112018
"POLYGON ((4990780.39790776 2215464.513926559, 4990780.259174916 2214543.6986133265, 4991702.233805026 2214543.5667433436, 4991702.358664544 2215464.3818742773, 4990780.39790776 2215464.513926559))",323281,4,5,0.5987500190734864,80.3977279663086,4.568294906616211,0.8799999237060547,922.0,54.66004943847656,3818.8,64,POMCA_126,2,Magdalena Cauca,24,Sogamoso,2402,Río Fonce,241081.0,4.7116366260455285e-06,3.5166768969321986,0.49918713267997494,-0.07753126472837145,-0.10739053664824158,3.520610819833231,0.48546853173889054
"POLYGON ((4992624.3192484155 2215464.2637222726, 4992624.20826221 2214543.448754449, 4994468.156734651 2214543.2544198753, 4994468.239974264 2215464.069119049, 4992624.3192484155 2215464.2637222726))",323283,1,1,0.6645833492279053,79.6985855102539,4.721605682373047,0.9399999618530274,1008.0,57.552032470703125,3636.0,64,POMCA_126,2,Magdalena Cauca,24,Sogamoso,2402,Río Fonce,241081.0,5.889550839177175e-07,-0.4834711282198113,0.8627622956929599,-0.14960513730649305,-0.10381942839753748,-1.1365940300597068,0.8721431543867233
"POLYGON ((5000000 2215463.8189150444, 5000000 2214543.0045612794, 5000921.973765475 2214543.0115017937, 5000921.959892214 2215463.825865153, 5000000 2215463.8189150444))",323290,2,17,0.634166669845581,80.25362396240234,4.804511642456054,0.9199999809265136,1407.0,56.34391021728516,3719.6470588235293,63,POMCA_128,2,Magdalena Cauca,24,Sogamoso,2403,Río Chicamocha,409848.0,2.3558227796319684e-06,0.8499115468308588,-0.2540271053340608,0.13869035300599336,-0.13640692833140458,0.8593556249196019,-0.24233264431865723
"POLYGON ((5000921.959892214 2215463.825865153, 5000921.973765475 2214543.0115017937, 5001843.947550164 2214543.0323233376, 5001843.919803642 2215463.8467154815, 5000921.959892214 2215463.825865153))",323291,1,2,0.725,79.51388549804688,4.824181747436524,0.9600000381469728,1265.0,54.0196418762207,3721.0,63,POMCA_128,2,Magdalena Cauca,24,Sogamoso,2403,Río Chicamocha,409848.0,1.1779113401864887e-06,-0.4834711282198113,0.04238991039420722,-0.13158666916196265,-0.06226063890757476,-0.47127707432559,0.053477703960572394
"POLYGON ((5008297.641335453 2215464.3818742773, 5008297.766194971 2214543.5667433436, 5009219.740825083 2214543.6986133265, 5009219.602092238 2215464.513926559, 5008297.641335453 2215464.3818742773))",323299,1,6,1.115416622161865,74.10941314697266,3.968387985229492,1.3100000381469727,1520.0,64.5842514038086,3022.0,63,POMCA_128,2,Magdalena Cauca,24,Sogamoso,2403,Río Chicamocha,409848.0,1.1779091565095972e-06,-0.4834711282198113,0.6808221017029019,-0.05951279658384105,3.8093416019150403,-0.47127954112553705,0.6905567553855589
"POLYGON ((5035034.651489606 2215473.855000092, 5035035.178686893 2214553.026791457, 5035957.166690185 2214553.5612250166, 5035956.625618551 2215474.39017246, 5035034.651489606 2215473.855000092))",323328,3,5,0.9141666412353515,73.66071319580078,5.062488174438476,1.1199999809265138,1123.0,59.02045822143555,3269.0,63,POMCA_128,2,Magdalena Cauca,24,Sogamoso,2403,Río Chicamocha,409848.0,3.5336238453700424e-06,2.1832942218815288,-0.48347112821981125,-0.07753126472837145,0.09957332455176159,2.1898636400338036,-0.4712751354387472
"POLYGON ((5002765.921373282 2214543.0670259134, 5002765.962934934 2213622.2528627394, 5003687.950669586 2213622.301379184, 5003687.895254044 2214543.115609525, 5002765.921373282 2214543.0670259134))",324300,2,4,1.1116666793823242,74.74746704101562,3.9791126251220703,1.3200000762939452,1100.0,45.53890228271485,2956.0,63,POMCA_128,2,Magdalena Cauca,24,Sogamoso,2403,Río Chicamocha,409848.0,2.3557874687427338e-06,0.8499115468308588,-0.23864953281386808,-0.09554973287290185,-0.10706753038773896,0.859315735822441,-0.22699585457418997
"POLYGON ((5008297.766194971 2214543.5667433436, 5008297.890880083 2213622.751889311, 5009219.879364143 2213622.8835769836, 5009219.740825083 2214543.6986133265, 5008297.766194971 2214543.5667433436))",324306,2,321,0.9445833206176759,76.59091186523438,4.356073379516602,1.1,1140.0,56.2096519470215,3262.0280373831774,63,POMCA_128,2,Magdalena Cauca,24,Sogamoso,2403,Río Chicamocha,409848.0,2.3557835976223876e-06,0.8499115468308588,-0.1793663396785594,5.616304668943235,-0.07090377853390889,0.8593113627947728,-0.16783359409487733
"POLYGON ((5045177.091109 2214559.6690885965, 5045177.769977905 2213638.831973107, 5046099.781136803 2213639.518163714, 5046099.088412223 2214560.356229173, 5045177.091109 2214559.6690885965))",324346,1,1,0.6650000095367432,72.4137954711914,6.711591339111328,0.8699999809265136,1397.0,70.19412994384766,3512.0,63,POMCA_128,2,Magdalena Cauca,24,Sogamoso,2403,Río Chicamocha,409848.0,1.1778332367400523e-06,-0.4834711282198113,1.7084755143277843,-0.14960513730649305,-0.06420062698652707,-0.47136530421815387,1.7158741576641425
"POLYGON ((4988936.1430720575 2213623.18853808, 4988935.977057601 2212702.373356026, 4989857.979779787 2212702.214165219, 4989858.131959643 2213623.0291265687, 4988936.1430720575 2213623.18853808))",325295,2,2,0.7879166603088379,78.33332824707031,4.1476081848144535,0.95,852.0,55.41965866088867,3529.0,84,POMCA_125,2,Magdalena Cauca,24,Sogamoso,2401,Río Suárez,613823.0,2.3557468473277102e-06,0.8499115468308588,0.7726473894061486,-0.13158666916196265,-0.09191697618179201,0.8592698476670926,0.7672046408148423
"POLYGON ((4989858.131959643 2213623.0291265687, 4989857.979779787 2212702.214165219, 4990779.982290584 2212702.0688171475, 4990780.120635856 2213622.8835769836, 4989858.131959643 2213623.0291265687))",325296,3,7,0.7099999904632568,78.93772888183594,4.467050933837891,0.9100000381469726,937.0,60.38203048706055,3589.285714285714,84,POMCA_125,2,Magdalena Cauca,24,Sogamoso,2401,Río Suárez,613823.0,3.533621908804351e-06,2.1832942218815288,0.5377532726356185,-0.04149432843931065,-0.10147468704120052,2.1898614523840814,0.5325713799838567
"POLYGON ((4990780.120635856 2213622.8835769836, 4990779.982290584 2212702.0688171475, 4991701.984609211 2212701.937311796, 4991702.1091199145 2213622.751889311, 4990780.120635856 2213622.8835769836))",325297,1,8,0.6666666507720947,80.33707427978516,4.633540344238281,0.8900000572204589,1053.0,63.021949768066406,3693.375,84,POMCA_125,2,Magdalena Cauca,24,Sogamoso,2401,Río Suárez,613823.0,1.1778744659048124e-06,-0.4834711282198113,0.8780241260971374,-0.02347586029478025,-0.10024827169690347,-0.47131872951571424,0.8679017889902085
"POLYGON ((4999078.012380642 2213622.1974153817, 4999077.998546138 2212701.3836055337, 5000000 2212701.3766842103, 5000000 2213622.1904844623, 4999078.012380642 2213622.1974153817))",325306,1,1,0.6512500286102295,80.16304779052734,4.931922531127929,0.9199999809265136,1680.0,66.11705017089844,3740.0,335,POMCA_127,2,Magdalena Cauca,24,Sogamoso,2403,Río Chicamocha,215458.0,1.177876699277174e-06,-0.4834711282198113,0.4796443611001687,-0.14960513730649305,-0.0743789649022349,-0.4713162065770668,0.4897554616205436
"POLYGON ((5000000 2213622.1904844623, 5000000 2212701.3766842103, 5000922.00145386 2212701.3836055337, 5000921.987619356 2213622.1974153817, 5000000 2213622.1904844623))",325307,1,2,0.6162499904632568,79.94505310058594,4.931923294067383,0.9100000381469726,1668.0,72.3774642944336,3743.0,335,POMCA_127,2,Magdalena Cauca,24,Sogamoso,2403,Río Chicamocha,215458.0,1.1778766992795533e-06,-0.4834711282198113,0.3220566583002021,-0.13158666916196265,-0.09405010222341721,-0.471316206574379,0.3325177846643303
"POLYGON ((5003687.950669586 2213622.301379184, 5003688.006007614 2212701.4874253985, 5004610.007653643 2212701.5497173304, 5004609.938481098 2213622.3637574785, 5003687.950669586 2213622.301379184))",325311,1,1,1.2024999618530274,74.00932312011719,3.893467712402344,1.430000114440918,1049.0,47.898414611816406,2889.0,63,POMCA_128,2,Magdalena Cauca,24,Sogamoso,2403,Río Chicamocha,409848.0,1.1778762029739122e-06,-0.4834711282198113,0.20577548585207195,-0.14960513730649305,0.3116986631657912,-0.4713167672281708,0.2165078449746289
"POLYGON ((5041489.734566142 2213636.2258459465, 5041490.357140977 2212715.392613792, 5042412.378484795 2212716.022477179, 5042411.742073944 2213636.8565825857, 5041489.734566142 2213636.2258459465))",325352,4,8,0.6537499904632569,73.01136016845703,6.637103271484375,0.8800000190734864,2011.0,74.1947250366211,3539.875,63,POMCA_128,2,Magdalena Cauca,24,Sogamoso,2403,Río Chicamocha,409848.0,4.711301329660927e-06,3.5166768969321986,-0.48347112821981136,-0.02347586029478025,-0.13048038679103222,3.5202320508372367,-0.4713744512823483
"POLYGON ((4989857.979779787 2212702.214165219, 4989857.8278131 2211781.399479982, 4990779.844139101 2211781.2543334356, 4990779.982290584 2212702.0688171475, 4989857.979779787 2212702.214165219))",326322,1,1,0.7345833301544189,78.71377563476562,4.3560737609863285,0.9199999809265136,905.0,59.72233963012695,3600.0,84,POMCA_125,2,Magdalena Cauca,24,Sogamoso,2401,Río Suárez,613823.0,1.177856661472871e-06,-0.4834711282198113,0.9333168012411035,-0.14960513730649305,-0.08868679874732564,-0.4713388423684632,0.9282104885509267
"POLYGON ((4993545.988746822 2212701.7158291973, 4993545.892040871 2211780.9018349033, 4994467.907713443 2211780.8119823867, 4994467.9906042395 2212701.6258519273, 4993545.988746822 2212701.7158291973))",326326,4,4,0.6525000095367431,78.75457763671875,4.6879924774169925,0.9100000381469726,1044.0,52.87783050537109,3718.75,335,POMCA_127,2,Magdalena Cauca,24,Sogamoso,2403,Río Chicamocha,215458.0,4.711433395743214e-06,3.5166768969321986,0.9705758676286824,-0.09554973287290185,-0.08138324884396328,3.5203812398523593,0.9555633962858588
"POLYGON ((4995389.992346356 2212701.5497173304, 4995389.923270705 2211780.7359533506, 4996311.938731874 2211780.6737477863, 4996311.993992385 2212701.4874253985, 4995389.992346356 2212701.5497173304))",326328,3,8,0.659166669845581,79.4871826171875,4.747407531738281,0.9100000381469726,1090.0,54.22393035888672,3716.625,335,POMCA_127,2,Magdalena Cauca,24,Sogamoso,2403,Río Chicamocha,215458.0,3.533576684640583e-06,2.1832942218815288,1.1666405956657389,-0.02347586029478025,-0.0791339331118191,2.1898103647139133,1.1530411433763967
"POLYGON ((4996311.993992385 2212701.4874253985, 4996311.938731874 2211780.6737477863, 4997233.95411617 2211780.6253656875, 4997233.9955615485 2212701.438976125, 4996311.993992385 2212701.4874253985))",326329,3,4,0.6154166698455811,79.53704071044922,4.840446090698242,0.9,1234.0,59.62604904174805,3708.0,335,POMCA_127,2,Magdalena Cauca,24,Sogamoso,2403,Río Chicamocha,215458.0,3.5335772802120163e-06,2.1832942218815288,1.1734804826519054,-0.09554973287290185,-0.05965078094528271,2.189811037503732,1.1607225482096153
"POLYGON ((4998155.997073061 2212701.4043695047, 4998155.969442811 2211780.5908070495, 4999077.984731015 2211780.5700718677, 4999077.998546138 2212701.3836055337, 4998155.997073061 2212701.4043695047))",326331,1,1,0.66875,78.9426498413086,4.941130828857422,0.9299999237060548,1634.0,64.10643005371094,3611.0,335,POMCA_127,2,Magdalena Cauca,24,Sogamoso,2403,Río Chicamocha,215458.0,1.1778593415606236e-06,-0.4834711282198113,0.9275587067331748,-0.14960513730649305,-0.06198397364943655,-0.4713358147958622,0.9367029847345485
"POLYGON ((5006454.011253176 2212701.7158291973, 5006454.107959128 2211780.9018349033, 5007376.12376623 2211781.005510909, 5007376.013245114 2212701.8196491497, 5006454.011253176 2212701.7158291973))",326340,2,6,1.08125,74.80158233642578,4.118279647827149,1.2600000381469727,1005.0,47.54531478881836,3001.0,63,POMCA_128,2,Magdalena Cauca,24,Sogamoso,2403,Río Chicamocha,409848.0,2.3557160030306515e-06,0.8499115468308588,0.17387474138939096,-0.05951279658384105,1.623595466512966,0.859235004274901,0.18468079356945946
"POLYGON ((4988013.7945076665 2211781.7312437184, 4988013.615162452 2210860.9163735528, 4988935.645726338 2210860.743819831, 4988935.8112756945 2211781.5584500707, 4988013.7945076665 2211781.7312437184))",327349,2,3,1.0670833587646484,76.65230560302734,3.7383655548095702,1.159999942779541,999.0,49.12472534179688,2997.0,84,POMCA_125,2,Magdalena Cauca,24,Sogamoso,2401,Río Suárez,613823.0,2.3556764731827256e-06,0.8499115468308588,0.6615223993535685,-0.11356820101743226,-0.09439934664323696,0.8591903492129965,0.6712371385636348
"POLYGON ((4989857.8278131 2211781.399479982, 4989857.676059585 2210860.5850704736, 4990779.706181411 2210860.4401254645, 4990779.844139101 2211781.2543334356, 4989857.8278131 2211781.399479982))",327351,3,6,0.8199999809265138,78.64583587646484,4.295875549316406,0.9600000381469728,872.0,52.14036560058594,3493.6666666666665,84,POMCA_125,2,Magdalena Cauca,24,Sogamoso,2401,Río Suárez,613823.0,3.5335181343875485e-06,2.1832942218815288,0.4878550963902303,-0.05951279658384105,-0.10474795277987554,2.189744223169967,0.4851610695243219
"POLYGON ((4991701.860272918 2211781.1230104156, 4991701.736111038 2210860.308984788, 4992623.765867687 2210860.19164843, 4992623.876233769 2211781.005510909, 4991701.860272918 2211781.1230104156))",327353,1,1,0.7795833587646485,78.50877380371094,4.428514862060547,0.95,997.0,52.25639724731445,3483.0,335,POMCA_127,2,Magdalena Cauca,24,Sogamoso,2403,Río Chicamocha,215458.0,1.1778403211358046e-06,-0.4834711282198113,1.18373626509372,-0.14960513730649305,-0.07639932042880214,-0.47135730130016984,1.1789354394207383
"POLYGON ((4992623.876233769 2211781.005510909, 4992623.765867687 2210860.19164843, 4993545.795470575 2210860.0881163795, 4993545.892040871 2211780.9018349033, 4992623.876233769 2211781.005510909))",327354,3,4,0.7670833110809326,78.50877380371094,4.459201431274414,0.95,936.0,48.6043586730957,3509.75,335,POMCA_127,2,Magdalena Cauca,24,Sogamoso,2403,Río Chicamocha,215458.0,3.53352215457777e-06,2.1832942218815288,0.9903339231615409,-0.09554973287290185,-0.08279465540223571,2.1897487645950577,0.9849727275629426
"POLYGON ((4994467.907713443 2211780.8119823867, 4994467.824938922 2210859.9983886243, 4995389.854291951 2210859.922465155, 4995389.923270705 2211780.7359533506, 4994467.907713443 2211780.8119823867))",327356,1,1,0.6949999809265137,78.8043441772461,4.670993423461914,0.9200000762939452,1046.0,56.96967697143555,3602.0,335,POMCA_127,2,Magdalena Cauca,24,Sogamoso,2403,Río Chicamocha,215458.0,1.1778413634094701e-06,-0.4834711282198113,1.2414083320160498,-0.14960513730649305,-0.07119259374075444,-0.47135612389126247,1.2336545944547013
"POLYGON ((4995389.923270705 2211780.7359533506, 4995389.854291951 2210859.922465155, 4996311.88354888 2210859.860345964, 4996311.938731874 2211780.6737477863, 4995389.923270705 2211780.7359533506))",327357,2,3,0.6441666603088378,79.25926208496094,4.809240341186523,0.9,1144.0,62.06525421142578,3752.6666666666665,335,POMCA_127,2,Magdalena Cauca,24,Sogamoso,2403,Río Chicamocha,215458.0,2.3556832231412673e-06,0.8499115468308588,1.274862017467257,-0.11356820101743226,-0.06149686659218844,0.8591979743325542,1.2669147030354029
"POLYGON ((5041490.978843728 2211794.559656639, 5041491.599674382 2210873.726974107, 5042413.648632089 2210874.3550908314, 5042413.01400418 2211795.188646721, 5041490.978843728 2211794.559656639))",327407,1,3,0.6662499904632568,72.44318389892578,6.667850494384766,0.8799999237060548,2045.0,76.40414428710938,3551.0,129,POMCA_271,3,Orinoco,35,Meta,3521,Río Cravo Sur,516061.0,1.1777907394183559e-06,-0.4834711282198113,1.6389580748565011,-0.11356820101743226,-0.07804539495310736,-0.47141331149950455,1.6464952860155315
"POLYGON ((4989857.676059585 2210860.5850704736, 4989857.524519245 2209939.7709363108, 4990779.568417517 2209939.626192851, 4990779.706181411 2210860.4401254645, 4989857.676059585 2210860.5850704736))",328354,1,1,0.8962499618530273,77.80528259277344,4.200244140625,1.0100000381469727,967.0,51.86558532714844,3499.0,84,POMCA_125,2,Magdalena Cauca,24,Sogamoso,2401,Río Suárez,613823.0,1.17782211956848e-06,-0.4834711282198113,0.8063665487562787,-0.14960513730649305,-0.09165670729578372,-0.471377862778604,0.815732326211149
"POLYGON ((4991701.736111038 2210860.308984788, 4991701.612123575 2209939.495234529, 4992623.65565664 2209939.3780613304, 4992623.765867687 2210860.19164843, 4991701.736111038 2210860.308984788))",328356,4,14,0.8287500381469727,78.4364242553711,4.307102966308594,0.9700000762939454,1023.0,55.698543548583984,3473.714285714286,335,POMCA_127,2,Magdalena Cauca,24,Sogamoso,2403,Río Chicamocha,215458.0,4.711292250360931e-06,3.5166768969321986,0.7869424978083741,0.08463494857240215,-0.09469003314104804,3.5202217943671346,0.7857158353595073
"POLYGON ((4992623.765867687 2210860.19164843, 4992623.65565664 2209939.3780613304, 4993545.699035935 2209939.2746732435, 4993545.795470575 2210860.0881163795, 4992623.765867687 2210860.19164843))",328357,3,5,0.9037500381469726,77.16345977783203,4.312377166748047,1.0399999618530271,1031.0,56.11687469482422,3330.2,335,POMCA_127,2,Magdalena Cauca,24,Sogamoso,2403,Río Chicamocha,215458.0,3.533470378959699e-06,2.1832942218815288,0.9776507711343463,-0.07753126472837145,-0.078621315565394,2.1896902760464947,0.9753481979323703
"POLYGON ((4996311.88354888 2210859.860345964, 4996311.828443403 2209939.047219548, 4997233.871399827 2209938.9989718115, 4997233.91272893 2210859.812031044, 4996311.88354888 2210859.860345964))",328361,5,10,0.6558333396911621,79.62962341308594,4.860945129394532,0.9,1197.0,56.10934066772461,3671.9,335,POMCA_127,2,Magdalena Cauca,24,Sogamoso,2403,Río Chicamocha,215458.0,5.8891227578770945e-06,4.850059571982869,1.0217747288323382,0.012561075994280552,-0.0327086336670446,4.850763068511972,1.0306650886086093
"POLYGON ((5000922.029064729 2210859.756814, 5000922.042841095 2209938.9438315486, 5001844.08570141 2209938.9645091463, 5001844.058148677 2210859.7775203907, 5000922.029064729 2210859.756814))",328366,1,1,1.1008333206176757,75.13021087646484,3.9819671630859377,1.2799999237060546,1052.0,44.12363815307617,3021.0,335,POMCA_127,2,Magdalena Cauca,24,Sogamoso,2403,Río Chicamocha,215458.0,1.1778247997426135e-06,-0.4834711282198113,0.5854385587599837,-0.14960513730649305,-0.05516674244582205,-0.4713748351084225,0.5953009098683733
"POLYGON ((4991701.612123575 2209939.495234529, 4991701.48831053 2209018.6817592555, 4992623.545600634 2209018.5647492264, 4992623.65565664 2209939.3780613304, 4991701.612123575 2209939.495234529))",329350,3,7,0.8916666984558106,77.45098114013672,4.222954559326172,1.0199999809265137,971.0,55.02002334594727,3352.4285714285716,335,POMCA_127,2,Magdalena Cauca,24,Sogamoso,2403,Río Chicamocha,215458.0,3.53341748647743e-06,2.1832942218815288,0.6745559041491178,-0.04149432843931065,-0.08315174864480318,2.18963052582751,0.684172988806975
"POLYGON ((4992623.65565664 2209939.3780613304, 4992623.545600634 2209018.5647492264, 4993545.602736955 2209018.461505112, 4993545.699035935 2209939.2746732435, 4992623.65565664 2209939.3780613304))",329351,1,1,0.9483333587646484,77.2585678100586,4.206775665283203,1.0700000762939452,991.0,55.60755920410156,3284.0,335,POMCA_127,2,Magdalena Cauca,24,Sogamoso,2403,Río Chicamocha,215458.0,1.177806225895053e-06,-0.4834711282198113,0.9406647730382834,-0.14960513730649305,-0.07624739598132173,-0.47139581713481876,0.9497100113288596
"POLYGON ((4994467.742280679 2209939.1850702567, 4994467.659738714 2209018.372026901, 4995389.716625138 2209018.2963145855, 4995389.785410095 2209939.109252361, 4994467.742280679 2209939.1850702567))",329353,1,1,0.6604166507720948,79.68164825439453,4.8638660430908205,0.8900000572204589,1055.0,62.17820358276367,3743.0,335,POMCA_127,2,Magdalena Cauca,24,Sogamoso,2403,Río Chicamocha,215458.0,1.1778068711317289e-06,-0.4834711282198113,1.0677804941729274,-0.14960513730649305,-0.05894837781624458,-0.47139508824044607,1.0765586898337103
"POLYGON ((4996311.828443403 2209939.047219548, 4996311.773415446 2209018.2343681557, 4997233.830128864 2209018.1861876063, 4997233.871399827 2209938.9989718115, 4996311.828443403 2209939.047219548))",329355,4,32,0.7795833110809326,78.09278106689453,4.7408203125,0.9699999809265136,1079.0,53.49396133422852,3565.5625,335,POMCA_127,2,Magdalena Cauca,24,Sogamoso,2403,Río Chicamocha,215458.0,4.711229271338218e-06,3.5166768969321986,1.0150297424811567,0.4089673751739494,-0.08050225191385371,3.520150649844565,1.023928121495808
"POLYGON ((4984325.022146765 2209020.1134142177, 4984324.788606286 2208099.2982170032, 4985246.8615564825 2208099.071395847, 4985247.081359158 2209019.8862763015, 4984325.022146765 2209020.1134142177))",330339,1,1,1.162083339691162,77.30352020263672,3.5256107330322264,1.230000114440918,1153.0,48.88183975219727,2821.0,84,POMCA_125,2,Magdalena Cauca,24,Sogamoso,2401,Río Suárez,613823.0,1.1777836564107004e-06,-0.4834711282198113,0.8661164491507924,-0.14960513730649305,-0.11462550834792175,-0.4714213128494191,0.875169786050634
"POLYGON ((4986169.140263985 2209019.67290444, 4986168.934199088 2208098.8583215475, 4987091.006553328 2208098.6589940824, 4987091.198880467 2209019.47329861, 4986169.140263985 2209019.67290444))",330341,1,1,1.1595833778381348,76.54570007324219,3.652262496948242,1.240000057220459,1122.0,47.55915069580078,2843.0,84,POMCA_125,2,Magdalena Cauca,24,Sogamoso,2401,Río Suárez,613823.0,1.1777851950741638e-06,-0.4834711282198113,0.6319012206061184,-0.14960513730649305,-0.11379968098099687,-0.4714195746916519,0.6414857365449324
"POLYGON ((4991701.48831053 2209018.6817592555, 4991701.3646719055 2208097.8685585856, 4992623.435699668 2208097.751711735, 4992623.545600634 2209018.5647492264, 4991701.48831053 2209018.6817592555))",330347,1,5,0.9895833015441896,77.04545593261719,4.103536987304688,1.1,1004.0,52.689090728759766,3026.6,335,POMCA_127,2,Magdalena Cauca,24,Sogamoso,2403,Río Chicamocha,215458.0,1.1777886198409346e-06,-0.4834711282198113,0.6260235560545334,-0.07753126472837145,-0.08894075213559988,-0.47141570588921067,0.6357200539167974
"POLYGON ((4992623.545600634 2209018.5647492264, 4992623.435699668 2208097.751711735, 4993545.506573634 2208097.6486116014, 4993545.602736955 2209018.461505112, 4992623.545600634 2209018.5647492264))",330348,1,1,0.9962499618530274,76.80180358886719,4.05151481628418,1.1100000381469726,958.0,49.15683364868164,3131.0,335,POMCA_127,2,Magdalena Cauca,24,Sogamoso,2403,Río Chicamocha,215458.0,1.1777890169170423e-06,-0.4834711282198113,0.565886722008432,-0.14960513730649305,-0.08274257077448502,-0.47141525733048606,0.5757187725061353
"POLYGON ((4996311.773415446 2209018.2343681557, 4996311.71846501 2208097.421791404, 4997233.788916042 2208097.3736780463, 4997233.830128864 2209018.1861876063, 4996311.773415446 2209018.2343681557))",330352,1,9,0.937083339691162,77.54629516601562,4.314132690429688,1.0800000190734864,1043.0,45.89518356323242,3316.0,335,POMCA_127,2,Magdalena Cauca,24,Sogamoso,2403,Río Chicamocha,215458.0,1.17779010887364e-06,-0.4834711282198113,1.3578982762691059,-0.005457392150249848,-0.016705020665454408,-0.47141402379704167,1.3660473549888057
"POLYGON ((4991701.3646719055 2208097.8685585856, 4991701.241207705 2207177.0556321354, 4992623.325953743 2207176.9389484734, 4992623.435699668 2208097.751711735, 4991701.3646719055 2208097.8685585856))",331346,1,2,1.0004166603088378,76.80180358886719,4.158552551269532,1.1100000381469726,1168.0,69.56237030029297,3003.0,335,POMCA_127,2,Magdalena Cauca,24,Sogamoso,2403,Río Chicamocha,215458.0,1.1777714356346e-06,-0.4834711282198113,0.2660078024677702,-0.13158666916196265,-0.09135378449049393,-0.471435118101448,0.2764549558159276
"POLYGON ((5040571.367565588 2208110.618822228, 5040571.971188073 2207189.7880887324, 5041494.074275791 2207190.398982555, 5041493.456933645 2208111.230570419, 5040571.367565588 2208110.618822228))",331399,1,2,0.7700000286102295,71.18055725097656,6.0452827453613285,0.9600000381469728,2167.0,80.98519897460938,3458.0,129,POMCA_271,3,Orinoco,35,Meta,3521,Río Cravo Sur,516061.0,1.1777240843375639e-06,-0.4834711282198113,-0.48347112821981136,-0.13158666916196265,-0.11991109252655482,-0.47148860869681714,-0.4715177996884434
"POLYGON ((4977869.938486789 2207180.453201146, 4977869.609711188 2206259.6357965562, 4978791.7127706725 2206259.313649021, 4978792.027847029 2207180.1306024115, 4977869.938486789 2207180.453201146))",332322,1,1,1.1683333396911622,78.19444274902344,3.54409408569336,1.2,1017.0,53.76201248168945,2935.0,84,POMCA_125,2,Magdalena Cauca,24,Sogamoso,2401,Río Suárez,613823.0,1.177742363623404e-06,-0.4834711282198113,0.0,-0.14960513730649305,0.0,-0.4714679594233292,0.0
"POLYGON ((4990779.156288634 2207177.186043328, 4990779.019299949 2206256.3732083165, 4991701.11791793 2206256.242979522, 4991701.241207705 2207177.0556321354, 4990779.156288634 2207177.186043328))",332336,1,1,0.9383333206176758,76.98412322998047,4.206776809692383,1.05,1069.0,58.94656753540039,3312.0,335,POMCA_127,2,Magdalena Cauca,24,Sogamoso,2403,Río Chicamocha,215458.0,1.1777538294803986e-06,-0.4834711282198113,0.11181111199638027,-0.14960513730649305,-0.10592221226200245,-0.4714550069688992,0.12256420379244053
"POLYGON ((4991701.241207705 2207177.0556321354, 4991701.11791793 2206256.242979522, 4992623.216362866 2206256.1264590584, 4992623.325953743 2207176.9389484734, 4991701.241207705 2207177.0556321354))",332337,1,5,1.074166679382324,75.98870086669922,3.999052810668945,1.1800000190734865,1189.0,58.892276763916016,3050.6,335,POMCA_127,2,Magdalena Cauca,24,Sogamoso,2403,Río Chicamocha,215458.0,1.1777542762040216e-06,-0.4834711282198113,0.057751515163721366,-0.07753126472837145,-0.11226999044851818,-0.4714545023256465,0.06862751370223691
"POLYGON ((4992623.325953743 2207176.9389484734, 4992623.216362866 2206256.1264590584, 4993545.314653983 2206256.0236469135, 4993545.410545977 2207176.8359923298, 4992623.325953743 2207176.9389484734))",332338,1,3,1.0320833206176758,76.53508758544922,4.174916458129883,1.1399999618530274,1241.0,69.28679656982422,3069.3333333333335,335,POMCA_127,2,Magdalena Cauca,24,Sogamoso,2403,Río Chicamocha,215458.0,1.1777546732912688e-06,-0.4834711282198113,0.11928701891768695,-0.11356820101743226,-0.09316753051814015,-0.4714540537543381,0.13003647927891862
"POLYGON ((4993545.410545977 2207176.8359923298, 4993545.314653983 2206256.0236469135, 4994467.41281051 2206255.934543077, 4994467.495003629 2207176.7467636946, 4993545.410545977 2207176.8359923298))",332339,1,1,0.91875,77.80448913574219,4.437060546875,1.0399999618530271,993.0,47.00383377075195,3367.0,335,POMCA_127,2,Magdalena Cauca,24,Sogamoso,2403,Río Chicamocha,215458.0,1.1777550207441473e-06,-0.4834711282198113,0.39013239260502935,-0.14960513730649305,-0.0783088065513455,-0.47145366125270666,0.400310148776563
"POLYGON ((4999077.915946088 2207176.506532854, 4999077.902247244 2206255.694648233, 5000000 2206255.687794097, 5000000 2207176.499669118, 4999077.915946088 2207176.506532854))",332345,1,1,1.2545833587646484,75.46619415283203,3.985531997680664,1.430000114440918,1008.0,46.456031799316406,2855.0,335,POMCA_127,2,Magdalena Cauca,24,Sogamoso,2403,Río Chicamocha,215458.0,1.1777560630980398e-06,-0.4834711282198113,1.6620644512609137,-0.14960513730649305,0.06824648341823558,-0.4714524837531706,1.669546516884926
"POLYGON ((4985246.422881395 2206257.442456911, 4985246.204008992 2205336.6283976627, 4986168.317748653 2205336.4162161574, 4986168.522941419 2206257.2299777893, 4985246.422881395 2206257.442456911))",333325,5,8,0.9283332824707032,77.77777862548828,4.035824966430664,1.0200000762939454,1018.0,49.25585174560547,3310.875,84,POMCA_125,2,Magdalena Cauca,24,Sogamoso,2401,Río Suárez,613823.0,5.8886648603441114e-06,4.850059571982869,-0.2658387794742284,-0.02347586029478025,-0.13367876228027709,4.850245802603952,-0.25434581651098603
"POLYGON ((4987090.622713032 2206257.0312071033, 4987090.431199882 2205336.2177238865, 4988012.544381911 2205336.0329208286, 4988012.722215465 2206256.846144832, 4987090.622713032 2206257.0312071033))",333327,1,1,0.9675000190734864,77.46031951904297,3.997158050537109,1.05,949.0,46.78407669067383,3215.0,335,POMCA_127,2,Magdalena Cauca,24,Sogamoso,2403,Río Chicamocha,215458.0,1.1777344115309041e-06,-0.4834711282198113,0.5397514483260883,-0.14960513730649305,-0.10946725276368383,-0.4714769425386581,0.5494693945120459
"POLYGON ((4989856.920489698 2206256.5171454563, 4989856.770015278 2205335.7043822766, 4990778.882505073 2205335.5606467472, 4990779.019299949 2206256.3732083165, 4989856.920489698 2206256.5171454563))",333330,1,1,0.9179166793823242,77.8594741821289,4.234373474121094,1.0199999809265137,1111.0,65.19044494628906,3337.0,335,POMCA_127,2,Magdalena Cauca,24,Sogamoso,2403,Río Chicamocha,215458.0,1.1777361984515748e-06,-0.4834711282198113,0.2766670634551886,-0.14960513730649305,-0.10210596287141682,-0.47147492393607404,0.2870122019671526
"POLYGON ((5043338.926936757 2206270.828875495, 5043339.569896563 2205349.996066124, 5044261.703019101 2205350.646322865, 5044261.046378201 2206271.480044316, 5043338.926936757 2206270.828875495))",333388,1,2,0.7420833110809326,71.94444274902344,6.02441291809082,0.9,1534.0,72.0064926147461,3435.0,129,POMCA_271,3,Orinoco,35,Meta,3521,Río Cravo Sur,516061.0,1.1776829391112252e-06,-0.4834711282198113,-0.48347112821981125,-0.13158666916196265,-0.1305362525821321,-0.4715350885778597,-0.47153161302695534
"POLYGON ((5045183.1667425865 2206272.1449230793, 5045183.837064652 2205351.3102703444, 5046105.972052443 2205351.9879086325, 5046105.288049143 2206272.8235118543, 5045183.1667425865 2206272.1449230793))",333390,1,1,0.8441666603088379,71.4285659790039,5.534327697753906,0.9800000190734864,1967.0,78.64491271972656,3268.0,129,POMCA_271,3,Orinoco,35,Meta,3521,Río Cravo Sur,516061.0,1.1776781245067337e-06,-0.4834711282198113,-0.4834711282198113,-0.14960513730649305,-0.13158666916196265,-0.47154052741643093,-0.47152249930799484
"POLYGON ((4988934.657313966 2205335.861806965, 4988934.4933925625 2204415.049096008, 4989856.619754053 2204414.8918921445, 4989856.770015278 2205335.7043822766, 4988934.657313966 2205335.861806965))",334334,3,9,1.075416660308838,76.79597473144531,3.922303771972656,1.1600000381469726,957.0,52.36800765991211,3046.1111111111113,335,POMCA_127,2,Magdalena Cauca,24,Sogamoso,2403,Río Chicamocha,215458.0,3.5331556276134725e-06,2.1832942218815288,-0.20659830413041982,-0.005457392150249848,-0.13211957816605227,2.189334715841037,-0.19522204615625444
"POLYGON ((5038728.917455957 2205346.950141143, 5038729.491197246 2204426.1218762295, 5039651.633654577 2204426.702864165, 5039651.046251901 2205347.531945193, 5038728.917455957 2205346.950141143))",334387,1,3,0.7295833587646484,71.8297119140625,6.25393829345703,0.9199999809265136,1806.0,80.99909973144531,3511.0,129,POMCA_271,3,Orinoco,35,Meta,3521,Río Cravo Sur,516061.0,1.1776769965077752e-06,-0.4834711282198113,-0.4834711282198113,-0.11356820101743226,-0.10712300782297138,-0.47154180166528237,-0.4715440008370764
"POLYGON ((4985245.985446689 2204415.8146113846, 4985245.76719449 2203495.0010976936, 4986167.908235282 2203494.7895114734, 4986168.112846606 2204415.602727513, 4985245.985446689 2204415.8146113846))",335316,1,2,0.93125,77.9126205444336,4.216445541381836,1.0299999237060546,974.0,49.904876708984375,3398.0,335,POMCA_127,2,Magdalena Cauca,24,Sogamoso,2403,Río Chicamocha,215458.0,1.177698776940454e-06,-0.4834711282198113,0.5129824455765258,-0.13158666916196265,-0.11863063591801508,-0.47151719730628244,0.5227312178518034
"POLYGON ((4988012.366800312 2204415.219969845, 4988012.189470672 2203494.4072914985, 4988934.329703737 2203494.236657703, 4988934.4933925625 2204415.049096008, 4988012.366800312 2204415.219969845))",335319,1,1,1.0054166793823245,77.7522964477539,4.114599227905273,1.0899999618530274,967.0,45.517616271972656,3232.0,335,POMCA_127,2,Magdalena Cauca,24,Sogamoso,2403,Río Chicamocha,215458.0,1.1777008617437024e-06,-0.4834711282198113,0.35389032900580525,-0.14960513730649305,-0.11045306236306157,-0.47151484219936973,0.364002873441315
"POLYGON ((5038729.491197246 2204426.1218762295, 5038730.064124489 2203505.293883035, 5039652.220223824 2203505.874054807, 5039651.633654577 2204426.702864165, 5038729.491197246 2204426.1218762295))",335374,1,4,0.6945833206176758,72.63257598876953,6.376299667358398,0.8799999237060547,1598.0,72.25574493408203,3637.0,129,POMCA_271,3,Orinoco,35,Meta,3521,Río Cravo Sur,516061.0,1.1776599107265726e-06,-0.4834711282198113,-0.48347112821981125,-0.09554973287290185,-0.11879864949396704,-0.47156110269114815,-0.47153247880781807
"POLYGON ((4988012.189470672 2203494.4072914985, 4988012.012392996 2202573.594885405, 4988934.166247492 2202573.424491665, 4988934.329703737 2203494.236657703, 4988012.189470672 2203494.4072914985))",336318,1,1,1.0449999809265136,77.7286148071289,4.095452117919922,1.1300000190734862,976.0,49.162899017333984,3159.0,335,POMCA_127,2,Magdalena Cauca,24,Sogamoso,2403,Río Chicamocha,215458.0,1.1776838013645053e-06,-0.4834711282198113,0.25170325051269915,-0.14960513730649305,-0.11862291272601022,-0.47153411452975114,0.2620335760233679
"POLYGON ((5031352.842793168 2203501.1439738134, 5031353.305927454 2202580.32209024, 5032275.469725504 2202580.7923855307, 5032274.992969042 2203501.61493167, 5031352.842793168 2203501.1439738134))",336365,2,13,0.5545833587646485,74.42528533935547,6.506844329833983,0.8699999809265135,925.0,52.728912353515625,3743.076923076923,63,POMCA_128,2,Magdalena Cauca,24,Sogamoso,2403,Río Chicamocha,409848.0,2.355316276438377e-06,0.8499115468308588,0.0,0.06661648042787176,0.0,0.8587834514190356,0.0
"POLYGON ((4983400.9941491475 2201653.8377056094, 4983400.749661762 2200733.024354349, 4984322.932143668 2200732.7864747, 4984323.163048278 2201653.5994898416, 4983400.9941491475 2201653.8377056094))",338307,1,2,1.0345833778381348,78.19940948486328,4.169468688964844,1.1199999809265138,935.0,48.91437911987305,3167.0,335,POMCA_127,2,Magdalena Cauca,24,Sogamoso,2403,Río Chicamocha,215458.0,1.177646031876182e-06,-0.4834711282198113,-0.12449081880226529,-0.13158666916196265,-0.13930494710434219,-0.4715767809938958,-0.11339521314278718
"POLYGON ((4986167.499884817 2201653.163895675, 4986167.296145684 2200732.3514951505, 4987089.477704265 2200732.1543952036, 4987089.667860691 2201652.96651723, 4986167.499884817 2201653.163895675))",338310,1,1,1.15625,77.8897933959961,4.057120895385742,1.2399999618530273,1036.0,43.04970550537109,2916.0,335,POMCA_127,2,Magdalena Cauca,24,Sogamoso,2403,Río Chicamocha,215458.0,1.1776484146160236e-06,-0.4834711282198113,0.15722539723234663,-0.14960513730649305,-0.12313200195827448,-0.4715740893216353,0.16773521216504206
"POLYGON ((4974178.902625138 2200736.1507862248, 4974178.522851062 2199815.333288134, 4975100.723224785 2199814.960002516, 4975101.089435146 2200735.776972384, 4974178.902625138 2200736.1507862248))",339293,1,1,1.0149999618530274,78.50467681884766,4.039577484130859,1.0699999809265135,1005.0,52.44164657592773,3003.0,335,POMCA_127,2,Magdalena Cauca,24,Sogamoso,2403,Río Chicamocha,215458.0,1.1776178765128045e-06,-0.4834711282198113,0.8499115468308588,-0.14960513730649305,-0.13158666916196265,-0.4716085868206453,0.8585679336479801
"POLYGON ((4983400.749661762 2200733.024354349, 4983400.505523264 2199812.2112741037, 4984322.701568562 2199811.973730594, 4984322.932143668 2200732.7864747, 4983400.749661762 2200733.024354349))",339303,1,1,1.0649999618530273,78.1159439086914,4.172420501708984,1.15,936.0,46.8867301940918,3035.0,335,POMCA_127,2,Magdalena Cauca,24,Sogamoso,2403,Río Chicamocha,215458.0,1.1776290457346359e-06,-0.4834711282198113,-0.4834711282198113,-0.14960513730649305,-0.14198359101736735,-0.47159596946139726,-0.4715924138087224
"POLYGON ((5004610.898078795 2200730.992187219, 5004610.965894687 2199810.181978555, 5005533.159285235 2199810.2566347234, 5005533.0779061485 2200731.066949031, 5004610.898078795 2200730.992187219))",339325,1,2,1.2133333206176755,75.37313842773438,4.007567596435547,1.3399999618530274,1167.0,67.4178466796875,3070.0,335,POMCA_127,2,Magdalena Cauca,24,Sogamoso,2403,Río Chicamocha,215458.0,1.1776358962231751e-06,-0.4834711282198113,0.8499115468308587,-0.13158666916196265,0.013130897389278536,-0.47158823077769757,0.8586946005168701
"POLYGON ((4983400.505523264 2199812.2112741037, 4983400.261733658 2198891.398464491, 4984322.471322964 2198891.1612571403, 4984322.701568562 2199811.973730594, 4983400.505523264 2199812.2112741037))",340282,1,1,1.1254166603088378,78.64144897460938,4.0589862823486325,1.190000057220459,1107.0,45.58730316162109,3027.0,335,POMCA_127,2,Magdalena Cauca,24,Sogamoso,2403,Río Chicamocha,215458.0,1.1776120843548864e-06,-0.4834711282198113,-0.4834711282198113,-0.14960513730649305,-0.1444774965696588,-0.471615129956629,-0.4715908852488005
"POLYGON ((5004610.965894687 2199810.181978555, 5004611.033613665 2198889.3720406936, 5005533.240548025 2198889.446591213, 5005533.159285235 2199810.2566347234, 5004610.965894687 2199810.181978555))",340302,2,15,1.1579166412353517,76.3888931274414,4.086887359619141,1.259999942779541,1214.0,85.74646759033203,3059.6666666666665,335,POMCA_127,2,Magdalena Cauca,24,Sogamoso,2403,Río Chicamocha,215458.0,2.3552378698959635e-06,0.8499115468308588,0.18271735470113426,0.10265341671693255,-0.12258423034048335,0.8586948791328037,0.1930513022894112
"POLYGON ((5005533.159285235 2199810.2566347234, 5005533.240548025 2198889.446591213, 5006455.447597815 2198889.5346963904, 5006455.352791205 2199810.3448647596, 5005533.159285235 2199810.2566347234))",340303,2,3,1.046666717529297,77.58112335205078,4.318740463256836,1.1300000190734862,1154.0,76.48686981201172,3273.6666666666665,335,POMCA_127,2,Magdalena Cauca,24,Sogamoso,2403,Río Chicamocha,215458.0,2.3552372741964932e-06,0.8499115468308588,0.29736132080367145,-0.11356820101743226,0.005584949562825535,0.8586942061983475,0.30742910463692275
"POLYGON ((4981555.841496908 2198891.913543814, 4981555.571006869 2197971.1002744613, 4982477.794832691 2197970.836331954, 4982478.051798052 2198891.6492267065, 4981555.841496908 2198891.913543814))",341260,1,1,1.1020833015441895,79.09483337402344,4.019601821899414,1.159999942779541,1093.0,47.09453582763672,3049.0,335,POMCA_127,2,Magdalena Cauca,24,Sogamoso,2403,Río Chicamocha,215458.0,1.1775933109551517e-06,-0.4834711282198113,-0.48347112821981125,-0.14960513730649305,-0.14496792374858355,-0.471636337407993,-0.47159897637148035
"POLYGON ((4971411.079292742 2197974.8970059827, 4971410.660629929 2197054.0786176305, 4972332.903252534 2197053.66636643, 4972333.308409659 2197974.4841688294, 4971411.079292742 2197974.8970059827))",342233,2,2,1.152500057220459,79.02777862548828,3.9167476654052735,1.2,1037.0,47.73389434814453,2862.0,335,POMCA_127,2,Magdalena Cauca,24,Sogamoso,2403,Río Chicamocha,215458.0,2.355125494378028e-06,0.8499115468308588,-0.4834711282198113,-0.13158666916196265,-0.14960513730649305,0.8585679336479801,-0.4716085868206453
"POLYGON ((4954810.172775571 2197063.810577976, 4954809.511951262 2196142.978625415, 4955731.7817423185 2196142.3239938337, 4955732.429079311 2197063.1550145554, 4954810.172775571 2197063.810577976))",343207,1,1,0.9679166793823242,79.36893463134766,4.036528015136719,1.0299999237060546,1032.0,53.93732452392578,3332.0,84,POMCA_125,2,Magdalena Cauca,24,Sogamoso,2401,Río Suárez,613823.0,1.1775105634916957e-06,-0.4834711282198113,0.5694952571644774,-0.14960513730649305,-0.0648228209336555,-0.47172981343426024,0.5786177284707916
"POLYGON ((5010144.574660441 2197048.4017548184, 5010144.723002794 2196127.5917048706, 5011066.971433681 2196127.746920719, 5011066.809605595 2197048.55719161, 5010144.574660441 2197048.4017548184))",343264,1,1,1.3108333587646483,75.28736114501953,3.77090072631836,1.45,950.0,45.472503662109375,2846.0,335,POMCA_127,2,Magdalena Cauca,24,Sogamoso,2403,Río Chicamocha,215458.0,1.177565667810232e-06,-0.4834711282198113,0.0,-0.14960513730649305,0.0,-0.4716675646049692,0.0
"POLYGON ((4952964.969521073 2196144.328384785, 4952964.282710539 2195223.494778707, 4953886.567874801 2195222.814119957, 4953887.241217263 2196143.6467557084, 4952964.969521073 2196144.328384785))",344170,1,4,1.2495833396911622,79.77149963378906,3.6147327423095694,1.240000057220459,1083.0,44.03968811035156,2933.0,84,POMCA_125,2,Magdalena Cauca,24,Sogamoso,2401,Río Suárez,613823.0,1.17748878566275e-06,-0.4834711282198113,0.5506545674305469,-0.09554973287290185,-0.08794377280358237,-0.47175441485194186,0.5598193494235865
"POLYGON ((4956654.050609672 2196141.682860896, 4956653.417671005 2195220.8530208273, 4957575.699101701 2195220.2262799274, 4957576.318572573 2196141.055226533, 4956654.050609672 2196141.682860896))",344174,1,2,0.7733333110809326,79.03225708007812,4.519318771362305,0.9300000190734864,952.0,47.50596618652344,3459.0,84,POMCA_125,2,Magdalena Cauca,24,Sogamoso,2401,Río Suárez,613823.0,1.1774984165026576e-06,-0.4834711282198113,0.7642102262193374,-0.13158666916196265,-0.03504812540309346,-0.4717435353324184,0.7728492979884728
"POLYGON ((4959420.851861991 2196139.84045327, 4959420.259326515 2195219.0132359425, 4960342.538159125 2195218.4269327293, 4960343.117226997 2196139.253314241, 4959420.851861991 2196139.84045327))",344177,2,2,0.9733333587646484,78.8888931274414,4.29234733581543,1.05,1029.0,46.29808044433594,3215.0,84,POMCA_125,2,Magdalena Cauca,24,Sogamoso,2401,Río Suárez,613823.0,2.355010236816384e-06,0.8499115468308588,0.4693645571011537,-0.13158666916196265,-0.04019453678461585,0.8584377324501458,0.4787329779221184
"POLYGON ((4953886.567874801 2195222.814119957, 4953885.895501588 2194301.9817516874, 4954808.193152201 2194301.3155236705, 4954808.8520768015 2195222.1469407734, 4953886.567874801 2195222.814119957))",345175,3,5,1.0654166221618653,78.90390014648438,3.9338764190673827,1.1100000381469726,1019.0,46.72430419921875,3091.0,84,POMCA_125,2,Magdalena Cauca,24,Sogamoso,2401,Río Suárez,613823.0,3.5324232882573867e-06,2.1832942218815288,0.3597744665724837,-0.07753126472837145,-0.07193585880250429,2.188507425552889,0.36938843513075326
"POLYGON ((4957575.699101701 2195220.2262799274, 4957575.080522532 2194299.3976010215, 4958497.374516297 2194298.7852137135, 4958497.979647123 2195219.613018321, 4957575.699101701 2195220.2262799274))",345179,2,9,0.7854166507720948,78.68421173095703,4.658610534667969,0.9499999999999998,906.0,51.004764556884766,3428.6666666666665,84,POMCA_125,2,Magdalena Cauca,24,Sogamoso,2401,Río Suárez,613823.0,2.3549677236808424e-06,0.8499115468308588,0.7842409463414459,-0.005457392150249848,-0.0279060278777378,0.8583897073046171,0.7928195611963871
"POLYGON ((4959420.259326515 2195219.0132359425, 4959419.667643969 2194298.186286418, 4960341.959924796 2194297.60081907, 4960342.538159125 2195218.4269327293, 4959420.259326515 2195219.0132359425))",345181,2,8,0.8508333206176758,78.91156005859375,4.541892623901367,0.9800000190734864,988.0,48.80953598022461,3236.0,84,POMCA_125,2,Magdalena Cauca,24,Sogamoso,2401,Río Suárez,613823.0,2.354976560411934e-06,0.8499115468308588,0.5219561140436408,-0.02347586029478025,-0.05240351851633562,0.8583996897557178,0.5311859931926524
"POLYGON ((4960342.538159125 2195218.4269327293, 4960341.959924796 2194297.60081907, 4961264.251378028 2194297.028811609, 4961264.816164201 2195217.8541086195, 4960342.538159125 2195218.4269327293))",345182,1,2,0.7512499809265136,79.48028564453125,4.691021347045899,0.9300000190734864,971.0,41.89693069458008,3499.0,84,POMCA_125,2,Magdalena Cauca,24,Sogamoso,2401,Río Suárez,613823.0,1.1774904149212774e-06,-0.4834711282198113,0.5294342938368689,-0.13158666916196265,-0.04960304529763896,-0.47175257435307283,0.5386576443041262
"POLYGON ((4953885.895501588 2194301.9817516874, 4953885.224097636 2193381.149650519, 4954807.535177477 2193380.484373724, 4954808.193152201 2194301.3155236705, 4953885.895501588 2194301.9817516874))",346144,2,3,1.0308333396911622,79.32098388671875,3.959070587158203,1.0800000190734864,1075.0,55.164581298828125,3017.3333333333335,84,POMCA_125,2,Magdalena Cauca,24,Sogamoso,2401,Río Suárez,613823.0,2.354915231511842e-06,0.8499115468308588,0.5824445808373253,-0.11356820101743226,-0.06974620683592488,0.85833040930123,0.5915104045396862
"POLYGON ((4954808.193152201 2194301.3155236705, 4954807.535177477 2193380.484373724, 4955729.845314166 2193379.832537991, 4955730.489859734 2194300.662755933, 4954808.193152201 2194301.3155236705))",346145,1,1,0.8916666984558106,78.66666412353516,4.417595672607422,1.0,1023.0,53.06715774536133,3473.0,84,POMCA_125,2,Magdalena Cauca,24,Sogamoso,2401,Río Suárez,613823.0,1.1774600483570524e-06,-0.4834711282198113,0.7412408589643552,-0.14960513730649305,-0.0555205645876703,-0.471786878072324,0.7499139863594566
"POLYGON ((4956652.785643426 2194300.023448406, 4956652.154526948 2193379.19414325, 4957574.462835076 2193378.569189434, 4957575.080522532 2194299.3976010215, 4956652.785643426 2194300.023448406))",346147,2,4,0.7483333110809326,80.07246398925781,4.62372055053711,0.9199999809265136,966.0,50.20598602294922,3577.75,84,POMCA_125,2,Magdalena Cauca,24,Sogamoso,2401,Río Suárez,613823.0,2.3549295292855996e-06,0.8499115468308588,0.7809438618159521,-0.09554973287290185,-0.020364152227968155,0.8583465608425521,0.7895207238882989
"POLYGON ((4957575.080522532 2194299.3976010215, 4957574.462835076 2193378.569189434, 4958496.770257799 2193377.9576764763, 4958497.374516297 2194298.7852137135, 4957575.080522532 2194299.3976010215))",346148,3,23,0.7745833396911621,78.85964965820312,4.673223495483398,0.95,967.0,48.05169677734375,3509.7391304347825,84,POMCA_125,2,Magdalena Cauca,24,Sogamoso,2401,Río Suárez,613823.0,3.532401144964442e-06,2.1832942218815288,0.7642602841011688,0.24680116187317577,-0.044251421256446384,2.1884824112872363,0.7728801784889698
"POLYGON ((4961264.251378028 2194297.028811609, 4961263.687406025 2193376.203782116, 4962185.991479617 2193375.646031961, 4962186.54202291 2194296.4702639743, 4961264.251378028 2194297.028811609))",346152,1,1,0.7537499904632569,79.3439712524414,4.60792236328125,0.9399999618530274,858.0,49.74391174316406,3496.0,84,POMCA_125,2,Magdalena Cauca,24,Sogamoso,2401,Río Suárez,613823.0,1.177475686611401e-06,-0.4834711282198113,0.33484720200633733,-0.14960513730649305,-0.05716278952009697,-0.47176921225136464,0.3445358639523667
"POLYGON ((4949273.653877371 2193384.6776529215, 4949272.916392401 2192463.840773786, 4950195.245886971 2192463.109337978, 4950195.969961733 2193383.945169737, 4949273.653877371 2193384.6776529215))",347109,1,2,1.2916666984558105,80.85938262939453,3.7193187713623046,1.2799999237060546,1163.0,54.155609130859375,2801.0,84,POMCA_125,2,Magdalena Cauca,24,Sogamoso,2401,Río Suárez,613823.0,1.1774279190005143e-06,-0.4834711282198113,0.27476098016088035,-0.13158666916196265,-0.11284834382695429,-0.47182317313745686,0.28454262987492474
"POLYGON ((4952040.599031491 2193382.520527574, 4952039.901776919 2192461.6867329087, 4952962.228210801 2192460.995563497, 4952962.91205539 2193381.8283684445, 4952040.599031491 2193382.520527574))",347112,1,1,1.2816666603088378,80.55554962158203,3.7979251861572263,1.2600000381469727,1132.0,47.426536560058594,2953.0,84,POMCA_125,2,Magdalena Cauca,24,Sogamoso,2401,Río Suárez,613823.0,1.1774358126316651e-06,-0.4834711282198113,0.39482235613538874,-0.14960513730649305,-0.0826876188620403,-0.47181425606324107,0.40432454730352996
"POLYGON ((4954807.535177477 2193380.484373724, 4954806.878152639 2192459.6534905527, 4955729.201699099 2192459.002586879, 4955729.845314166 2193379.832537991, 4954807.535177477 2193380.484373724))",347115,1,1,0.925,78.92156982421875,4.306443405151367,1.0200000762939454,1059.0,53.272193908691406,3483.0,84,POMCA_125,2,Magdalena Cauca,24,Sogamoso,2401,Río Suárez,613823.0,1.177443259480419e-06,-0.4834711282198113,0.7383103421334234,-0.14960513730649305,-0.04862745597332159,-0.47180584369867246,0.7469799151722856
"POLYGON ((4955729.845314166 2193379.832537991, 4955729.201699099 2192459.002586879, 4956651.524321584 2192458.3651049775, 4956652.154526948 2193379.19414325, 4955729.845314166 2193379.832537991))",347116,2,7,0.8641666412353516,78.95623016357422,4.5067283630371096,0.9899999618530272,1051.0,53.801029205322266,3118.714285714286,84,POMCA_125,2,Magdalena Cauca,24,Sogamoso,2401,Río Suárez,613823.0,2.354891284963317e-06,0.8499115468308588,0.6673098001431614,-0.04149432843931065,-0.04404735668525103,0.8583033579801927,0.6761536598587442
"POLYGON ((4956652.154526948 2193379.19414325, 4956651.524321584 2192458.3651049775, 4957573.846039348 2192457.741044782, 4957574.462835076 2193378.569189434, 4956652.154526948 2193379.19414325))",347117,2,13,0.7974999904632567,78.81944274902344,4.6831409454345705,0.9600000381469728,925.0,49.6320686340332,3473.6153846153848,84,POMCA_125,2,Magdalena Cauca,24,Sogamoso,2401,Río Suárez,613823.0,2.354895951673702e-06,0.8499115468308588,0.7936478008043346,0.06661648042787176,-0.03403360053928385,0.8583086297495537,0.8021839336737556
"POLYGON ((4957574.462835076 2193378.569189434, 4957573.846039348 2192457.741044782, 4958496.166871642 2192457.1304062265, 4958496.770257799 2193377.9576764763, 4957574.462835076 2193378.569189434))",347118,3,10,0.7449999809265136,79.43262481689453,4.597430419921875,0.940000057220459,902.0,49.84921646118164,3530.1,84,POMCA_125,2,Magdalena Cauca,24,Sogamoso,2401,Río Suárez,613823.0,3.5323507786509522e-06,2.1832942218815288,0.8312000813609294,0.012561075994280552,-0.011360552882911977,2.1884255147656257,0.8396470472857209
"POLYGON ((4958496.770257799 2193377.9576764763, 4958496.166871642 2192457.1304062265, 4959418.486837713 2192456.533189246, 4959419.076814365 2193377.3596043126, 4958496.770257799 2193377.9576764763))",347119,3,12,0.7287499904632568,79.34397888183594,4.857632446289062,0.9399999618530274,920.0,47.93855285644531,3696.8333333333335,84,POMCA_125,2,Magdalena Cauca,24,Sogamoso,2401,Río Suárez,613823.0,3.532357480868458e-06,2.1832942218815288,0.7456094192360885,0.04859801228334135,-0.02746642722042762,2.1884330859543177,0.7542655070548386
"POLYGON ((5031357.901023791 2193372.118113135, 5031358.356908571 2192451.2991928733, 5032280.669271212 2192451.7621973436, 5032280.1999774845 2193372.581780603, 5031357.901023791 2193372.118113135))",347196,1,10,0.8541666984558105,71.93877410888672,5.397108840942383,0.9800000190734866,1542.0,74.69548034667969,3299.0,129,POMCA_271,3,Orinoco,35,Meta,3521,Río Cravo Sur,516061.0,1.1774721039193777e-06,-0.4834711282198113,-0.48347112821981125,0.012561075994280552,-0.07908194288192141,-0.47177325945474324,-0.47178181064540625
"POLYGON ((5032280.1999774845 2193372.581780603, 5032280.669271212 2192451.7621973436, 5033202.982307572 2192452.238622821, 5033202.499604848 2193373.0588882966, 5032280.1999774845 2193372.581780603))",347197,1,6,0.9333333015441895,71.31410217285156,5.055749893188477,1.0399999618530271,1775.0,86.00392150878906,3200.3333333333335,129,POMCA_271,3,Orinoco,35,Meta,3521,Río Cravo Sur,516061.0,1.177470366287138e-06,-0.4834711282198113,-0.4834711282198113,-0.05951279658384105,-0.017081375291868303,-0.47177522237844016,-0.47177916248456375
"POLYGON ((4924369.556767308 2192488.663451414, 4924368.458762315 2191567.7912915233, 4925290.836993778 2191566.698988671, 4925291.9216053495 2192487.5695821107, 4924369.556767308 2192488.663451414))",348066,1,1,1.0262499809265138,80.58036041259766,3.542758560180664,1.1199999809265138,1172.0,50.47503280639648,3205.0,336,POMCA_124,2,Magdalena Cauca,24,Sogamoso,2401,Río Suárez,171750.0,1.1773200067553252e-06,-0.4834711282198113,-0.1820463017441962,-0.14960513730649305,-0.14553187781734073,-0.4719450766671187,-0.17133390711186716
"POLYGON ((4955729.201699099 2192459.002586879, 4955728.559014546 2191538.172902215, 4956650.895027345 2191537.5363332075, 4956651.524321584 2192458.3651049775, 4955729.201699099 2192459.002586879))",348099,2,2,1.0262499809265138,78.86363220214844,4.275325775146484,1.1,1042.0,48.29314422607422,3150.0,84,POMCA_125,2,Magdalena Cauca,24,Sogamoso,2401,Río Suárez,613823.0,2.3548577567786644e-06,0.8499115468308588,0.761396318697564,-0.13158666916196265,-0.020552913313475658,0.8582654827228935,0.7699963902856078
"POLYGON ((4956651.524321584 2192458.3651049775, 4956650.895027345 2191537.5363332075, 4957573.230135359 2191536.9131666855, 4957573.846039348 2192457.741044782, 4956651.524321584 2192458.3651049775))",348100,1,11,0.9879166603088378,78.93518829345703,4.361288452148438,1.079999923706055,996.0,50.09782409667969,3322.0,84,POMCA_125,2,Magdalena Cauca,24,Sogamoso,2401,Río Suárez,613823.0,1.1774312117793522e-06,-0.4834711282198113,1.0125316300525697,0.030579544138810952,-0.02170519536208331,-0.4718194534357488,1.0205126391916084
"POLYGON ((4959418.486837713 2192456.533189246, 4959417.897714027 2191535.7070408356, 4960340.230223187 2191535.1240813797, 4960340.805956815 2192455.949393777, 4959418.486837713 2192456.533189246))",348103,1,4,0.9920833587646484,78.56060791015625,4.499789428710938,1.1,950.0,54.88264846801758,3223.0,84,POMCA_125,2,Magdalena Cauca,24,Sogamoso,2401,Río Suárez,613823.0,1.1774379140942102e-06,-0.4834711282198113,0.6921819672877634,-0.09554973287290185,-0.031098425640460666,-0.47181188213708236,0.7009591336989551
"POLYGON ((4961263.124248201 2192455.3790197587, 4961262.56190457 2191534.5545241544, 4962184.892777423 2191533.998369099, 4962185.441731118 2192454.82206713, 4961263.124248201 2192455.3790197587))",348105,1,1,1.1070833206176758,79.02542114257812,4.212850952148438,1.1800000190734865,1000.0,45.48937225341797,3018.0,84,POMCA_125,2,Magdalena Cauca,24,Sogamoso,2401,Río Suárez,613823.0,1.1774421340800176e-06,-0.4834711282198113,0.4626487911259197,-0.14960513730649305,-0.043224383400326916,-0.47180711501205275,0.4719954435221148
"POLYGON ((4963107.758424814 2192454.278535832, 4963107.2228609985 2191533.455616155, 4964029.552174551 2191532.9262652644, 4964030.074348544 2192453.748425808, 4963107.758424814 2192454.278535832))",348107,1,1,1.1166666984558105,78.71147918701172,4.255120849609375,1.190000057220459,996.0,38.80892562866211,2997.0,335,POMCA_127,2,Magdalena Cauca,24,Sogamoso,2403,Río Chicamocha,215458.0,1.1774461554897635e-06,-0.4834711282198113,-0.1598097895384526,-0.14960513730649305,-0.10366063445467248,-0.4718025722093209,-0.1489288754456215
"POLYGON ((4964030.074348544 2192453.748425808, 4964029.552174551 2191532.9262652644, 4964951.880737329 2191532.410316372, 4964952.389521555 2192453.2317370004, 4964030.074348544 2192453.748425808))",348108,1,1,1.1479166984558105,79.26997375488281,4.0813240051269535,1.2100000381469729,938.0,42.79793930053711,2979.0,335,POMCA_127,2,Magdalena Cauca,24,Sogamoso,2403,Río Chicamocha,215458.0,1.1774480917295645e-06,-0.4834711282198113,-0.48347112821981125,-0.14960513730649305,-0.1335104330098924,-0.47180038492774223,-0.47179830039147547
"POLYGON ((5018446.043792127 2192446.226311218, 5018446.31156837 2191525.41492258, 5019368.629909189 2191525.689643471, 5019368.34874393 2192446.501426082, 5018446.043792127 2192446.226311218))",348166,1,1,0.9875,75.45455169677734,4.970366668701172,1.1,1149.0,65.97805786132812,3191.0,63,POMCA_128,2,Magdalena Cauca,24,Sogamoso,2403,Río Chicamocha,409848.0,1.1774744545583298e-06,-0.4834711282198113,0.645458644134283,-0.14960513730649305,-0.09934807662496742,-0.4717706040453898,0.6543216176112883
"POLYGON ((4749988.947669593 2192015.141926576, 4749985.31988557 2191093.6284645856, 4750908.352312555 2191090.0040412312, 4750911.9666754315 2192011.5122978827, 4749988.947669593 2192015.141926576))",348863,1,1,1.1270833015441897,88.91752624511719,2.2609167098999023,0.9699999809265136,2216.0,29.661977767944336,3264.0,59,POMCA_153,2,Magdalena Cauca,26,Cauca,2618,Río Arma,186097.0,1.1756526730695653e-06,-0.4834711282198113,0.0,-0.14960513730649305,0.0,-0.4738285873017294,0.0
"POLYGON ((4926213.2136658095 2191565.620091389, 4926212.143998531 2190644.751308932, 4927134.532504186 2190643.687345198, 4927135.588797663 2191564.554599563, 4926213.2136658095 2191565.620091389))",349043,1,1,1.0141666412353516,80.7807846069336,3.5981895446777346,1.1100000381469726,1308.0,49.03578186035156,3276.0,84,POMCA_125,2,Magdalena Cauca,24,Sogamoso,2401,Río Suárez,613823.0,1.1773112585035091e-06,-0.4834711282198113,0.025694418531965454,-0.14960513730649305,-0.1427246045411407,-0.4719549591672269,0.0358725430186526
"POLYGON ((4956650.895027345 2191537.5363332075, 4956650.266644246 2190616.7078275573, 4957572.61512312 2190616.0855547613, 4957573.230135359 2191536.9131666855, 4956650.895027345 2191537.5363332075))",349076,4,25,1.1520833015441894,79.375,4.092445755004883,1.2,1036.0,44.35340881347656,2900.52,84,POMCA_125,2,Magdalena Cauca,24,Sogamoso,2401,Río Suárez,613823.0,4.709657889867901e-06,3.5166768969321986,0.7238439296294208,0.28283809816223654,-0.04788299972192505,3.518375532040823,0.7325184098310673
"POLYGON ((4958495.564357836 2191536.303402583, 4958494.962716394 2190615.4766651634, 4959417.309443318 2190614.8811586993, 4959417.897714027 2191535.7070408356, 4958495.564357836 2191536.303402583))",349078,2,12,1.0404167175292969,78.72806549072266,4.340393829345703,1.140000057220459,944.0,48.94178009033203,2998.0,84,POMCA_125,2,Magdalena Cauca,24,Sogamoso,2401,Río Suárez,613823.0,2.3548379807812333e-06,0.8499115468308588,0.7268197843213657,0.04859801228334135,-0.032364088985671446,0.8582431426827505,0.7355007666654347
"POLYGON ((4960340.230223187 2191535.1240813797, 4960339.655323149 2190614.299035306, 4961262.000375141 2190613.730294922, 4961262.56190457 2191534.5545241544, 4960340.230223187 2191535.1240813797))",349080,1,6,1.1537500381469727,78.79402923583984,4.243309783935547,1.230000114440918,969.0,48.81867980957031,2960.0,84,POMCA_125,2,Magdalena Cauca,24,Sogamoso,2401,Río Suárez,613823.0,1.1774233097291782e-06,-0.4834711282198113,0.573095177443058,-0.05951279658384105,-0.04491888739342481,-0.47182838002055016,0.5821595969481318
"POLYGON ((5019368.629909189 2191525.689643471, 5019368.910667355 2190604.8781279777, 5020291.242782086 2190605.165836885, 5020290.9486542605 2191525.977765594, 5019368.629909189 2191525.689643471))",349143,2,8,0.8004166603088378,76.64930725097656,5.626472091674804,0.959999942779541,921.0,51.94765090942383,3381.0,63,POMCA_128,2,Magdalena Cauca,24,Sogamoso,2403,Río Chicamocha,409848.0,2.354913346570558e-06,0.8499115468308588,0.5515183097299297,-0.02347586029478025,-0.11083777154138058,0.8583282799692404,0.5605943011850054
"POLYGON ((5028591.838727733 2191529.1739256554, 5028592.253184064 2190608.3574131113, 5029514.590400506 2190608.7789440528, 5029514.16257414 2191529.5960620125, 5028591.838727733 2191529.1739256554))",349153,1,1,0.86875,72.85478973388672,5.625126647949219,1.009999942779541,1406.0,64.038818359375,3178.0,63,POMCA_128,2,Magdalena Cauca,24,Sogamoso,2403,Río Chicamocha,409848.0,1.177443516451745e-06,-0.4834711282198113,-0.4834711282198113,-0.14960513730649305,-0.019606645386827076,-0.47180555340991415,-0.4717741355389651
"POLYGON ((4927134.532504186 2190643.687345198, 4927133.477742325 2189722.8203542996, 4928055.878081248 2189721.771285639, 4928056.919488812 2190642.636767582, 4927134.532504186 2190643.687345198))",350028,2,2,0.9987500190734864,80.83333587646484,3.612635803222656,1.1,1234.0,52.01263427734375,3386.0,84,POMCA_125,2,Magdalena Cauca,24,Sogamoso,2401,Río Suárez,613823.0,2.3545969286977596e-06,0.8499115468308588,-0.48347112821981125,-0.13158666916196265,-0.14960513730649305,0.8579708371649076,-0.47197783531719545
"POLYGON ((4954805.566952678 2190617.992523009, 4954804.912777582 2189697.1624378734, 4955727.276437029 2189696.5143307056, 4955727.917260518 2190617.3434836175, 4954805.566952678 2190617.992523009))",350058,1,1,1.044166660308838,78.42262268066406,4.19324836730957,1.1199999809265138,989.0,43.588966369628906,2988.0,84,POMCA_125,2,Magdalena Cauca,24,Sogamoso,2401,Río Suárez,613823.0,1.1773930413267902e-06,-0.4834711282198113,0.8795576178665861,-0.14960513730649305,-0.03930484057070795,-0.471862572850862,0.8878149298616991
"POLYGON ((4956650.266644246 2190616.7078275573, 4956649.639172298 2189695.879587646, 4957572.001002646 2189695.2582086283, 4957572.61512312 2190616.0855547613, 4956650.266644246 2190616.7078275573))",350060,3,3,0.9762499809265136,78.9351806640625,4.487988662719727,1.0800000190734864,987.0,41.881446838378906,3193.0,84,POMCA_125,2,Magdalena Cauca,24,Sogamoso,2401,Río Suárez,613823.0,3.532193273699008e-06,2.1832942218815288,0.925121079399826,-0.11356820101743226,-0.002040968614205717,2.188247588622512,0.9332820529758094
"POLYGON ((4957572.61512312 2190616.0855547613, 4957572.001002646 2189695.2582086283, 4958494.361947328 2189694.650193586, 4958494.962716394 2190615.4766651634, 4957572.61512312 2190616.0855547613))",350061,2,7,1.1245833396911622,79.4817886352539,4.191215133666992,1.190000057220459,975.0,48.41378021240234,2952.285714285714,84,POMCA_125,2,Magdalena Cauca,24,Sogamoso,2401,Río Suárez,613823.0,2.3548000834333584e-06,0.8499115468308588,1.0729693898840638,-0.04149432843931065,-0.010706574417614629,0.8582003317815161,1.0807673100089978
"POLYGON ((4997233.016920138 2190601.987669198, 4997232.976870291 2189681.1805720455, 4998155.317945615 2189681.1471658414, 4998155.344645511 2190601.9542149426, 4997233.016920138 2190601.987669198))",350103,2,2,1.0837499618530273,78.43567657470703,4.317643737792968,1.1399999618530274,994.0,47.30486297607422,3194.0,335,POMCA_127,2,Magdalena Cauca,24,Sogamoso,2403,Río Chicamocha,215458.0,2.3549025588952993e-06,0.8499115468308588,0.37393880828738413,-0.13158666916196265,-0.12643217441019375,0.8583160936257113,0.38342799234243063
"POLYGON ((5019368.910667355 2190604.8781279777, 5019369.191018424 2189684.0668792194, 5020291.536483428 2189684.3541748864, 5020291.242782086 2190605.165836885, 5019368.910667355 2190604.8781279777))",350127,1,1,0.7583333492279053,76.59574890136719,5.785299682617188,0.9399999618530274,935.0,54.90141677856445,3593.0,63,POMCA_128,2,Magdalena Cauca,24,Sogamoso,2403,Río Chicamocha,409848.0,1.1774399593567493e-06,-0.4834711282198113,0.9653599333366816,-0.14960513730649305,-0.08990373112937905,-0.47180957169750104,0.9734154783190077
"POLYGON ((5022135.908301411 2190605.7814008608, 5022136.2287033945 2189684.968854719, 5023058.575496864 2189685.29623895, 5023058.241744509 2190606.109255994, 5022135.908301411 2190605.7814008608))",350130,1,1,0.6474999904632568,75.9259262084961,6.136700439453125,0.9,1276.0,55.24078750610352,3619.0,63,POMCA_128,2,Magdalena Cauca,24,Sogamoso,2403,Río Chicamocha,409848.0,1.1774365335517323e-06,-0.4834711282198113,1.341494942343831,-0.14960513730649305,-0.06458220798886281,-0.47181344167280154,1.3485964633049887
"POLYGON ((4925288.672481789 2189724.9585924074, 4925287.592581416 2188804.0887888265, 4926210.009317015 2188803.01453377, 4926211.075882259 2189723.8827898516, 4925288.672481789 2189724.9585924074))",350991,1,1,0.9591666221618652,80.27523040771484,3.9186817169189454,1.0899999618530274,1169.0,50.84587478637695,3274.0,336,POMCA_124,2,Magdalena Cauca,24,Sogamoso,2401,Río Suárez,171750.0,1.1772738793025682e-06,-0.4834711282198113,-0.12406149630483085,-0.14960513730649305,-0.14474830878706493,-0.4719971847415596,-0.11349556854250614
"POLYGON ((4951115.448512932 2189699.888509023, 4951114.741958191 2188779.054767785, 4952037.122839401 2188778.354212657, 4952037.816061637 2189699.1869447213, 4951115.448512932 2189699.888509023))",351019,1,2,0.9495833396911622,78.96825408935547,4.479541778564453,1.05,925.0,48.93317794799805,3337.0,84,POMCA_125,2,Magdalena Cauca,24,Sogamoso,2401,Río Suárez,613823.0,1.17736632240226e-06,-0.4834711282198113,1.0782182530540254,-0.13158666916196265,-0.03923579951042485,-0.4718927559983195,1.0857700982624823
"POLYGON ((5018446.845957732 2189683.7929463442, 5018447.112570839 2188762.9823579798, 5019369.47096239 2188763.2558968123, 5019369.191018424 2189684.0668792194, 5018446.845957732 2189683.7929463442))",351092,1,1,0.8716667175292969,76.23762512207031,5.411827087402344,1.0100000381469727,1085.0,75.95406341552734,3377.0,63,POMCA_128,2,Magdalena Cauca,24,Sogamoso,2403,Río Chicamocha,409848.0,1.1774243128188575e-06,-0.4834711282198113,0.9643687551117388,-0.14960513730649305,-0.09637766676305447,-0.47182724687600053,0.9724175639583341
"POLYGON ((5019369.191018424 2189684.0668792194, 5019369.47096239 2188763.2558968123, 5020291.829758282 2188763.5427792147, 5020291.536483428 2189684.3541748864, 5019369.191018424 2189684.0668792194))",351093,4,4,0.7599999904632568,76.7730484008789,5.834847640991211,0.9399999618530274,926.0,48.98857116699219,3569.0,63,POMCA_128,2,Magdalena Cauca,24,Sogamoso,2403,Río Chicamocha,409848.0,4.709693080677612e-06,3.5166768969321986,0.2957594364284281,-0.09554973287290185,-0.10556809113216681,3.518415285489636,0.30546009091138426
"POLYGON ((5020291.536483428 2189684.3541748864, 5020291.829758282 2188763.5427792147, 5021214.188977773 2188763.8430052176, 5021213.882372002 2189684.6548333755, 5020291.536483428 2189684.3541748864))",351094,1,1,0.6733333110809326,77.03704071044922,6.065301132202149,0.9,916.0,52.55022048950195,3646.0,63,POMCA_128,2,Magdalena Cauca,24,Sogamoso,2403,Río Chicamocha,409848.0,1.1774221778651525e-06,-0.4834711282198113,1.0318664987808959,-0.14960513730649305,-0.08965044982834945,-0.47182965863559134,1.0397378982442238
"POLYGON ((5022136.2287033945 2189684.968854719, 5022136.548640117 2188764.1565748528, 5023058.90876457 2188764.483488153, 5023058.575496864 2189685.29623895, 5022136.2287033945 2189684.968854719))",351096,3,5,0.6116666793823242,76.21722412109375,6.1766914367675785,0.8900000572204589,1505.0,66.19258117675781,3814.4,63,POMCA_128,2,Magdalena Cauca,24,Sogamoso,2403,Río Chicamocha,409848.0,3.532259532938112e-06,2.1832942218815288,1.0519129953176403,-0.07753126472837145,-0.07008967760187634,2.1883224386555677,1.0597261729915934
"POLYGON ((5023058.575496864 2189685.29623895, 5023058.90876457 2188764.483488153, 5023981.269370385 2188764.823745154, 5023980.922771659 2189685.636986103, 5023058.575496864 2189685.29623895))",351097,3,16,0.7045833587646484,75.35842895507812,6.110565948486328,0.9299999237060548,1994.0,78.00721740722656,3520.25,63,POMCA_128,2,Magdalena Cauca,24,Sogamoso,2403,Río Chicamocha,409848.0,3.5322558091921487e-06,2.1832942218815288,1.3672219495217752,0.12067188486146295,-0.08417723614280959,2.1883182321100016,1.3742477685589978
"POLYGON ((4908683.805954454 2188825.7079859413, 4908682.48792036 2187904.8072999413, 4909604.948996992 2187903.494657854, 4909606.253713079 2188824.3934501144, 4908683.805954454 2188825.7079859413))",351941,1,1,0.9645833015441896,80.76323699951172,3.7139678955078126,1.0700000762939452,1030.0,56.014625549316406,3212.0,336,POMCA_124,2,Magdalena Cauca,24,Sogamoso,2401,Río Suárez,171750.0,1.1771772336557403e-06,-0.4834711282198113,-0.4834711282198113,-0.14960513730649305,-0.14960513730649305,-0.4721063609101597,-0.47210086496572307
"POLYGON ((4909606.253713079 2188824.3934501144, 4909604.948996992 2187903.494657854, 4910527.408186252 2187902.195346572, 4910528.69958447 2188823.0922643254, 4909606.253713079 2188824.3934501144))",351942,1,1,1.0100000381469727,80.75757598876953,3.4967517852783203,1.1,955.0,56.21002578735352,3211.0,336,POMCA_124,2,Magdalena Cauca,24,Sogamoso,2401,Río Suárez,171750.0,1.177182098811862e-06,-0.4834711282198113,-0.4834711282198113,-0.14960513730649305,-0.14960513730649305,-0.47210086496572307,-0.4721063609101597
"POLYGON ((4951114.741958191 2188779.054767785, 4951114.036430957 2187858.221291185, 4952036.430625282 2187857.5217452897, 4952037.122839401 2188778.354212657, 4951114.741958191 2188779.054767785))",351987,2,5,0.8379166603088379,79.0404052734375,4.678083419799805,0.9899999618530272,917.0,49.22531509399414,3466.0,84,POMCA_125,2,Magdalena Cauca,24,Sogamoso,2401,Río Suárez,613823.0,2.354699314186751e-06,0.8499115468308588,1.0027136997861459,-0.07753126472837145,-0.03960838454284122,0.858086497370775,1.0104460483603253
"POLYGON ((4995388.227874277 2188760.4804875893, 4995388.161318371 2187839.673769461, 4996310.52917023 2187839.613811277, 4996310.5824149465 2188760.420442903, 4995388.227874277 2188760.4804875893))",352035,2,3,1.1291666984558106,78.67230987548828,4.3788410186767575,1.180000114440918,974.0,46.453243255615234,3050.0,335,POMCA_127,2,Magdalena Cauca,24,Sogamoso,2403,Río Chicamocha,215458.0,2.354835157195334e-06,0.8499115468308588,0.22015223225188332,-0.11356820101743226,-0.14009682784392646,0.858239953006854,0.23005664236509538
"POLYGON ((5020291.829758282 2188763.5427792147, 5020292.122606639 2187842.7316494873, 5021214.495137663 2187843.0314429784, 5021214.188977773 2188763.8430052176, 5020291.829758282 2188763.5427792147))",352062,2,4,0.6491666793823242,76.66667175292969,6.240750885009765,0.9,881.0,48.85056686401367,3732.0,63,POMCA_128,2,Magdalena Cauca,24,Sogamoso,2403,Río Chicamocha,409848.0,2.354811026801478e-06,0.8499115468308588,0.7794826635583689,-0.09554973287290185,-0.08934711481050817,0.8582126940041521,0.787971092324062
"POLYGON ((5021214.188977773 2188763.8430052176, 5021214.495137663 2187843.0314429784, 5022136.86811157 2187843.344560879, 5022136.548640117 2188764.1565748528, 5021214.188977773 2188763.8430052176))",352063,2,5,0.6025000095367432,76.21723175048828,6.268608093261719,0.8899999618530273,1091.0,47.46415328979492,3745.2,63,POMCA_128,2,Magdalena Cauca,24,Sogamoso,2403,Río Chicamocha,409848.0,2.3548087428672055e-06,0.8499115468308588,0.9380349552140105,-0.07753126472837145,-0.08851614001249364,0.8582101139480254,0.9461284128597252
"POLYGON ((5022136.548640117 2188764.1565748528, 5022136.86811157 2187843.344560879, 5023059.241547622 2187843.6710032215, 5023058.90876457 2188764.483488153, 5022136.548640117 2188764.1565748528))",352064,3,3,0.6012499809265137,76.12359619140625,6.23452606201172,0.8899999618530273,1269.0,64.5389633178711,3764.3333333333335,63,POMCA_128,2,Magdalena Cauca,24,Sogamoso,2403,Río Chicamocha,409848.0,3.5322095394392525e-06,2.1832942218815288,1.1902750857891453,-0.11356820101743226,-0.06256638625404792,2.1882659632855996,1.1977410636247379
"POLYGON ((5023058.90876457 2188764.483488153, 5023059.241547622 2187843.6710032215, 5023981.61546507 2187844.0107700406, 5023981.269370385 2188764.823745154, 5023058.90876457 2188764.483488153))",352065,4,10,0.6824999809265136,74.91039276123047,6.217643737792969,0.9299999237060547,1961.0,77.25189971923828,3632.1,63,POMCA_128,2,Magdalena Cauca,24,Sogamoso,2403,Río Chicamocha,409848.0,4.709607754181397e-06,3.5166768969321986,1.1413055986832952,0.012561075994280552,-0.06559630511483901,3.5183188960479734,1.1488950774895166
"POLYGON ((4926208.944302822 2187882.146540308, 4926207.880839701 2186961.2788090883, 4927130.322646643 2186960.2209586175, 4927131.372813532 2187881.087161388, 4926208.944302822 2187882.146540308))",352926,1,1,0.9337499618530274,79.8611068725586,4.062719345092773,1.0800000190734864,1066.0,48.23527145385742,3371.0,336,POMCA_124,2,Magdalena Cauca,24,Sogamoso,2401,Río Suárez,171750.0,1.1772445424286717e-06,-0.4834711282198113,-0.131827273824505,-0.14960513730649305,-0.1448532504647048,-0.47203032526672395,-0.1212369791021605
"POLYGON ((4949269.244961239 2187859.6603610986, 4949268.513873847 2186938.825072492, 4950190.923422515 2186938.099922234, 4950191.64121603 2187858.934163096, 4949269.244961239 2187859.6603610986))",352951,2,2,1.0449999809265136,80.00000762939453,4.106535720825195,1.1,986.0,47.87661743164063,3343.0,84,POMCA_125,2,Magdalena Cauca,24,Sogamoso,2401,Río Suárez,613823.0,2.3546554079583176e-06,0.8499115468308588,1.3267638786744278,-0.13158666916196265,-0.03538393852482278,0.8580368985118988,1.3336400560397168
"POLYGON ((4950191.64121603 2187858.934163096, 4950190.923422515 2186938.099922234, 4951113.331931244 2186937.388078841, 4951114.036430957 2187858.221291185, 4950191.64121603 2187858.934163096))",352952,1,1,0.9604166984558106,79.44444274902344,4.402779769897461,1.05,948.0,50.19847106933594,3391.0,84,POMCA_125,2,Magdalena Cauca,24,Sogamoso,2401,Río Suárez,613823.0,1.1773303850769823e-06,-0.4834711282198113,1.8335796382301845,-0.14960513730649305,-0.003873617420413802,-0.47193335275163767,1.839165501030895
"POLYGON ((4951114.036430957 2187858.221291185, 4951113.331931244 2186937.388078841, 4952035.739419295 2186936.6895422377, 4952036.430625282 2187857.5217452897, 4951114.036430957 2187858.221291185))",352953,2,2,0.7704166889190673,79.25347137451172,4.802737808227539,0.9600000381469728,954.0,50.16849899291992,3654.0,84,POMCA_125,2,Magdalena Cauca,24,Sogamoso,2401,Río Suárez,613823.0,2.354666033047232e-06,0.8499115468308588,1.5921556099123957,-0.13158666916196265,0.030676545081567426,0.8580489011890681,1.598364681863896
"POLYGON ((4952958.823818261 2187856.835525336, 4952958.145905929 2186936.0043123495, 4953880.551410406 2186935.3323891046, 4953881.216029156 2187856.162631252, 4952958.823818261 2187856.835525336))",352955,1,2,0.7333333492279053,79.122802734375,4.886592864990234,0.95,848.0,41.74755859375,3552.0,84,POMCA_125,2,Magdalena Cauca,24,Sogamoso,2401,Río Suárez,613823.0,1.1773381304818628e-06,-0.4834711282198113,1.3364796513953308,-0.13158666916196265,-0.003181812310440669,-0.47192460312186263,1.3433641734793014
"POLYGON ((5021214.495137663 2187843.0314429784, 5021214.8008516645 2186922.2201462747, 5022137.18711775 2186922.532812414, 5022136.86811157 2187843.344560879, 5021214.495137663 2187843.0314429784))",353028,1,4,0.5891666412353516,75.37036895751953,6.266191864013672,0.9,1167.0,51.98748397827149,3704.0,63,POMCA_128,2,Magdalena Cauca,24,Sogamoso,2403,Río Chicamocha,409848.0,1.177387731689348e-06,-0.4834711282198113,1.094362489904269,-0.09554973287290185,-0.07637234563578461,-0.47186857090552475,1.102056256141653
"POLYGON ((4949268.513873847 2186938.825072492, 4949267.783852769 2186017.990047639, 4950190.206675925 2186017.2659451873, 4950190.923422515 2186938.099922234, 4949268.513873847 2186938.825072492))",353919,2,2,0.8945833206176758,79.4554443359375,4.624335098266601,1.009999942779541,910.0,45.13996887207031,3451.0,84,POMCA_125,2,Magdalena Cauca,24,Sogamoso,2401,Río Suárez,613823.0,2.3546221761300897e-06,0.8499115468308588,1.531444680161423,-0.13158666916196265,-0.0286979719973893,0.8579993580349029,1.5377910633658423
"POLYGON ((4950190.923422515 2186938.099922234, 4950190.206675925 2186017.2659451873, 4951112.628459065 2186016.5551303723, 4951113.331931244 2186937.388078841, 4950190.923422515 2186938.099922234))",353920,6,11,0.875,79.83333587646484,4.6904151916503904,1.0,923.0,51.63779067993164,3511.5454545454545,84,POMCA_125,2,Magdalena Cauca,24,Sogamoso,2401,Río Suárez,613823.0,7.063882615223669e-06,6.183442247033539,1.0799967131158321,0.030579544138810952,0.00047348638066357007,6.1778355695497895,1.0875094716033271
"POLYGON ((4951113.331931244 2186937.388078841, 4951112.628459065 2186016.5551303723, 4952035.049221455 2186015.857603119, 4952035.739419295 2186936.6895422377, 4951113.331931244 2186937.388078841))",353921,7,58,0.7525000095367431,78.99305725097656,4.760155868530274,0.9600000381469728,948.0,53.16408920288086,3620.2241379310344,84,POMCA_125,2,Magdalena Cauca,24,Sogamoso,2401,Río Suárez,613823.0,8.241214804831872e-06,7.516824922084209,0.9191223774327295,0.8774475469317399,-0.0919622858466847,7.507813916737007,0.9270503335420391
"POLYGON ((4952035.739419295 2186936.6895422377, 4952035.049221455 2186015.857603119, 4952957.468982353 2186015.1733633545, 4952958.145905929 2186936.0043123495, 4952035.739419295 2186936.6895422377))",353922,1,10,0.7237500190734864,79.3859634399414,4.744015121459961,0.95,886.0,48.88296508789063,3702.2,84,POMCA_125,2,Magdalena Cauca,24,Sogamoso,2401,Río Suárez,613823.0,1.1773189825333285e-06,-0.4834711282198113,1.7924597458631286,0.012561075994280552,0.039336242352306865,-0.4719462336838811,1.7981507889261865
"POLYGON ((4954802.955951983 2186934.673772432, 4954802.305576723 2186013.8447460006, 4955724.722448719 2186013.2003682717, 4955725.359549925 2186934.028462261, 4954802.955951983 2186934.673772432))",353925,2,2,1.0504166603088378,77.94540405273438,4.514916229248047,1.159999942779541,1152.0,60.06306076049805,3118.0,84,POMCA_125,2,Magdalena Cauca,24,Sogamoso,2401,Río Suárez,613823.0,2.354652860341054e-06,0.8499115468308588,1.1842207175933117,-0.13158666916196265,-0.002969843447943269,0.858034020585153,1.1915320031096002
"POLYGON ((4961259.762399677 2186930.436034062, 4961259.20494143 2186009.6131309536, 4962181.615746772 2186009.0617623203, 4962182.159931408 2186929.883867575, 4961259.762399677 2186930.436034062))",353932,1,1,1.0279166221618652,79.45906066894531,4.648843002319336,1.1399999618530274,911.0,44.61701583862305,3168.0,84,POMCA_125,2,Magdalena Cauca,24,Sogamoso,2401,Río Suárez,613823.0,1.1773420703204869e-06,-0.4834711282198113,-0.4834711282198113,-0.14960513730649305,-0.05951279658384105,-0.4719201524662978,-0.47182838002055016
"POLYGON ((5018447.644633882 2186921.361978841, 5018447.910083806 2186000.5521873, 5019370.308351611 2186000.824543867, 5019370.029628988 2186921.634729519, 5018447.644633882 2186921.361978841))",353993,1,4,0.8129166603088379,75.67340087890625,5.859949493408204,0.9899999618530272,911.0,46.03744888305664,3361.0,63,POMCA_128,2,Magdalena Cauca,24,Sogamoso,2403,Río Chicamocha,409848.0,1.177374393731883e-06,-0.4834711282198113,0.6208235722866053,-0.09554973287290185,-0.091893734477273,-0.4718836381862641,0.6296734394779234
"POLYGON ((5023059.573846012 2186922.8587837713, 5023059.905659734 2186002.0468294197, 5023982.306142287 2186002.385615791, 5023981.961055706 2186923.198060381, 5023059.573846012 2186922.8587837713))",353998,2,6,0.63125,75.0,6.453064727783203,0.9100000381469725,2095.0,79.92794036865234,3807.0,63,POMCA_128,2,Magdalena Cauca,24,Sogamoso,2403,Río Chicamocha,409848.0,2.354737367440183e-06,0.8499115468308588,1.1694579287795324,-0.05951279658384105,-0.07617377377765466,0.8581294843913895,1.1769476730164514
"POLYGON ((4950190.206675925 2186017.2659451873, 4950189.490976274 2185096.432231574, 4951111.926014436 2185095.722445397, 4951112.628459065 2186016.5551303723, 4950190.206675925 2186017.2659451873))",354894,1,1,0.962083339691162,78.85220336914062,4.46429443359375,1.059999942779541,924.0,52.019752502441406,3226.0,84,POMCA_125,2,Magdalena Cauca,24,Sogamoso,2401,Río Suárez,613823.0,1.1772971780659047e-06,-0.4834711282198113,1.803451073152984,-0.14960513730649305,0.0036733020463978264,-0.4719708651938335,1.8090920028739426
"POLYGON ((4996310.422913433 2185998.00134511, 4996310.369901354 2185077.1955098026, 4997232.777493426 2185077.1490775263, 4997232.8172524795 2185997.954845543, 4996310.422913433 2185998.00134511))",354944,1,1,1.2666666984558106,77.6543197631836,4.297639083862305,1.35,1249.0,56.569480895996094,2816.0,335,POMCA_127,2,Magdalena Cauca,24,Sogamoso,2403,Río Chicamocha,215458.0,1.1773679327786667e-06,-0.4834711282198113,0.48121516558215205,-0.14960513730649305,-0.12852317803628754,-0.47189093682971894,0.4904581774910597
"POLYGON ((4947422.179544196 2185098.641200861, 4947421.425184141 2184177.804548827, 4948343.876636224 2184177.0560435825, 4948344.617760416 2185097.8916092287, 4947422.179544196 2185098.641200861))",355848,1,1,1.3204166412353515,81.07234954833984,3.720081329345703,1.290000057220459,1048.0,49.0816650390625,2832.0,84,POMCA_125,2,Magdalena Cauca,24,Sogamoso,2401,Río Suárez,613823.0,1.1772724190692462e-06,-0.4834711282198113,0.9133120643214919,-0.14960513730649305,-0.07397124817314238,-0.47199883430038186,0.9211773151000994
"POLYGON ((4948344.617760416 2185097.8916092287, 4948343.876636224 2184177.0560435825, 4949266.327009613 2184176.3207876706, 4949267.05489802 2185097.155286159, 4948344.617760416 2185097.8916092287))",355849,2,2,1.1587499618530273,80.55555725097656,3.772658920288086,1.1699999809265136,990.0,50.81648254394531,3039.5,84,POMCA_125,2,Magdalena Cauca,24,Sogamoso,2401,Río Suárez,613823.0,2.3545503991633148e-06,0.8499115468308588,0.8111035393695248,-0.13158666916196265,-0.06597162223154372,0.8579182748771671,0.8192558681418085
"POLYGON ((4991698.330400206 2185077.626666928, 4991698.211297376 2184156.8204714134, 4992620.632700926 2184156.7078706245, 4992620.7385700755 2185077.5139027094, 4991698.330400206 2185077.626666928))",355896,1,1,1.2066666603088378,79.33334350585938,4.396969985961914,1.2499999046325685,1120.0,63.90122222900391,2881.0,335,POMCA_127,2,Magdalena Cauca,24,Sogamoso,2403,Río Chicamocha,215458.0,1.1773498778126103e-06,-0.4834711282198113,-0.4834711282198113,-0.14960513730649305,-0.14960513730649305,-0.47191133269940305,-0.47189093682971894
"POLYGON ((5018448.175145993 2185079.7426605998, 5018448.439820435 2184158.933398358, 5019370.864575473 2184159.204966633, 5019370.586667107 2185080.0146230324, 5018448.175145993 2185079.7426605998))",355925,1,1,0.6258333206176758,76.00732421875,6.370504379272461,0.9100000381469726,975.0,47.95921325683594,3773.0,63,POMCA_128,2,Magdalena Cauca,24,Sogamoso,2403,Río Chicamocha,409848.0,1.177341238013401e-06,-0.4834711282198113,0.30132862491593926,-0.14960513730649305,-0.05938368028347846,-0.4719210926855598,0.310909766166737
"POLYGON ((5016603.59144679 2184158.4300040263, 5016603.829304496 2183237.621736534, 5017526.266522815 2183237.866454283, 5017526.015450629 2184158.6750774984, 5016603.59144679 2184158.4300040263))",356876,1,1,0.7150000095367431,76.7730484008789,5.965811538696289,0.9399999618530274,927.0,46.50749969482422,3544.0,63,POMCA_128,2,Magdalena Cauca,24,Sogamoso,2403,Río Chicamocha,409848.0,1.1773266337836184e-06,-0.4834711282198113,-0.0848351710555442,-0.14960513730649305,-0.059826185659692374,-0.4719375904162424,-0.07431480023744264
"POLYGON ((5018448.439820435 2184158.933398358, 5018448.704107129 2183238.1244001905, 5019371.142076702 2183238.395574285, 5019370.864575473 2184159.204966633, 5018448.439820435 2184158.933398358))",356878,2,16,0.5599999904632569,76.29629516601562,6.522688293457032,0.9,1078.0,57.47596740722656,3859.0,63,POMCA_128,2,Magdalena Cauca,24,Sogamoso,2403,Río Chicamocha,409848.0,2.3546493944993353e-06,0.8499115468308588,-0.20336113012540724,0.12067188486146295,-0.13569842571248816,0.8580301053822208,-0.19254869252427828
"POLYGON ((4947420.671929224 2183256.9681592784, 4947419.919779461 2182336.1320318338, 4948342.3976451 2182335.3856995543, 4948343.1365977805 2183256.220740485, 4947420.671929224 2183256.9681592784))",357767,1,1,1.1625,79.80226135253906,3.951409912109375,1.1800000190734865,1032.0,50.04951858520508,2983.0,84,POMCA_125,2,Magdalena Cauca,24,Sogamoso,2401,Río Suárez,613823.0,1.17723936020633e-06,-0.4834711282198113,0.2762459458643781,-0.14960513730649305,-0.12856622285404457,-0.4720361793863731,0.2856998461985223
"POLYGON ((5018448.704107129 2183238.1244001905, 5018448.968006069 2182317.3156657144, 5019371.4191707885 2182317.586445606, 5019371.142076702 2183238.395574285, 5018448.704107129 2183238.1244001905))",357844,1,1,0.5699999809265137,76.00732421875,6.592005920410156,0.9100000381469726,1125.0,59.85053634643555,3866.0,63,POMCA_128,2,Magdalena Cauca,24,Sogamoso,2403,Río Chicamocha,409848.0,1.1773081812156434e-06,-0.4834711282198113,0.2898370636604094,-0.14960513730649305,-0.05730445216597664,-0.4719584354386357,0.2993548430004028
"POLYGON ((4946497.440815705 2182336.8915750613, 4946496.676593339 2181416.0546035296, 4947419.168734866 2181415.2961661126, 4947419.919779461 2182336.1320318338, 4946497.440815705 2182336.8915750613))",358727,2,3,1.1704166412353516,79.76190185546875,3.8990566253662116,1.190000057220459,914.0,49.3983154296875,2981.0,84,POMCA_125,2,Magdalena Cauca,24,Sogamoso,2401,Río Suárez,613823.0,2.354440075164425e-06,0.8499115468308588,-0.2028681854092655,-0.11356820101743226,-0.13924197740610397,0.8577936468996142,-0.192202194656821
"POLYGON ((4947419.919779461 2182336.1320318338, 4947419.168734866 2181415.2961661126, 4948341.659778196 2181414.55092041, 4948342.3976451 2182335.3856995543, 4947419.919779461 2182336.1320318338))",358728,1,2,0.9979166984558104,79.48113250732422,4.402780151367187,1.0600000381469727,901.0,50.35065460205078,3261.0,84,POMCA_125,2,Magdalena Cauca,24,Sogamoso,2401,Río Suárez,613823.0,1.1772228678684557e-06,-0.4834711282198113,0.03794998827444092,-0.13158666916196265,-0.13732929602377855,-0.47205481002644306,0.04799589817743877
"POLYGON ((4952954.771175887 2182331.852199659, 4952954.099196297 2181411.0225648982, 4953876.584055087 2181410.356467874, 4953877.242857434 2182331.185131457, 4952954.771175887 2182331.852199659))",358734,1,1,1.0866666793823243,78.38983917236328,4.329251480102539,1.1799999237060548,936.0,48.098236083984375,3092.0,84,POMCA_125,2,Magdalena Cauca,24,Sogamoso,2401,Río Suárez,613823.0,1.1772388069326727e-06,-0.4834711282198113,0.721903824744786,-0.14960513730649305,0.007479638825829773,-0.47203680439432816,0.7302622265933699
"POLYGON ((5023061.228067808 2182318.801655335, 5023061.55745809 2181397.991020728, 5023984.024014123 2181398.327355481, 5023983.681447921 2182319.1384804687, 5023061.228067808 2182318.801655335))",358810,2,3,0.65,74.37276458740234,6.609221649169922,0.9299999237060548,2010.0,81.20357513427734,3686.6666666666665,131,POMCA_269,3,Orinoco,35,Meta,3519,Río Cusiana,510094.0,2.3545719589295335e-06,0.8499115468308588,0.024058433503114682,-0.11356820101743226,-0.1268212701394279,0.8579426299593559,0.034218375174177806
"POLYGON ((5023983.681447921 2182319.1384804687, 5023984.024014123 2181398.327355481, 5024906.491071068 2181398.676880153, 5024906.135328911 2182319.488514752, 5023983.681447921 2182319.1384804687))",358811,1,1,0.6741666793823242,73.4767074584961,6.51513442993164,0.9299999237060548,2117.0,78.36100006103516,3647.0,131,POMCA_269,3,Orinoco,35,Meta,3519,Río Cusiana,510094.0,1.1772846884066246e-06,-0.4834711282198113,0.5047308981097809,-0.14960513730649305,-0.12448126996513821,-0.47198497419089736,0.5136456059769531
"POLYGON ((4944651.688938624 2181417.6110538277, 4944650.899523831 2180496.772074121, 4945573.407078098 2180495.988397378, 4945574.183334349 2181416.8262327407, 4944651.688938624 2181417.6110538277))",359709,1,1,1.2824999809265136,80.57742309570312,3.7203365325927735,1.2700000762939454,1065.0,52.554046630859375,2825.0,84,POMCA_125,2,Magdalena Cauca,24,Sogamoso,2401,Río Suárez,613823.0,1.1771977603238703e-06,-0.4834711282198113,-0.06860250461248582,-0.14960513730649305,-0.1371675015273034,-0.47208317287164875,-0.05831704376092224
"POLYGON ((4945574.183334349 2181416.8262327407, 4945573.407078098 2180495.988397378, 4946495.913495548 2180495.2178932764, 4946496.676593339 2181416.0546035296, 4945574.183334349 2181416.8262327407))",359710,2,3,1.0991666793823245,80.08849334716797,4.1000732421875,1.1300000190734862,977.0,52.24302291870117,2992.6666666666665,84,POMCA_125,2,Magdalena Cauca,24,Sogamoso,2401,Río Suárez,613823.0,2.3544013799043105e-06,0.8499115468308588,-0.2305143405913069,-0.11356820101743226,-0.1418381188884234,0.8577499346334033,-0.2197836335217611
"POLYGON ((4949264.149742597 2181413.818866343, 4949263.4261197075 2180492.985416008, 4950185.928182597 2180492.2676016693, 4950186.638647341 2181413.1000038334, 4949264.149742597 2181413.818866343))",359714,1,1,1.1683333396911622,78.99159240722656,3.9561996459960938,1.190000057220459,1005.0,50.20235824584961,2998.0,84,POMCA_125,2,Magdalena Cauca,24,Sogamoso,2401,Río Suárez,613823.0,1.1772119119602982e-06,-0.4834711282198113,-0.13441152307478715,-0.14960513730649305,-0.1389796055229736,-0.47206718641498635,-0.12391447293912874
"POLYGON ((5021216.625771686 2181397.3579208367, 5021216.928364303 2180476.5484721507, 5022139.407132777 2180476.8579752273, 5022139.091383698 2181397.667875858, 5021216.625771686 2181397.3579208367))",359792,2,2,0.6633333206176758,74.82269287109375,6.620674896240234,0.940000057220459,1904.0,72.94493865966797,3628.0,131,POMCA_269,3,Orinoco,35,Meta,3519,Río Cusiana,510094.0,2.354543891954056e-06,0.8499115468308588,0.29787016327388743,-0.13158666916196265,-0.1209327840106606,0.857910923980376,0.30730167849454126
"POLYGON ((5023061.55745809 2181397.991020728, 5023061.886363664 2180477.1806489206, 5023984.366076227 2180477.516493265, 5023984.024014123 2181398.327355481, 5023061.55745809 2181397.991020728))",359794,1,1,0.6991666793823242,73.4375,6.598323822021484,0.9600000381469728,2019.0,74.57817077636719,3743.0,131,POMCA_269,3,Orinoco,35,Meta,3519,Río Cusiana,510094.0,1.1772695127963343e-06,-0.4834711282198113,0.4143139367726198,-0.14960513730649305,-0.13219570357365923,-0.47200211738401615,0.42344478852799033
"POLYGON ((4943728.390813474 2180497.5689235884, 4943727.589422821 2179576.7290410018, 4944650.111272411 2179575.933355181, 4944650.899523831 2180496.772074121, 4943728.390813474 2180497.5689235884))",360685,1,1,1.3608333587646484,81.06061553955078,3.710142135620117,1.319999885559082,1116.0,39.73242568969727,2837.0,84,POMCA_125,2,Magdalena Cauca,24,Sogamoso,2401,Río Suárez,613823.0,1.1771783379810874e-06,-0.4834711282198113,-0.21228855698748192,-0.14960513730649305,-0.14114512208399427,-0.47210511340430467,-0.20162727117905038
"POLYGON ((4944650.899523831 2180496.772074121, 4944650.111272411 2179575.933355181, 4945572.631965829 2179575.150822848, 4945573.407078098 2180495.988397378, 4944650.899523831 2180496.772074121))",360686,1,1,1.2237500190734862,80.0135498046875,3.656408309936523,1.2299999237060546,1078.0,54.73641204833984,3014.0,84,POMCA_125,2,Magdalena Cauca,24,Sogamoso,2401,Río Suárez,613823.0,1.1771813173079776e-06,-0.4834711282198113,-0.18700837130959208,-0.14960513730649305,-0.1405455110684142,-0.472101747794931,-0.17641413974566547
"POLYGON ((4963100.856581717 2180483.601254874, 4963100.331099305 2179562.781769405, 4964022.832716259 2179562.262291291, 4964023.345060897 2180483.081017051, 4963100.856581717 2180483.601254874))",360706,1,2,1.2341666221618652,79.87179565429688,4.5867057800292965,1.3,943.0,47.39706039428711,2902.0,335,POMCA_127,2,Magdalena Cauca,24,Sogamoso,2403,Río Chicamocha,215458.0,1.1772304768574959e-06,-0.4834711282198113,0.0,-0.13158666916196265,0.0,-0.4720462144994059,0.0
"POLYGON ((5021216.928364303 2180476.5484721507, 5021217.230510983 2179555.7392859333, 5022139.72241653 2179556.0483370395, 5022139.407132777 2180476.8579752273, 5021216.928364303 2180476.5484721507))",360768,2,2,0.7091666698455811,73.71134185791016,6.539507293701172,0.9699999809265136,1792.0,73.13792419433594,3597.0,131,POMCA_269,3,Orinoco,35,Meta,3519,Río Cusiana,510094.0,2.354511008134508e-06,0.8499115468308588,0.4017889982019789,-0.13158666916196265,-0.12287596744285559,0.8578737766328749,0.4109419721993251
"POLYGON ((4944650.111272411 2179575.933355181, 4944649.324184381 2178655.094896626, 4945571.857997557 2178654.313508769, 4945572.631965829 2179575.150822848, 4944650.111272411 2179575.933355181))",361666,1,1,1.1475000381469729,80.19943237304688,3.858285903930664,1.169999885559082,1029.0,55.26177978515625,3087.0,84,POMCA_125,2,Magdalena Cauca,24,Sogamoso,2401,Río Suárez,613823.0,1.1771648990141209e-06,-0.4834711282198113,-0.21155626028685487,-0.14960513730649305,-0.14106141613581352,-0.4721202947908596,-0.20089298618795462
"POLYGON ((5021217.230510983 2179555.7392859333, 5021217.53221172 2178634.930361802, 5022140.037234953 2178635.2389609115, 5022139.72241653 2179556.0483370395, 5021217.230510983 2179555.7392859333))",361748,2,2,0.6995833396911622,74.8245620727539,6.6176704406738285,0.95,1644.0,68.66387176513672,3668.0,131,POMCA_269,3,Orinoco,35,Meta,3519,Río Cusiana,510094.0,2.3544781737583033e-06,0.8499115468308588,0.24534017165489677,-0.13158666916196265,-0.13822032178151536,0.8578366851392579,0.25488986098356975
"POLYGON ((4952029.56393363 2178649.211546014, 4952028.882809718 2177728.3819651324, 4952951.421166442 2177727.7066390584, 4952952.089190603 2178648.5352293015, 4952029.56393363 2178649.211546014))",362674,1,1,1.0770833015441894,78.52011108398438,4.4182380676269535,1.1600000381469726,946.0,55.07555770874024,3108.0,84,POMCA_125,2,Magdalena Cauca,24,Sogamoso,2401,Río Suárez,613823.0,1.1771705532425804e-06,-0.4834711282198113,-0.48347112821981125,-0.14960513730649305,-0.14960513730649305,-0.4721139074674791,-0.4720804950525448
"POLYGON ((5012915.004634522 2178632.74391161, 5012915.188005925 2177711.938451799, 5013837.702832079 2177712.1285839607, 5013837.506362617 2178632.9343226776, 5012915.004634522 2178632.74391161))",362739,1,2,0.9045833587646483,77.04248809814453,5.503959655761719,1.0199999809265137,1112.0,50.381614685058594,3404.0,295,POMCA_265,3,Orinoco,35,Meta,3516,Lago de Tota,22561.0,1.1772311861143668e-06,-0.4834711282198113,-0.17740345906639793,-0.13158666916196265,-0.14546913745446116,-0.4720454132843459,-0.16682241108149465
"POLYGON ((4954796.494950557 2177726.3953297967, 4954795.854075793 2176805.5689234044, 4955718.402621883 2176804.9338730588, 4955719.030416496 2177725.7593464707, 4954796.494950557 2177726.3953297967))",363699,1,1,1.0595833778381347,77.991455078125,4.928848648071289,1.1699999809265136,1023.0,52.58831024169922,3071.0,335,POMCA_127,2,Magdalena Cauca,24,Sogamoso,2403,Río Chicamocha,215458.0,1.1771616334692168e-06,-0.4834711282198113,-0.48347112821981136,-0.14960513730649305,-0.14960513730649308,-0.47212398372763753,-0.4720853563449855
"POLYGON ((5013837.702832079 2177712.1285839607, 5013837.899010701 2176791.3231067313, 5014760.427204608 2176791.5260534054, 5014760.217947296 2177712.331828793, 5013837.702832079 2177712.1285839607))",363762,1,1,0.8991666793823242,76.63398742675781,5.52610969543457,1.0199999809265137,1054.0,49.23897933959961,3422.0,295,POMCA_265,3,Orinoco,35,Meta,3516,Lago de Tota,22561.0,1.1772140735949784e-06,-0.4834711282198113,-0.07806585301429123,-0.14960513730649305,-0.13545974774758185,-0.4720647445151177,-0.06774273589638483
"POLYGON ((5021217.833466509 2177714.1216993732, 5021218.134275344 2176793.3132982636, 5022140.665475776 2176793.6209933017, 5022140.351588037 2177714.42984646, 5021217.833466509 2177714.1216993732))",363770,1,1,0.8770833015441895,73.95833587646484,5.975170135498047,1.0399999618530271,1353.0,56.59260177612305,3332.0,131,POMCA_269,3,Orinoco,35,Meta,3519,Río Cusiana,510094.0,1.1772063266598929e-06,-0.4834711282198113,0.28286132022802746,-0.14960513730649305,-0.12783925612162905,-0.4720734958734954,0.2922773713726171
"POLYGON ((4986162.100989299 2176791.3231067313, 4986161.905101518 2175870.517890604, 4987084.446065616 2175870.328316302, 4987084.628894118 2176791.1332534915, 4986162.100989299 2176791.3231067313))",364755,1,1,1.1533332824707032,79.0960464477539,4.68718376159668,1.1799999237060548,1114.0,67.15005493164062,2937.0,335,POMCA_127,2,Magdalena Cauca,24,Sogamoso,2403,Río Chicamocha,215458.0,1.177198475584033e-06,-0.4834711282198113,1.0118312032548862,-0.14960513730649305,0.2609593062378538,-0.4720823648749445,1.0190473567549891
"POLYGON ((5015682.955706876 2176791.742093535, 5015683.177713279 2175870.936261821, 5016605.719602526 2175871.1650587795, 5016605.484536779 2176791.971227144, 5015682.955706876 2176791.742093535))",364787,2,2,0.8204166412353515,75.58333587646484,5.937011337280273,1.0,1083.0,50.939083099365234,3448.0,131,POMCA_269,3,Orinoco,35,Meta,3519,Río Cusiana,510094.0,2.354392183741642e-06,0.8499115468308588,-0.4834711282198112,-0.13158666916196265,-0.14703898867144705,0.8577395461488837,-0.4720799974045209
"POLYGON ((5016605.484536779 2176791.971227144, 5016605.719602526 2175871.1650587795, 5017528.261838706 2175871.4069300042, 5017528.013713588 2176792.2134542554, 5016605.484536779 2176791.971227144))",364788,1,1,0.8554166793823242,75.57189178466797,6.020639419555664,1.0200000762939454,1396.0,75.86866760253906,3327.0,131,POMCA_269,3,Orinoco,35,Meta,3519,Río Cusiana,510094.0,1.1771951979792003e-06,-0.4834711282198113,0.178710465040882,-0.14960513730649305,-0.13865517245438114,-0.4720860674352725,0.18833257478892246
"POLYGON ((5019373.621265708 2174951.122862215, 5019373.894695268 2174030.316089295, 5020296.46414862 2174030.596356205, 5020296.177698387 2174951.403542772, 5019373.621265708 2174951.122862215))",366831,1,1,0.96875,73.9296646118164,5.776618576049804,1.0899999618530274,1051.0,58.80522537231445,3133.0,131,POMCA_269,3,Orinoco,35,Meta,3519,Río Cusiana,510094.0,1.1771596064850315e-06,-0.4834711282198113,-0.05709341196921218,-0.14960513730649305,-0.1216027920398879,-0.47212627351899833,-0.046844388615105564
"POLYGON ((4982471.24301628 2174029.7946630507, 4982470.995996395 2173108.988919582, 4983393.577294343 2173108.748116141, 4983393.811313029 2174029.553503662, 4982471.24301628 2174029.7946630507))",367804,1,6,1.149583339691162,78.7429428100586,4.7408203125,1.1799999237060548,1050.0,72.3043441772461,2961.0,335,POMCA_127,2,Magdalena Cauca,24,Sogamoso,2403,Río Chicamocha,215458.0,1.1771463173844807e-06,-0.4834711282198113,0.3459785990026089,-0.05951279658384105,-0.1294728654029635,-0.4721412856083154,0.3550236564810851
"POLYGON ((5022141.60434687 2174031.19599775, 5022141.916373172 2173110.3881859295, 5023064.500158001 2173110.7070892346, 5023064.175130323 2174031.515372448, 5022141.60434687 2174031.19599775))",367846,1,6,1.0979166984558106,73.51695251464844,5.602184677124025,1.1800000190734865,1609.0,73.60822296142578,3004.0,131,POMCA_269,3,Orinoco,35,Meta,3519,Río Cusiana,510094.0,1.1771399108925055e-06,-0.4834711282198113,-0.4834711282198113,-0.05951279658384105,-0.14414789031380318,-0.47214852272939606,-0.47213963247259305
"POLYGON ((4984316.158245285 2173108.5203292477, 4984315.937557412 2172187.7155379676, 4985238.531162389 2172187.501085081, 4985238.738868501 2173108.3055588766, 4984316.158245285 2173108.5203292477))",368830,1,1,1.0295833587646483,78.25757598876953,4.901106643676758,1.1,1052.0,70.27671813964844,3194.0,335,POMCA_127,2,Magdalena Cauca,24,Sogamoso,2403,Río Chicamocha,215458.0,1.1771318114962239e-06,-0.4834711282198113,0.7393346346159176,-0.14960513730649305,0.13200802766020275,-0.47215767224707256,0.7472694986419138
"POLYGON ((4984315.937557412 2172187.7155379676, 4984315.717199184 2171266.9110058364, 4985238.32376653 2171266.6968704537, 4985238.531162389 2172187.501085081, 4984315.937557412 2172187.7155379676))",369845,2,3,0.9675000190734865,78.1446533203125,5.0249382019042965,1.0600000381469727,1027.0,73.94586181640625,3323.0,335,POMCA_127,2,Magdalena Cauca,24,Sogamoso,2403,Río Chicamocha,215458.0,2.354231184234454e-06,0.8499115468308588,0.4211409100358346,-0.11356820101743226,0.11690628375168888,0.8575576723664814,0.4299460618094355
"POLYGON ((4985238.531162389 2172187.501085081, 4985238.32376653 2171266.6968704537, 4986160.930025382 2171266.495713086, 4986161.124458894 2172187.2996294536, 4985238.531162389 2172187.501085081))",369846,1,1,0.8837499618530273,78.79537963867188,5.081718826293946,1.009999942779541,982.0,69.43645477294922,3379.0,335,POMCA_127,2,Magdalena Cauca,24,Sogamoso,2403,Río Chicamocha,215458.0,1.177116386746621e-06,-0.4834711282198113,0.929331079572859,-0.14960513730649305,0.1998496753766178,-0.47217509688148207,0.9367412995954563
"POLYGON ((4987083.717466206 2172187.1111710626, 4987083.535995021 2171266.3075337126, 4988006.14169473 2171266.1323323133, 4988006.310203607 2172186.9357098886, 4987083.717466206 2172187.1111710626))",369848,4,6,0.8629166603088377,78.75,5.141003799438477,1.0,1018.0,65.7210464477539,3428.6666666666665,335,POMCA_127,2,Magdalena Cauca,24,Sogamoso,2403,Río Chicamocha,215458.0,4.708471308057221e-06,3.5166768969321986,0.9846262668958072,-0.05951279658384105,0.609193244027202,3.517035104819602,0.9918790966043038
"POLYGON ((4988006.310203607 2172186.9357098886, 4988006.14169473 2171266.1323323133, 4988928.747143789 2171265.9701088704, 4988928.902690377 2172186.7732459134, 4988006.310203607 2172186.9357098886))",369849,4,134,0.8287500381469727,79.16667175292969,5.261891937255859,0.9799999237060548,961.0,58.97476959228516,3489.873134328358,335,POMCA_127,2,Magdalena Cauca,24,Sogamoso,2403,Río Chicamocha,215458.0,4.708473890600989e-06,3.5166768969321986,1.2868597206506969,2.2468511259160504,0.13825365146496196,3.5170380222012234,1.2932804347247733
"POLYGON ((4668636.404665868 2172102.285930557, 4668631.747621736 2171180.2429913236, 4669555.604970533 2171175.586783877, 4669560.248983595 2172097.6228089705, 4668636.404665868 2172102.285930557))",370529,1,4,0.7166666507720947,87.8968276977539,2.16724910736084,0.8399999618530274,2048.0,38.9253158569336,3650.5,52,POMCA_154,2,Magdalena Cauca,26,Cauca,2619,Río San Juan,141616.0,1.1739175057624651e-06,-0.4834711282198113,0.0,-0.09554973287290185,0.0,-0.47578872647702736,0.0
"POLYGON ((4987083.535995021 2171266.3075337126, 4987083.354795311 2170345.504155179, 4988005.973437937 2170345.3292135694, 4988006.14169473 2171266.1323323133, 4987083.535995021 2171266.3075337126))",370862,1,95,0.7741666793823242,79.16666412353516,5.129386520385742,0.9600000381469728,1039.0,72.2962646484375,3587.4842105263156,335,POMCA_127,2,Magdalena Cauca,24,Sogamoso,2403,Río Chicamocha,215458.0,1.1771016323724496e-06,-0.4834711282198113,1.6527455928412467,1.5441308682793646,0.17441869624953044,-0.4721917642234163,1.6581540595051933
"POLYGON ((4988006.14169473 2171266.1323323133, 4988005.973437937 2170345.3292135694, 4988928.591829894 2170345.167230672, 4988928.747143789 2171265.9701088704, 4988006.14169473 2171266.1323323133))",370863,3,4,0.7970833301544189,78.95188903808594,5.149838256835937,0.9700000762939454,1051.0,64.02845001220703,3499.5,335,POMCA_127,2,Magdalena Cauca,24,Sogamoso,2403,Río Chicamocha,215458.0,3.5313068340584863e-06,2.1832942218815288,1.3794812219582415,-0.09554973287290185,0.6752816714105015,2.1872462182884735,1.3856473688123063
"POLYGON ((4996309.584026552 2171265.139525962, 4996309.532255371 2170344.3378793565, 4997232.149259015 2170344.2925242605, 4997232.188087396 2171265.0941035138, 4996309.584026552 2171265.139525962))",370872,1,1,1.15,79.3859634399414,5.23970947265625,1.140000057220459,988.0,46.330039978027344,2942.0,335,POMCA_127,2,Magdalena Cauca,24,Sogamoso,2403,Río Chicamocha,215458.0,1.1771058539125286e-06,-0.4834711282198113,-0.4834711282198113,-0.14960513730649305,-0.14960513730649305,-0.4721869953425971,-0.4722235001786552
"POLYGON ((5026755.592689735 2171270.492925274, 5026755.968036263 2170349.6833406207, 5027678.593311992 2170350.0656250734, 5027678.205022076 2171270.8757774225, 5026755.592689735 2171270.492925274))",370903,1,1,0.7283333301544189,73.62637329101562,6.023942184448242,0.9100000381469726,1408.0,80.04507446289062,3519.0,131,POMCA_269,3,Orinoco,35,Meta,3519,Río Cusiana,510094.0,1.1770845476535826e-06,-0.4834711282198113,-0.4834711282198113,-0.14960513730649305,-0.12237636419867569,-0.47221106404921015,-0.47226184494449086
"POLYGON ((5028600.817932846 2171271.271608028, 5028601.219166191 2170350.46086874, 5029523.845618145 2170350.869071662, 5029523.4314413285 2171271.680417134, 5028600.817932846 2171271.271608028))",370905,1,3,0.8570833206176758,72.65625,5.674738311767579,0.9600000381469728,1803.0,86.66690063476562,3336.0,131,POMCA_269,3,Orinoco,35,Meta,3519,Río Cusiana,510094.0,1.1770815181163988e-06,-0.4834711282198113,-0.4834711282198113,-0.11356820101743226,-0.12695619924282942,-0.4722144863788567,-0.47225973457942105
"POLYGON ((4987083.354795311 2170345.504155179, 4987083.1738670785 2169424.7010350777, 4988005.80543323 2169424.5263532726, 4988005.973437937 2170345.3292135694, 4987083.354795311 2170345.504155179))",371883,2,4,0.6754166603088378,78.28014373779297,5.289175415039063,0.9399999618530274,1085.0,59.97385787963867,3714.0,335,POMCA_127,2,Magdalena Cauca,24,Sogamoso,2403,Río Chicamocha,215458.0,2.35417092486786e-06,0.8499115468308588,1.1727213596513713,-0.09554973287290185,0.3836622305724373,0.8574896001150876,1.179432063326004
"POLYGON ((5023065.472332412 2170348.2837941535, 5023065.7954209875 2169427.476546034, 5023988.431499501 2169427.8065032796, 5023988.0954870805 2170348.614242144, 5023065.472332412 2170348.2837941535))",371921,1,2,1.1262499809265136,73.95833587646484,5.510836791992188,1.1999999046325684,1217.0,56.86882400512695,2994.0,131,POMCA_269,3,Orinoco,35,Meta,3519,Río Cusiana,510094.0,1.1770738406660708e-06,-0.4834711282198113,-0.4834711282198113,-0.13158666916196265,-0.11851477611660644,-0.4722231592434807,-0.4722449518733304
"POLYGON ((4985237.909905585 2169425.0892171646, 4985237.703440508 2168504.285777736, 4986160.3484700555 2168504.085515251, 4986160.542030959 2169424.8886563685, 4985237.909905585 2169425.0892171646))",372884,1,4,0.7745833396911621,77.92096710205078,5.271959686279297,0.9699999809265136,1063.0,65.04696655273438,3607.0,335,POMCA_127,2,Magdalena Cauca,24,Sogamoso,2403,Río Chicamocha,215458.0,1.1770678768671606e-06,-0.4834711282198113,0.8790267604350729,-0.09554973287290185,0.12904418909241488,-0.47222989627444567,0.8865205290082562
"POLYGON ((4987083.1738670785 2169424.7010350777, 4987082.993210327 2168503.898173025, 4988005.637680612 2168503.723751039, 4988005.80543323 2169424.5263532726, 4987083.1738670785 2169424.7010350777))",372886,3,4,0.6929166793823243,78.81205749511719,5.2805744171142575,0.9399999618530274,1224.0,57.58815002441406,3764.5,335,POMCA_127,2,Magdalena Cauca,24,Sogamoso,2403,Río Chicamocha,215458.0,3.5312079515927383e-06,2.1832942218815288,0.8477960461874787,-0.09554973287290185,0.2415018817365851,2.187134515287806,0.8554024841632921
"POLYGON ((4996309.480561754 2169423.536491282, 4996309.428945703 2168502.7353613535, 4997232.071776775 2168502.6901409742, 4997232.110488808 2169423.4912035423, 4996309.480561754 2169423.536491282))",372896,1,1,1.2225000381469726,78.96175384521484,4.970366287231445,1.219999885559082,1029.0,69.50422668457031,2909.0,335,POMCA_127,2,Magdalena Cauca,24,Sogamoso,2403,Río Chicamocha,215458.0,1.1770735388611907e-06,-0.4834711282198113,-0.4834711282198113,-0.14960513730649305,-0.14960513730649305,-0.4722235001786552,-0.4721869953425971
"POLYGON ((5027678.981020163 2169429.2557307733, 5027679.368146581 2168508.446094138, 5028602.01982946 2168508.840163826, 5028601.619798399 2169429.650387467, 5027678.981020163 2169429.2557307733))",372930,1,1,0.8787500381469726,73.21428680419922,5.584577560424805,0.9799999237060548,1227.0,70.6208724975586,3143.0,131,POMCA_269,3,Orinoco,35,Meta,3519,Río Cusiana,510094.0,1.1770507419989537e-06,-0.4834711282198113,-0.48347112821981125,-0.14960513730649305,-0.12015825837766204,-0.4722492527516561,-0.4722629918584765
"POLYGON ((5028601.619798399 2169429.650387467, 5028602.01982946 2168508.840163826, 5029524.67211018 2168509.2471542764, 5029524.259174432 2169430.0579841705, 5028601.619798399 2169429.650387467))",372931,1,1,0.9895833015441896,72.14285278320312,5.43748893737793,1.05,1818.0,77.86428833007812,3141.0,131,POMCA_269,3,Orinoco,35,Meta,3519,Río Cusiana,510094.0,1.1770492023517782e-06,-0.4834711282198113,-0.3774119072632075,-0.14960513730649305,0.07937581290220802,-0.47225099202067783,-0.36650606768708005
"POLYGON ((4985237.703440508 2168504.285777736, 4985237.4972857 2167583.4825959397, 4986160.155200029 2167583.282631782, 4986160.3484700555 2168504.085515251, 4985237.703440508 2168504.285777736))",373891,2,4,0.7129166603088379,77.80701446533203,5.259011840820312,0.95,1291.0,56.55553817749024,3613.0,335,POMCA_127,2,Magdalena Cauca,24,Sogamoso,2403,Río Chicamocha,215458.0,2.3541035126188207e-06,0.8499115468308588,0.4507156662122496,-0.09554973287290185,0.0895142714957544,0.8574134475794236,0.45939232829577725
"POLYGON ((5008303.7867524335 2168503.155265142, 5008303.902714156 2167582.3537674528, 5009226.559182016 2167582.4763258053, 5009226.430335616 2168503.278006341, 5008303.7867524335 2168503.155265142))",373916,1,1,1.131666660308838,74.91227722167969,5.275730133056641,0.95,955.0,42.73126983642578,3057.0,295,POMCA_265,3,Orinoco,35,Meta,3516,Lago de Tota,22561.0,1.1770554813565635e-06,-0.4834711282198113,-0.4834711282198113,-0.14960513730649305,-0.13336189832905915,-0.4722438989160468,-0.5638898642163291
"POLYGON ((5011071.7180998055 2168503.562249274, 5011071.872715606 2167582.760145306, 5011994.5298199095 2167582.9214064847, 5011994.362319386 2168503.723751039, 5011071.7180998055 2168503.562249274))",373919,1,1,1.1233333587646483,74.65985870361328,5.210710906982422,0.9800000190734864,1073.0,65.68142700195312,3019.0,295,POMCA_265,3,Orinoco,35,Meta,3516,Lago de Tota,22561.0,1.177053842338114e-06,-0.4834711282198113,-0.4834711282198113,-0.14960513730649305,-0.10748059700005683,-0.47224575044025363,-0.4722596059726591
"POLYGON ((5028602.01982946 2168508.840163826, 5028602.419259369 2167588.030197433, 5029525.084425383 2167588.4365815967, 5029524.67211018 2168509.2471542764, 5028602.01982946 2168508.840163826))",373938,1,6,1.077916717529297,72.09821319580078,5.306336212158203,1.1199999809265138,1829.0,87.39973449707031,3039.0,131,POMCA_269,3,Orinoco,35,Meta,3519,Río Cusiana,510094.0,1.177033081520893e-06,-0.4834711282198113,-0.3700268848272055,-0.05951279658384105,0.07463905158809012,-0.47226920298628733,-0.35914544699979856
"POLYGON ((5008303.902714156 2167582.3537674528, 5008304.018501349 2166661.552527106, 5009226.687834496 2166661.6749026026, 5009226.559182016 2167582.4763258053, 5008303.902714156 2167582.3537674528))",374931,1,1,1.1087499618530274,74.54710388183594,5.257569885253906,0.9199999809265136,1058.0,48.12302780151367,3093.0,295,POMCA_265,3,Orinoco,35,Meta,3516,Lago de Tota,22561.0,1.177039385551792e-06,-0.4834711282198113,-0.4834711282198113,-0.14960513730649305,-0.13286317570524658,-0.47226208161079997,-0.5750232809963781
"POLYGON ((5012917.187174936 2167583.095568637, 5012917.367288713 2166662.2932215296, 5013840.037779117 2166662.480005578, 5013839.844799971 2167583.282631782, 5012917.187174936 2167583.095568637))",374936,1,8,1.0399999618530271,75.52083587646484,5.359782409667969,0.9600000381469728,1104.0,64.23202514648438,3152.75,295,POMCA_265,3,Orinoco,35,Meta,3516,Lago de Tota,22561.0,1.1770364054689563e-06,-0.4834711282198113,-0.4834711282198112,-0.02347586029478025,-0.14960513730649302,-0.4722654480741305,-0.47225588908876914
"POLYGON ((5014762.502714298 2167583.4825959397, 5014762.708558833 2166662.679671391, 5015685.379647151 2166662.892218989, 5015685.160937205 2167583.6954611307, 5014762.502714298 2167583.4825959397))",374938,1,1,0.9304166793823242,75.43402862548828,5.348994827270508,0.9600000381469728,958.0,45.58231735229492,3344.0,295,POMCA_265,3,Orinoco,35,Meta,3516,Lago de Tota,22561.0,1.1770348657646944e-06,-0.4834711282198113,-0.48347112821981125,-0.14960513730649305,-0.06467715222185295,-0.4722671874076402,-0.4722590136603063
"POLYGON ((5023989.102011782 2167586.1917985287, 5023989.43651163 2166665.3848318746, 5024912.11174681 2166665.7261987887, 5024911.76438126 2167586.5336755197, 5023989.102011782 2167586.1917985287))",374948,1,2,1.1095833778381348,74.71510314941406,5.524567031860352,1.1699999809265136,1240.0,63.807373046875,2987.0,131,POMCA_269,3,Orinoco,35,Meta,3519,Río Cusiana,510094.0,1.1770241871813928e-06,-0.4834711282198113,-0.48347112821981125,-0.13158666916196265,-0.12097415628249034,-0.4722792505149731,-0.4722735993925457
"POLYGON ((5025834.427271468 2167586.8884538678, 5025834.78750276 2166666.0804478107, 5026757.463798769 2166666.4475789783, 5026757.090701698 2167587.2561336095, 5025834.427271468 2167586.8884538678))",374950,1,5,1.125,73.44631958007812,5.308654403686523,1.180000114440918,1460.0,66.40470886230469,2954.0,131,POMCA_269,3,Orinoco,35,Meta,3519,Río Cusiana,510094.0,1.1770214554641714e-06,-0.4834711282198113,-0.48347112821981125,-0.07753126472837145,-0.12889073081060223,-0.4722823364110245,-0.472277589767841
"POLYGON ((5033215.751454011 2167590.1911342805, 5033216.214612712 2166669.3782006563, 5034138.895923578 2166669.8483905, 5034138.419898744 2167590.6620266913, 5033215.751454011 2167590.1911342805))",374958,3,275,0.9283332824707032,72.91666412353516,5.042246246337891,0.9600000381469729,1912.0,76.5646743774414,3342.9018181818183,129,POMCA_271,3,Orinoco,35,Meta,3521,Río Cravo Sur,516061.0,3.531025625822586e-06,2.1832942218815288,-0.4834711282198113,4.787455134294837,-0.11903474576981898,2.1869285502011664,-0.4722756809596219
"POLYGON ((4952943.4820137555 2166677.7837405954, 4952942.826846202 2165756.9585028444, 4953865.532751153 2165756.30892435, 4953866.17507114 2166677.1331899813, 4952943.4820137555 2166677.7837405954))",375864,1,4,1.0858333587646485,79.42028045654297,5.035480880737305,1.1500000953674316,902.0,46.08919906616211,3067.0,38,POMCA_256,3,Orinoco,35,Meta,3507,Río Garagoa,248714.0,1.1769622228616552e-06,-0.4834711282198113,0.0,-0.09554973287290185,0.0,-0.4723492487739834,0.0
"POLYGON ((4980623.93252779 2166663.8712277054, 4980623.662763196 2165743.066779473, 4981546.348124922 2165742.8030991033, 4981546.605043397 2166663.607152727, 4980623.93252779 2166663.8712277054))",375894,1,4,0.9149999618530272,76.44230651855469,5.295795822143555,1.0399999618530271,1043.0,58.5522575378418,3321.0,335,POMCA_127,2,Magdalena Cauca,24,Sogamoso,2403,Río Chicamocha,215458.0,1.1770151191088431e-06,-0.4834711282198113,0.17037409782653257,-0.09554973287290185,-0.11982397134726766,-0.4722894943019419,0.1796959846562988
"POLYGON ((4981546.605043397 2166663.607152727, 4981546.348124922 2165742.8030991033, 4982469.033100868 2165742.5522813676, 4982469.277173251 2166663.3559596324, 4981546.605043397 2166663.607152727))",375895,1,1,0.8383333206176757,76.0726089477539,5.30579948425293,1.0100000381469727,1098.0,62.613677978515625,3436.0,335,POMCA_127,2,Magdalena Cauca,24,Sogamoso,2403,Río Chicamocha,215458.0,1.177016112480869e-06,-0.4834711282198113,0.00848817554450626,-0.14960513730649305,-0.10967706963437418,-0.47228837213498104,0.018274671504172293
"POLYGON ((4982469.277173251 2166663.3559596324, 4982469.033100868 2165742.5522813676, 4983391.717710321 2165742.3143262397, 4983391.948936638 2166663.117648395, 4982469.277173251 2166663.3559596324))",375896,1,2,0.7775000095367431,76.70068359375,5.458520889282227,0.9800000190734864,1090.0,62.68992233276367,3522.5,335,POMCA_127,2,Magdalena Cauca,24,Sogamoso,2403,Río Chicamocha,215458.0,1.177017056185307e-06,-0.4834711282198113,-0.0011132677224159199,-0.13158666916196265,-0.12027260757213071,-0.4722873060752234,0.008704845236716816
"POLYGON ((4985237.291441166 2166662.679671391, 4985237.085906908 2165741.8770037065, 4986159.769532622 2165741.6776362555, 4986159.962220883 2166662.480005578, 4985237.291441166 2166662.679671391))",375899,1,1,0.7120833396911621,76.64930725097656,5.416550827026367,0.9600000381469728,1332.0,65.21358489990234,3588.0,335,POMCA_127,2,Magdalena Cauca,24,Sogamoso,2403,Río Chicamocha,215458.0,1.1770195892872182e-06,-0.4834711282198113,0.38929028142848776,-0.14960513730649305,-0.005885541907804579,-0.4722844445458073,0.39804692462038216
"POLYGON ((5005536.011466293 2166661.2626905665, 5005536.08854134 2165740.462140283, 5007381.452108573 2165740.6422135048, 5007381.349341792 2166661.443033275, 5005536.011466293 2166661.2626905665))",375921,1,1,1.1391666412353516,75.80127716064453,5.430692672729492,1.040000057220459,1175.0,69.67033386230469,3016.0,295,POMCA_265,3,Orinoco,35,Meta,3516,Lago de Tota,22561.0,5.885121632813012e-07,-0.4834711282198113,-0.4834711282198113,-0.14960513730649305,-0.13374197618396547,-1.1370943772524158,-0.47228989164563706
"POLYGON ((5025834.78750276 2166666.0804478107, 5025835.147191062 2165745.2726983316, 5026757.8363334555 2165745.6392808934, 5026757.463798769 2166666.4475789783, 5025834.78750276 2166666.0804478107))",375942,1,1,1.1245833396911622,73.65818786621094,5.263330459594727,1.180000114440918,1740.0,81.70987701416016,2868.0,131,POMCA_269,3,Orinoco,35,Meta,3519,Río Cusiana,510094.0,1.1770053840940342e-06,-0.4834711282198113,-0.4834711282198113,-0.14960513730649305,-0.11114215593586661,-0.47230049150308845,-0.47228027503983644
"POLYGON ((5026757.463798769 2166666.4475789783, 5026757.8363334555 2165745.6392808934, 5027680.526035237 2165746.0187263894, 5027680.140654125 2166666.8275923296, 5026757.463798769 2166666.4475789783))",375943,1,4,1.1154167175292968,73.00569915771484,5.263331604003906,1.170000076293945,1793.0,79.05613708496094,2861.0,131,POMCA_269,3,Orinoco,35,Meta,3519,Río Cusiana,510094.0,1.1770039437128017e-06,-0.4834711282198113,-0.48347112821981136,-0.09554973287290185,-0.1262830886144299,-0.47230211863591287,-0.47228223493043436
"POLYGON ((5027680.140654125 2166666.8275923296, 5027680.526035237 2165746.0187263894, 5028603.216315694 2165746.4110348597, 5028602.818088116 2166667.2204879057, 5027680.140654125 2166666.8275923296))",375944,1,2,1.1195833206176755,72.91666412353516,5.176250076293945,1.1600000381469726,1575.0,78.73282623291016,2850.0,131,POMCA_269,3,Orinoco,35,Meta,3519,Río Cusiana,510094.0,1.177002453666851e-06,-0.4834711282198113,-0.4834711282198114,-0.13158666916196265,-0.12010549728100141,-0.4723038018726986,-0.4722817201822955
"POLYGON ((5028602.818088116 2166667.2204879057, 5028603.216315694 2165746.4110348597, 5029525.907194117 2165746.8162063467, 5029525.496120031 2166667.626265748, 5028602.818088116 2166667.2204879057))",375945,1,1,1.1095833778381348,71.62356567382812,5.118851852416992,1.1600000381469726,1483.0,80.6093978881836,2809.0,131,POMCA_269,3,Orinoco,35,Meta,3519,Río Cusiana,510094.0,1.1770009139528976e-06,-0.4834711282198113,-0.35528030382177095,-0.14960513730649305,0.11804469198345763,-0.4723055412171564,-0.3444503439148901
"POLYGON ((4941870.273734558 2165765.7568681627, 4941869.4656122085 2164844.918717785, 4942792.197424867 2164844.1159679834, 4942792.992718125 2165764.952915147, 4941870.273734558 2165765.7568681627))",376851,1,6,1.2279167175292969,80.09642028808594,3.8344039916992183,1.209999942779541,962.0,49.66853713989258,2902.5,84,POMCA_125,2,Magdalena Cauca,24,Sogamoso,2401,Río Suárez,613823.0,1.176912501101801e-06,-0.4834711282198113,0.0,-0.05951279658384105,0.0,-0.4724054171728209,0.0
"POLYGON ((4980623.662763196 2165743.066779473, 4980623.393405848 2164822.262587621, 4981546.0915943 2164821.999301882, 4981546.348124922 2165742.8030991033, 4980623.662763196 2165743.066779473))",376892,2,5,0.8833333015441894,76.0,5.503442764282227,1.0,1070.0,63.28580093383789,3469.0,335,POMCA_127,2,Magdalena Cauca,24,Sogamoso,2403,Río Chicamocha,215458.0,2.3539981451515683e-06,0.8499115468308588,-0.17516311757581013,-0.07753126472837145,-0.12511128522583764,0.8572944187690499,-0.1648667907980544
"POLYGON ((4991695.865885986 2165740.7515437184, 4991695.750447855 2164819.950816906, 4992618.445279785 2164819.8416503184, 4992618.547891426 2165740.6422135048, 4991695.865885986 2165740.7515437184))",376904,2,2,0.944166660308838,77.34627532958984,5.468228149414062,1.0300000190734864,1252.0,60.09553527832031,3314.5,335,POMCA_127,2,Magdalena Cauca,24,Sogamoso,2403,Río Chicamocha,215458.0,2.354015430112192e-06,0.8499115468308588,-0.022400203942943286,-0.13158666916196265,-0.1309132975588312,0.8573139447988014,-0.012634759816212648
"POLYGON ((4981546.0915943 2164821.999301882, 4981545.835451536 2163901.195760679, 4982468.546061485 2163900.9456937243, 4982468.789396944 2164821.748859526, 4981546.0915943 2164821.999301882))",377890,2,2,0.7724999904632568,75.44802856445312,5.46268310546875,0.9299999237060548,1241.0,54.07172775268555,3502.5,335,POMCA_127,2,Magdalena Cauca,24,Sogamoso,2403,Río Chicamocha,215458.0,2.3539680882719705e-06,0.8499115468308588,-0.009571585396322302,-0.13158666916196265,-0.11514154392649616,0.8572604648863633,0.00025384772666156574
"POLYGON ((5005536.165500033 2164819.661846599, 5005536.242342369 2163898.86180913, 5006458.949692018 2163898.945164284, 5006458.8600426065 2164819.7453268864, 5005536.165500033 2164819.661846599))",377916,1,1,1.0625,75.49019622802734,5.483446884155273,1.0200000762939454,1011.0,67.03337097167969,3117.0,295,POMCA_265,3,Orinoco,35,Meta,3516,Lago de Tota,22561.0,1.1769924383974162e-06,-0.4834711282198113,-0.4834711282198113,-0.14960513730649305,-0.1246399645286928,-0.47231511566468287,-0.621528727818882
"POLYGON ((5006458.8600426065 2164819.7453268864, 5006458.949692018 2163898.945164284, 5007381.657176712 2163899.0413433323, 5007381.554720214 2164819.8416503184, 5006458.8600426065 2164819.7453268864))",377917,1,4,1.0975000381469726,74.91748809814453,5.590170669555664,1.0100000381469727,946.0,51.332916259765625,3038.0,295,POMCA_265,3,Orinoco,35,Meta,3516,Lago de Tota,22561.0,1.1769920907034554e-06,-0.4834711282198113,-0.4834711282198113,-0.09554973287290185,-0.14960513730649305,-0.47231550843865394,-0.6183904130035552
"POLYGON ((4929872.860990796 2163935.6681755027, 4929871.889029967 2163014.813137011, 4930794.663749866 2163013.846291853, 4930795.622919182 2163934.6998766535, 4929872.860990796 2163935.6681755027))",378842,1,1,1.2416666984558105,80.91397857666016,3.466287612915039,1.2399999618530273,995.0,57.22545623779297,2879.0,84,POMCA_125,2,Magdalena Cauca,24,Sogamoso,2401,Río Suárez,613823.0,1.1768359276853556e-06,-0.4834711282198113,0.0,-0.14960513730649305,0.0,-0.4724919186604565,0.0
"POLYGON ((4996309.172028975 2163898.733570468, 4996309.120878341 2162977.9339813534, 4997231.840726281 2162977.889165216, 4997231.879089251 2163898.6886869473, 4996309.172028975 2163898.733570468))",378914,1,1,0.9458333015441894,76.0,5.316497802734375,1.0,1172.0,58.28657531738281,3197.0,335,POMCA_127,2,Magdalena Cauca,24,Sogamoso,2403,Río Chicamocha,215458.0,1.1769771864488556e-06,-0.4834711282198113,0.8499115468308588,-0.14960513730649305,-0.13158666916196265,-0.47233234509365546,0.8573139447988014
"POLYGON ((4986159.193213185 2162979.2720657336, 4986159.001688501 2162058.4707200946, 4987081.736214853 2162058.2853317643, 4987081.914971134 2162979.086398228, 4986159.193213185 2162979.2720657336))",379898,2,2,0.9358333587646483,74.3859634399414,5.0848854064941404,0.95,1030.0,58.29707336425781,3249.0,335,POMCA_127,2,Magdalena Cauca,24,Sogamoso,2403,Río Chicamocha,215458.0,2.3539125932785712e-06,0.8499115468308588,0.10748948838738975,-0.13158666916196265,-0.13363350969799467,0.8571977747295412,0.11691896150757153
"POLYGON ((4905877.872547812 2162123.547885608, 4905876.571924485 2161202.6487904275, 4906799.416574727 2161201.352795643, 4906800.70444223 2162122.249936149, 4905877.872547812 2162123.547885608))",380821,1,1,1.1149999618530273,79.0633544921875,3.450954818725586,1.2100000381469729,948.0,49.30482482910156,3182.0,336,POMCA_124,2,Magdalena Cauca,24,Sogamoso,2401,Río Suárez,171750.0,1.1766897201681168e-06,-0.4834711282198113,-0.4834711282198113,-0.14960513730649305,-0.14960513730649305,-0.4726570826081001,-0.4727045396302608
"POLYGON ((4989849.798012514 2161137.005790182, 4989849.657987997 2160216.2059553717, 4990772.417028121 2160216.072113242, 4990772.544323089 2161136.871745869, 4989849.798012514 2161137.005790182))",381913,1,1,0.9837499618530272,74.28315734863281,5.01418571472168,0.9300000190734864,1700.0,67.00125122070312,3181.0,120,POMCA_257,3,Orinoco,35,Meta,3508,Río Lengupá,187868.0,1.1769269095868613e-06,-0.4834711282198113,0.8499115468308588,-0.14960513730649305,-0.10602383086709431,-0.4723891405660015,0.8571668041824075
"POLYGON ((4990772.544323089 2161136.871745869, 4990772.417028121 2160216.072113242, 4991695.175875275 2160215.9510180247, 4991695.2904407075 2161136.7504677237, 4990772.544323089 2161136.871745869))",381914,2,4,1.0241666793823243,74.21052551269531,5.030965423583984,0.95,1940.0,74.11262512207031,3001.0,120,POMCA_257,3,Orinoco,35,Meta,3508,Río Lengupá,187868.0,2.3538548126329255e-06,0.8499115468308588,-0.11472254304837193,-0.09554973287290185,-0.1446221082334629,0.8571325025758757,-0.10467376149722168
"POLYGON ((5004613.726632473 2161136.393016585, 5004613.790279873 2160215.594106041, 5005536.548548115 2160215.6642137244, 5005536.472171221 2161136.4632301736, 5004613.726632473 2161136.393016585))",381929,1,1,0.75,72.74305725097656,6.075285339355469,0.9600000381469728,868.0,43.552345275878906,3587.0,295,POMCA_265,3,Orinoco,35,Meta,3516,Lago de Tota,22561.0,1.1769288965112838e-06,-0.4834711282198113,-0.4834711282198114,-0.14960513730649305,-0.12367894833129009,-0.4723868960283232,-0.47231530404792244
"POLYGON ((4904029.552581098 2160284.3762860973, 4904028.230480394 2159363.4737211657, 4904951.104540953 2159362.1561667165, 4904952.413924367 2160283.056738222, 4904029.552581098 2160284.3762860973))",382822,1,1,1.0770833015441894,79.44915008544922,3.538478469848633,1.1800000190734865,895.0,50.3087272644043,3116.0,336,POMCA_124,2,Magdalena Cauca,24,Sogamoso,2401,Río Suárez,171750.0,1.1766477099504837e-06,-0.4834711282198113,-0.0631265677638593,-0.14960513730649305,-0.14392487370773707,-0.4727045396302608,-0.47272327253217683
"POLYGON ((4936328.643117892 2160245.779908952, 4936327.7660486605 2159324.9356512036, 4937250.582013366 2159324.0637392155, 4937251.446369359 2160244.90667778, 4936328.643117892 2160245.779908952))",382855,2,6,0.9691666603088379,78.45912170410156,4.818682098388672,1.059999942779541,995.0,57.57854461669922,3354.6666666666665,84,POMCA_125,2,Magdalena Cauca,24,Sogamoso,2401,Río Suárez,613823.0,2.3535944244037437e-06,0.8499115468308588,0.4528232912767334,-0.05951279658384105,-0.12853230751789485,0.8568383538982715,0.4608786722020055
"POLYGON ((4937251.446369359 2160244.90667778, 4937250.582013366 2159324.0637392155, 4938173.396665677 2159323.204557932, 4938174.2483085245 2160244.046196574, 4937251.446369359 2160244.90667778))",382856,2,2,0.89375,77.53267669677734,5.5149589538574215,1.0199999809265137,862.0,44.907474517822266,3357.0,84,POMCA_125,2,Magdalena Cauca,24,Sogamoso,2401,Río Suárez,613823.0,2.3536011796138494e-06,0.8499115468308588,0.3382278630780895,-0.13158666916196265,-0.11742538329365804,0.8568459849502809,0.34663436964048117
"POLYGON ((4938174.2483085245 2160244.046196574, 4938173.396665677 2159323.204557932, 4939096.210024896 2159322.3581072614, 4939097.048954686 2160243.198465242, 4938174.2483085245 2160244.046196574))",382857,1,1,0.8975000381469727,77.12418365478516,5.590169525146484,1.0199999809265137,808.0,49.839500427246094,3352.0,84,POMCA_125,2,Magdalena Cauca,24,Sogamoso,2401,Río Suárez,613823.0,1.1768039177507696e-06,-0.4834711282198113,0.5403847317648529,-0.14960513730649305,-0.11858107332335391,-0.47252807882007,0.5481838122602549
"POLYGON ((4912334.027075851 2159352.0741702854, 4912332.8212686265 2158431.189101681, 4913255.690828102 2158429.987975151, 4913256.8839386385 2159350.871223625, 4912334.027075851 2159352.0741702854))",383785,1,1,1.330833339691162,80.12345886230469,3.3223297119140627,1.35,1099.0,54.9755744934082,2862.0,336,POMCA_124,2,Magdalena Cauca,24,Sogamoso,2401,Río Suárez,171750.0,1.1766760865148291e-06,-0.4834711282198113,0.0,-0.14960513730649305,0.0,-0.4726724839228911,0.0
"POLYGON ((4938173.396665677 2159323.204557932, 4938172.546322348 2158402.3631708133, 4939095.372375225 2158401.518000876, 4939096.210024896 2159322.3581072614, 4938173.396665677 2159323.204557932))",383812,1,1,0.8691666603088379,76.73267364501953,5.838093185424805,1.0100000381469727,841.0,43.54868698120117,3390.0,84,POMCA_125,2,Magdalena Cauca,24,Sogamoso,2401,Río Suárez,613823.0,1.176788042598792e-06,-0.4834711282198113,0.6206492264309499,-0.14960513730649305,-0.11758295536495061,-0.4725460122534499,0.6281805175638584
"POLYGON ((4948324.276743597 2159314.593765247, 4948323.566025846 2158393.765406799, 4949246.379127768 2158393.0600561146, 4949247.077152763 2159313.8873457056, 4948324.276743597 2159314.593765247))",383823,1,1,1.103333377838135,77.19298553466797,4.983305740356445,1.1399999618530274,1450.0,56.223758697509766,3153.0,38,POMCA_256,3,Orinoco,35,Meta,3507,Río Garagoa,248714.0,1.1768213725151232e-06,-0.4834711282198113,-0.4834711282198113,-0.14960513730649305,-0.14960513730649305,-0.4725083609708083,-0.47254105681808206
"POLYGON ((4931712.726662063 2158408.6352833956, 4931711.788895862 2157487.784642415, 4932634.637081323 2157486.8519067126, 4932635.5621726075 2158407.7011320437, 4931712.726662063 2158408.6352833956))",384767,1,1,1.0654166221618653,79.02047729492188,4.329908752441407,1.1399999618530274,976.0,52.31608963012695,3094.0,84,POMCA_125,2,Magdalena Cauca,24,Sogamoso,2401,Río Suárez,613823.0,1.1767478528959364e-06,-0.4834711282198113,1.3140249924481315,-0.14960513730649305,-0.08542663917907664,-0.4725914127233,1.3193431639080788
"POLYGON ((4936326.890317744 2158404.0916448333, 4936326.015925159 2157483.2478894605, 4937248.857258144 2157482.3786160597, 4937249.718976288 2158403.2210521023, 4936326.890317744 2158404.0916448333))",384772,2,2,0.8891666412353516,77.02265167236328,5.542535400390625,1.0300000190734864,854.0,48.41719436645508,3356.0,84,POMCA_125,2,Magdalena Cauca,24,Sogamoso,2401,Río Suárez,613823.0,2.3535309727790756e-06,0.8499115468308588,0.544987934201775,-0.13158666916196265,-0.1184392842012338,0.8567666754988806,0.5527272282959391
"POLYGON ((4937249.718976288 2158403.2210521023, 4937248.857258144 2157482.3786160597, 4938171.697278552 2157481.522034838, 4938172.546322348 2158402.3631708133, 4937249.718976288 2158403.2210521023))",384773,1,2,0.8824999809265137,76.96078491210938,5.67890853881836,1.0199999809265137,872.0,44.13267517089844,3368.5,84,POMCA_125,2,Magdalena Cauca,24,Sogamoso,2401,Río Suárez,613823.0,1.1767688640919084e-06,-0.4834711282198113,0.7515247680319699,-0.13158666916196265,-0.11807761246333016,-0.47256767733583854,0.7586433647674524
"POLYGON ((4933557.483857678 2157485.931863663, 4933556.572837762 2156565.084285108, 4934479.430879638 2156564.178311811, 4934480.329244233 2157485.024513168, 4933557.483857678 2157485.931863663))",385726,2,2,0.8679166793823242,77.58899688720703,5.634545516967774,1.0300000190734864,874.0,48.66203308105469,3400.0,84,POMCA_125,2,Magdalena Cauca,24,Sogamoso,2401,Río Suárez,613823.0,2.3534784585036932e-06,0.8499115468308588,0.7840925975191727,-0.13158666916196265,-0.10821297828530699,0.8567073525229243,0.7910508781338826
"POLYGON ((4934480.329244233 2157485.024513168, 4934479.430879638 2156564.178311811, 4935402.287550922 2156563.2850117083, 4935403.173260289 2157484.1298551317, 4934480.329244233 2157485.024513168))",385727,1,1,0.8712499618530274,77.10356140136719,5.689403915405274,1.0300000190734864,843.0,50.14609909057617,3363.0,84,POMCA_125,2,Magdalena Cauca,24,Sogamoso,2401,Río Suárez,613823.0,1.1767427560049517e-06,-0.4834711282198113,0.8673915141358257,-0.14960513730649305,-0.11005775380614598,-0.4725971704480165,0.8741121356213859
"POLYGON ((4949245.682169527 2157472.2330184504, 4949244.986278054 2156551.4062323305, 4950167.823645609 2156550.7156913807, 4950168.506883195 2157471.5414277874, 4949245.682169527 2157472.2330184504))",385743,1,1,1.2083333015441895,77.3224105834961,4.905160522460937,1.219999885559082,1297.0,45.14027786254883,2917.0,38,POMCA_256,3,Orinoco,35,Meta,3507,Río Garagoa,248714.0,1.176792429281917e-06,-0.4834711282198113,-0.4834711282198113,-0.14960513730649305,-0.14960513730649305,-0.47254105681808206,-0.4725241227139604
"POLYGON ((4904024.276282672 2156600.7675136626, 4904022.962251649 2155679.865939007, 4905868.809734339 2155677.259437395, 4905870.098486162 2156598.157043583, 4904024.276282672 2156600.7675136626))",386659,2,2,0.8904166221618652,79.04984283447266,4.340393829345703,1.0699999809265135,1089.0,47.100074768066406,3410.0,336,POMCA_124,2,Magdalena Cauca,24,Sogamoso,2401,Río Suárez,171750.0,1.1765869003222827e-06,0.8499115468308588,-0.4834711282198113,-0.13158666916196265,-0.14960513730649305,-0.4727732334870343,-0.4727583413752432
"POLYGON ((4930787.990295521 2156567.878245131, 4930787.042763822 2155647.026669169, 4931709.917669527 2155646.0841107806, 4931710.852565011 2156566.9342516703, 4930787.990295521 2156567.878245131))",386686,2,2,0.919166660308838,78.30188751220703,5.380238723754883,1.059999942779541,888.0,48.85435104370117,3398.5,336,POMCA_124,2,Magdalena Cauca,24,Sogamoso,2401,Río Suárez,171750.0,2.3534250990141627e-06,0.8499115468308588,1.5397334322408138,-0.13158666916196265,-0.06372734611757808,0.8566470747471877,1.544312146916123
"POLYGON ((4934479.430879638 2156564.178311811, 4934478.533892211 2155643.3323605414, 4935401.403199321 2155642.440418447, 4935402.287550922 2156563.2850117083, 4934479.430879638 2156564.178311811))",386690,1,1,0.8649999618530273,76.6025619506836,5.728715515136718,1.0399999618530271,920.0,51.02982711791992,3379.0,84,POMCA_125,2,Magdalena Cauca,24,Sogamoso,2401,Río Suárez,613823.0,1.1767269547026257e-06,-0.4834711282198113,0.9250116775370902,-0.14960513730649305,-0.10715172466046213,-0.4726150204568215,0.9315411366948829
"POLYGON ((4937247.996858949 2156561.5364307077, 4937247.137778722 2155640.694495666, 4938170.00308963 2155639.8405147945, 4938170.849534307 2156560.681149625, 4937247.996858949 2156561.5364307077))",386693,3,4,0.8579166412353516,76.3888931274414,5.982770156860352,1.0199999809265137,1385.0,50.20257186889648,3377.75,38,POMCA_256,3,Orinoco,35,Meta,3507,Río Garagoa,248714.0,3.5302117113073246e-06,2.1832942218815288,0.8109803759529839,-0.09554973287290185,-0.11577209204099499,2.186009108185299,0.81787913084258
"POLYGON ((4939093.700916302 2156559.8385413666, 4939092.867107085 2155638.9991874816, 4940015.729850399 2155638.1705136383, 4940016.551024245 2156559.0086058425, 4939093.700916302 2156559.8385413666))",386695,4,10,0.9258333206176758,76.10063171386719,5.517877578735352,1.0600000381469727,1498.0,58.471954345703125,3312.7,38,POMCA_256,3,Orinoco,35,Meta,3507,Río Garagoa,248714.0,4.706975374800175e-06,3.5166768969321986,0.5052412103042805,0.012561075994280552,-0.12559246216783004,3.5153452174129125,0.5130798884180514
"POLYGON ((4905868.809734339 2155677.259437395, 4905867.522961191 2154756.3620780557, 4906790.456358864 2154755.079769036, 4906791.730512024 2155675.97517294, 4905868.809734339 2155677.259437395))",387623,1,1,1.0945833206176758,78.54167175292969,3.786688995361328,1.2,1071.0,49.45157241821289,3078.0,336,POMCA_124,2,Magdalena Cauca,24,Sogamoso,2401,Río Suárez,171750.0,1.1765787521641212e-06,-0.4834711282198113,0.5151852794612253,-0.14960513730649305,-0.13610994271170196,-0.47278243808877707,-0.4727559888964909
"POLYGON ((4930787.042763822 2155647.026669169, 4930786.096686911 2154726.1753426027, 4931708.98420943 2154725.234219366, 4931709.917669527 2155646.0841107806, 4930787.042763822 2155647.026669169))",387649,2,5,0.9008333206176756,78.0952377319336,5.260631561279297,1.05,841.0,46.38933181762695,3356.4,336,POMCA_124,2,Magdalena Cauca,24,Sogamoso,2401,Río Suárez,171750.0,2.3533935453527765e-06,0.8499115468308588,1.7737129583425213,-0.07753126472837145,-0.06325178409941876,0.8566114300185474,1.7775659611231378
"POLYGON ((4931709.917669527 2155646.0841107806, 4931708.98420943 2154725.234219366, 4932631.870303239 2154724.305731082, 4932632.79114662 2155645.154206612, 4931709.917669527 2155646.0841107806))",387650,6,18,0.8833333015441894,77.72435760498047,5.486899566650391,1.0399999618530271,863.0,50.448707580566406,3369.5555555555557,336,POMCA_124,2,Magdalena Cauca,24,Sogamoso,2401,Río Suárez,171750.0,7.060202691157128e-06,6.183442247033539,0.6866804367753659,0.15670882115052376,-0.11186394481069122,6.173678527577276,0.6938911296383381
"POLYGON ((4932632.79114662 2155645.154206612, 4932631.870303239 2154724.305731082, 4933554.754987648 2154723.389877652, 4933555.663214412 2155644.2369565647, 4932632.79114662 2155645.154206612))",387651,3,5,0.8783332824707031,77.9935302734375,5.544584655761719,1.0299999237060546,977.0,50.71430206298828,3387.8,336,POMCA_124,2,Magdalena Cauca,24,Sogamoso,2401,Río Suárez,171750.0,3.5301122241238627e-06,2.1832942218815288,1.5219192718410834,-0.07753126472837145,-0.0746917393764869,2.1858967220626777,1.5265666145448227
"POLYGON ((4936324.271155056 2155641.561130186, 4936323.400777573 2154720.718125523, 4937246.280017479 2154719.8528105523, 4937247.137778722 2155640.694495666, 4936324.271155056 2155641.561130186))",387655,1,1,0.8616666793823242,76.63398742675781,5.867217636108398,1.0199999809265137,1446.0,56.06657028198242,3492.0,38,POMCA_256,3,Orinoco,35,Meta,3507,Río Garagoa,248714.0,1.1767180827780492e-06,-0.4834711282198113,1.1812559543170462,-0.14960513730649305,-0.10667419848534244,-0.4726250426643929,1.1870008338410634
"POLYGON ((4937247.137778722 2155640.694495666, 4937246.280017479 2154719.8528105523, 4938169.157944537 2154719.0001299647, 4938170.00308963 2155639.8405147945, 4937247.137778722 2155640.694495666))",387656,3,3,0.9070833206176759,76.4285659790039,5.606239318847656,1.05,1457.0,56.32283782958984,3292.6666666666665,38,POMCA_256,3,Orinoco,35,Meta,3507,Río Garagoa,248714.0,3.53016438187525e-06,2.1832942218815288,0.9172595256945045,-0.11356820101743226,-0.11271815982884403,2.1859556422897772,0.9238229423651884
"POLYGON ((4938170.00308963 2155639.8405147945, 4938169.157944537 2154719.0001299647, 4939092.034578052 2154718.160083669, 4939092.867107085 2155638.9991874816, 4938170.00308963 2155639.8405147945))",387657,2,4,0.919166660308838,76.10063171386719,5.700213241577148,1.0600000381469727,1392.0,49.35918426513672,3336.5,38,POMCA_256,3,Orinoco,35,Meta,3507,Río Garagoa,248714.0,2.353449577616925e-06,0.8499115468308588,1.0433044729829286,-0.09554973287290185,-0.11245334255849644,0.856674727105571,1.0494890496295282
"POLYGON ((4939092.867107085 2155638.9991874816, 4939092.034578052 2154718.160083669, 4940014.90993734 2154717.3326715757, 4940015.729850399 2155638.1705136383, 4939092.867107085 2155638.9991874816))",387658,1,1,0.9524999618530272,76.47975158691406,5.573884201049805,1.0699999809265135,1394.0,59.02226257324219,3310.0,38,POMCA_256,3,Orinoco,35,Meta,3507,Río Garagoa,248714.0,1.176728067317469e-06,-0.4834711282198113,1.2007282182138805,-0.14960513730649305,-0.09975233862355304,-0.4726137635867017,1.2064344615036768
"POLYGON ((4953858.5312320925 2155627.2587658176, 4953857.900548943 2154706.437538142, 4954780.758146518 2154705.812262289, 4954781.376214924 2155626.632536459, 4953858.5312320925 2155627.2587658176))",387674,1,1,1.2229166984558106,78.7815170288086,4.896466445922852,1.1899999618530273,1424.0,62.34182357788086,2909.0,38,POMCA_256,3,Orinoco,35,Meta,3507,Río Garagoa,248714.0,1.176773768436187e-06,-0.4834711282198113,-0.4834711282198113,-0.14960513730649305,-0.14960513730649305,-0.4725621371223327,-0.47254105681808206
"POLYGON ((4973238.10290438 2155616.764824377, 4973237.737118865 2154695.95957494, 4974160.5789051335 2154695.59957804, 4974160.932076999 2155616.404278504, 4973238.10290438 2155616.764824377))",387695,1,1,1.0087499618530271,77.10526275634766,5.11737289428711,0.95,1167.0,53.77375411987305,3181.0,38,POMCA_256,3,Orinoco,35,Meta,3507,Río Garagoa,248714.0,1.1768144533602555e-06,-0.4834711282198113,0.8499115468308588,-0.14960513730649305,-0.02347586029478025,-0.47251617722371986,0.856764096521946
"POLYGON ((4936323.400777573 2154720.718125523, 4936322.531738491 2153799.8753703358, 4937245.423575238 2153799.0113749877, 4937246.280017479 2154719.8528105523, 4936323.400777573 2154720.718125523))",388620,2,3,0.85,76.14379119873047,5.9696197509765625,1.0200000762939454,1852.0,63.54020309448242,3374.3333333333335,38,POMCA_256,3,Orinoco,35,Meta,3507,Río Garagoa,248714.0,2.353404661858687e-06,0.8499115468308588,1.0010072317664012,-0.11356820101743226,-0.11189472038343953,0.8566239878270298,1.0072859199156792
"POLYGON ((4937246.280017479 2154719.8528105523, 4937245.423575238 2153799.0113749877, 4938168.3140990455 2153798.1599947545, 4938169.157944537 2154719.0001299647, 4937246.280017479 2154719.8528105523))",388621,4,5,0.8916666984558106,76.12179565429688,5.785300445556641,1.040000057220459,1622.0,53.17488479614258,3348.8,38,POMCA_256,3,Orinoco,35,Meta,3507,Río Garagoa,248714.0,4.7068228352991326e-06,3.5166768969321986,0.6874240675750601,-0.07753126472837145,-0.1201815801704549,3.5151729005126633,0.6946822432981911
"POLYGON ((4943706.399018352 2154714.149363502, 4943705.63075153 2153793.3166258093, 4944628.51262545 2153792.5535489293, 4944629.268296121 2154713.3851211364, 4943706.399018352 2154714.149363502))",388628,1,1,1.1837499618530274,77.89256286621094,4.852951431274414,1.2100000381469729,1404.0,45.82829284667969,3029.0,38,POMCA_256,3,Orinoco,35,Meta,3507,Río Garagoa,248714.0,1.1767279633654153e-06,-0.4834711282198113,1.4622398929192857,-0.14960513730649305,-0.07072590921499802,-0.472613881016584,1.4671683875717485
"POLYGON ((4911403.885288235 2153827.9721242725, 4911402.677957581 2152907.0867022974, 4912325.625124222 2152905.883899885, 4912326.819874486 2153826.7674818523, 4911403.885288235 2153827.9721242725))",389547,1,1,1.269583320617676,79.26065826416016,3.5384803771972657,1.329999923706055,1090.0,41.814247131347656,2894.0,336,POMCA_124,2,Magdalena Cauca,24,Sogamoso,2401,Río Suárez,171750.0,1.1765766253712468e-06,-0.4834711282198113,-0.4834711282198113,-0.14960513730649305,-0.14960513730649305,-0.47278484062945064,-0.47283797752011714
"POLYGON ((4931708.052184738 2153804.3845770466, 4931707.12159547 2152883.5351834423, 4932630.032864505 2152882.609527162, 4932630.950875861 2153803.457504725, 4931708.052184738 2153804.3845770466))",389568,2,4,0.8529166221618653,77.53267669677734,5.569634246826172,1.0200000762939454,895.0,48.40325164794922,3412.0,336,POMCA_124,2,Magdalena Cauca,24,Sogamoso,2401,Río Suárez,171750.0,2.353337937997643e-06,0.8499115468308588,0.8913081400954803,-0.09554973287290185,-0.09522373825909737,0.8565486129318111,0.8978561973064678
"POLYGON ((4936322.531738491 2153799.8753703358, 4936321.664037828 2152879.0328642433, 4937244.5684520155 2152878.170188591, 4937245.423575238 2153799.0113749877, 4936322.531738491 2153799.8753703358))",389573,1,1,0.8620833396911621,76.22549438476562,5.7106689453125,1.0199999809265137,1784.0,55.12393569946289,3376.0,38,POMCA_256,3,Orinoco,35,Meta,3507,Río Garagoa,248714.0,1.1766866037548543e-06,-0.4834711282198113,1.146169278626877,-0.14960513730649305,-0.10576959263402648,-0.472660603077681,1.1519942321670675
"POLYGON ((4931707.12159547 2152883.5351834423, 4931706.192441644 2151962.6860381737, 4932629.116269191 2151961.761798012, 4932630.032864505 2152882.609527162, 4931707.12159547 2152883.5351834423))",390502,2,4,0.8404167175292969,76.87908172607422,5.646633148193359,1.0199999809265137,990.0,42.93041610717773,3427.0,336,POMCA_124,2,Magdalena Cauca,24,Sogamoso,2401,Río Suárez,171750.0,2.353306532493168e-06,0.8499115468308588,0.6096769221922782,-0.09554973287290185,-0.10614160228440697,0.8565131355692597,0.6170720899615743
"POLYGON ((4937244.5684520155 2152878.170188591, 4937243.714647829 2151957.329250981, 4938166.630306934 2151956.480471673, 4938167.471553172 2152877.3201087844, 4937244.5684520155 2152878.170188591))",390508,1,1,0.9916666984558106,76.75841522216797,5.249819564819336,1.0899999618530274,1933.0,60.72169494628906,3157.0,38,POMCA_256,3,Orinoco,35,Meta,3507,Río Garagoa,248714.0,1.1766742792458503e-06,-0.4834711282198113,1.0482207979533775,-0.14960513730649305,-0.11290304895033526,-0.47267452551202843,1.0543556955178708
"POLYGON ((4971391.271625418 2152855.105408098, 4971390.882416325 2151934.299756266, 4972313.763066415 2151933.9162583137, 4972314.13971997 2152854.72132255, 4971391.271625418 2152855.105408098))",390545,2,8,1.0800000190734864,78.3828353881836,4.917501831054688,1.0100000381469727,1321.0,54.01958465576172,3073.0,38,POMCA_256,3,Orinoco,35,Meta,3507,Río Garagoa,248714.0,2.3535286898001325e-06,0.8499115468308588,-0.4834711282198113,-0.02347586029478025,-0.14960513730649305,0.856764096521946,-0.47251617722371986
"POLYGON ((4928937.4123077 2151965.5342219197, 4928936.44697141 2151044.680960386, 4929859.387683333 2151043.7204625057, 4929860.340480214 2151964.5722500277, 4928937.4123077 2151965.5342219197))",391467,1,1,1.0470833778381348,78.33332824707031,4.499789428710938,1.1500000953674316,877.0,45.09493637084961,3170.0,336,POMCA_124,2,Magdalena Cauca,24,Sogamoso,2401,Río Suárez,171750.0,1.176626410976732e-06,-0.4834711282198113,0.28127186705667084,-0.14960513730649305,-0.11499568041319641,-0.47272860010712275,0.28964655047168963
"POLYGON ((4911400.268883245 2151065.3165970272, 4911399.06713961 2150144.431912977, 4912322.051930987 2150143.234631195, 4912323.2411524495 2151064.117474934, 4911400.268883245 2151065.3165970272))",392411,1,1,1.3429166793823242,79.16667175292969,3.5576961517333983,1.3799999237060547,1145.0,46.02246856689453,2808.0,336,POMCA_124,2,Magdalena Cauca,24,Sogamoso,2401,Río Suárez,171750.0,1.1765295871830164e-06,-0.4834711282198113,-0.4834711282198113,-0.14960513730649305,-0.14960513730649305,-0.47283797752011714,-0.47278484062945064
"POLYGON ((4930782.326927518 2151042.772522697, 4930781.388124825 2150121.9224374117, 4931704.338440392 2150120.988491122, 4931705.264723279 2151041.83714086, 4930782.326927518 2151042.772522697))",392431,1,2,0.8479166984558105,77.10355377197266,5.594064712524414,1.0300000190734864,1046.0,45.16667556762695,3396.0,336,POMCA_124,2,Magdalena Cauca,24,Sogamoso,2401,Río Suárez,171750.0,1.1766182586425846e-06,-0.4834711282198113,0.23162697904519466,-0.13158666916196265,-0.11969281556571117,-0.4727378094262859,0.240149159284103
"POLYGON ((4928012.528409725 2150124.7995088752, 4928011.553560121 2149203.945248185, 4928934.520779908 2149202.975178946, 4928935.483128807 2150123.827946188, 4928012.528409725 2150124.7995088752))",393374,1,1,1.0479166984558106,78.47825622558594,4.574923324584961,1.1500000953674316,888.0,42.972389221191406,3076.0,336,POMCA_124,2,Magdalena Cauca,24,Sogamoso,2401,Río Suárez,171750.0,1.176591303335126e-06,-0.4834711282198113,-0.4088121243085609,-0.14960513730649305,-0.14273062296487923,-0.4727682596047301,-0.3983396454318564
"POLYGON ((4928935.483128807 2150123.827946188, 4928934.520779908 2149202.975178946, 4929857.48651244 2149202.0176293324, 4929858.436360735 2150122.8689224003, 4928935.483128807 2150123.827946188))",393375,1,1,0.962916660308838,77.95454406738281,5.024749374389648,1.1,879.0,43.95806503295898,3322.0,336,POMCA_124,2,Magdalena Cauca,24,Sogamoso,2401,Río Suárez,171750.0,1.1765951285047728e-06,-0.4834711282198113,-0.35853289935806354,-0.14960513730649305,-0.14109226976614084,-0.4727639384854663,-0.34821228177680175
"POLYGON ((4929858.436360735 2150122.8689224003, 4929857.48651244 2149202.0176293324, 4930780.450777032 2149201.0725992434, 4930781.388124825 2150121.9224374117, 4929858.436360735 2150122.8689224003))",393376,1,1,0.9108333587646484,78.1446533203125,5.217250061035156,1.059999942779541,865.0,42.75289535522461,3326.0,336,POMCA_124,2,Magdalena Cauca,24,Sogamoso,2401,Río Suárez,171750.0,1.1765989040106516e-06,-0.4834711282198113,-0.3391816961400231,-0.14960513730649305,-0.13937080277342967,-0.4727596734690904,-0.3289199557799062
"POLYGON ((4932627.287326757 2150120.0670834314, 4932626.374979674 2149199.22009724, 4933549.334956362 2149198.3126251297, 4933550.234803236 2150119.158214242, 4932627.287326757 2150120.0670834314))",393379,1,1,0.9045833587646483,76.49371337890625,5.532788467407227,1.059999942779541,1570.0,55.63712692260742,3374.0,336,POMCA_124,2,Magdalena Cauca,24,Sogamoso,2401,Río Suárez,171750.0,1.1766099325027368e-06,-0.4834711282198113,-0.22328248182755928,-0.14960513730649305,-0.1362475892452218,-0.47274721508580236,-0.21337293847156957
"POLYGON ((4896628.247450189 2148323.4613276147, 4896626.851852379 2147402.545306118, 4897549.906086589 2147401.1537978607, 4897551.289218258 2148322.0676702457, 4896628.247450189 2148323.4613276147))",395244,2,5,1.1041666984558105,78.14207458496094,3.5536991119384767,1.2200000762939454,963.0,37.14293670654297,3066.0,336,POMCA_124,2,Magdalena Cauca,24,Sogamoso,2401,Río Suárez,171750.0,2.352801016518555e-06,0.8499115468308588,0.0,-0.07753126472837145,0.0,0.8559420772848376,0.0
"POLYGON ((4930779.514884159 2148280.2230078112, 4930778.580446223 2147359.373662736, 4931701.568204793 2147358.444023558, 4931702.490181131 2148279.291932851, 4930779.514884159 2148280.2230078112))",395280,1,1,1.037916660308838,77.08332824707031,4.793263626098633,1.1600000381469726,1016.0,45.440406799316406,3191.0,336,POMCA_124,2,Magdalena Cauca,24,Sogamoso,2401,Río Suárez,171750.0,1.176571446253001e-06,-0.4834711282198113,-0.4026702955499906,-0.14960513730649305,-0.1413884502958155,-0.47279069124254464,-0.39222148777903215
"POLYGON ((4932625.464048704 2148278.373357942, 4932624.554533866 2147357.5268651554, 4933547.539452765 2147356.622187431, 4933548.436506199 2148277.467282986, 4932625.464048704 2148278.373357942))",395282,1,1,1.10625,77.15277099609375,4.676464080810547,1.2,1314.0,47.727272033691406,3105.0,336,POMCA_124,2,Magdalena Cauca,24,Sogamoso,2401,Río Suárez,171750.0,1.176578749116496e-06,-0.4834711282198113,-0.38063158229575317,-0.14960513730649305,-0.14074331949908317,-0.47278244153153987,-0.37025234965104703
"POLYGON ((4891088.4803302465 2147411.1565553276, 4891087.012221897 2146490.227475828, 4892010.092176639 2146488.76331756, 4892011.547837351 2147409.690132123, 4891088.4803302465 2147411.1565553276))",396187,2,2,1.0470833778381348,79.92753601074219,3.136720657348633,1.15,1071.0,37.62013626098633,3149.5,83,POMCA_108,2,Magdalena Cauca,23,Medio Magdalena,2312,Río Carare (Minero),728263.0,2.3527016491237328e-06,0.8499115468308588,-0.4834711282198113,-0.13158666916196265,-0.13158666916196265,0.8558298264819663,-0.4731033723354726
"POLYGON ((4918778.505968215 2146451.72524963, 4918777.412934456 2145530.8559745536, 4919700.445902538 2145529.7674488984, 4919701.526512119 2146450.6350374077, 4918778.505968215 2146451.72524963))",397191,1,1,1.305833339691162,79.35897064208984,3.6732044219970703,1.3,1151.0,53.34218978881836,2827.0,336,POMCA_124,2,Magdalena Cauca,24,Sogamoso,2401,Río Suárez,171750.0,1.1764880483647715e-06,-0.4834711282198113,0.0,-0.14960513730649305,0.0,-0.47288490202394123,0.0
"POLYGON ((4928008.6380901495 2146441.3839435657, 4928007.669293172 2145520.530666577, 4928930.6863217475 2145519.5665719444, 4928931.642695634 2146440.4183551595, 4928008.6380901495 2146441.3839435657))",397201,1,2,1.1429166793823242,77.30352020263672,4.255788421630859,1.2300000190734863,982.0,39.88999557495117,3079.5,336,POMCA_124,2,Magdalena Cauca,24,Sogamoso,2401,Río Suárez,171750.0,1.1765290341618595e-06,-0.4834711282198113,-0.4834711282198113,-0.13158666916196265,-0.14349920620686235,-0.47283860224283414,-0.4728128623798031
"POLYGON ((4928930.6863217475 2145519.5665719444, 4928929.731441661 2144598.7150337873, 4929852.759386162 2144597.764856249, 4929853.701862662 2145518.614919831, 4928930.6863217475 2145519.5665719444))",398169,1,2,1.1741666793823242,77.46666717529297,4.294993209838867,1.25,1036.0,34.649410247802734,3000.5,336,POMCA_124,2,Magdalena Cauca,24,Sogamoso,2401,Río Suárez,171750.0,1.1765173539627904e-06,-0.4834711282198113,-0.4834711282198113,-0.13158666916196265,-0.143114400704669,-0.47285179682970585,-0.47281020911441657
"POLYGON ((4892005.738815074 2143725.984320567, 4892004.292234841 2142805.0584692243, 4892927.419524768 2142803.6157617006, 4892928.853735167 2143724.5393669046, 4892005.738815074 2143725.984320567))",400055,1,2,0.8308333396911621,79.71697998046875,3.848455429077149,1.0600000381469727,1144.0,50.17832565307617,3455.0,83,POMCA_108,2,Magdalena Cauca,23,Medio Magdalena,2312,Río Carare (Minero),728263.0,1.1762946526371015e-06,-0.4834711282198113,0.20349408080601739,-0.13158666916196265,-0.13833758997662668,-0.4731033723354726,0.21143681699854672
"POLYGON ((4924313.553707455 2143682.7933161557, 4924312.539989598 2142761.9346040697, 4925235.600316176 2142760.9254515073, 4925236.601668738 2143681.7825924484, 4924313.553707455 2143682.7933161557))",400090,1,1,1.172083282470703,77.88978576660156,4.207450866699219,1.2399999618530273,1171.0,53.456199645996094,2978.0,336,POMCA_124,2,Magdalena Cauca,24,Sogamoso,2401,Río Suárez,171750.0,1.1764667922785048e-06,-0.4834711282198113,-0.4834711282198113,-0.14960513730649305,-0.13158666916196265,-0.47290891405277236,-0.4728449531141805
"POLYGON ((4933543.075137156 2142752.400395174, 4933542.186464471 2141831.5567711634, 4934465.244352906 2141830.6728433273, 4934466.120680702 2142751.515088933, 4933543.075137156 2142752.400395174))",401067,1,1,1.2154166221618652,77.23097229003906,4.397613525390625,1.2700000762939454,1055.0,47.69662094116211,2886.0,43,POMCA_076,2,Magdalena Cauca,21,Alto Magdalena,2120,Río Bogotá,593295.0,1.1764893680406204e-06,-0.4834711282198113,-0.4834711282198113,-0.14960513730649305,-0.14960513730649305,-0.4728834112464701,-0.47295286117033586
"POLYGON ((4895695.393111212 2141878.445234051, 4895694.000394529 2140957.5287318574, 4896617.143513088 2140956.1399202137, 4896618.52389936 2141877.054253189, 4895695.393111212 2141878.445234051))",402014,1,1,0.9154166221618651,78.49702453613281,4.109071350097656,1.1199999809265138,1733.0,60.7628059387207,3291.0,336,POMCA_124,2,Magdalena Cauca,24,Sogamoso,2401,Río Suárez,171750.0,1.176286561596366e-06,-0.4834711282198113,0.03648810648192091,-0.14960513730649305,-0.13993929375343278,-0.47311251241427066,0.04499685483498177
"POLYGON ((4889231.936324263 2140967.5962381633, 4889230.459618979 2140046.664250049, 4890153.630745054 2140045.1912855236, 4890155.095138279 2140966.1209692573, 4889231.936324263 2140967.5962381633))",402998,1,1,0.8108333587646485,79.28348541259766,3.842545318603515,1.0700000762939452,1100.0,55.94190216064453,3593.0,83,POMCA_108,2,Magdalena Cauca,23,Medio Magdalena,2312,Río Carare (Minero),728263.0,1.1762308373513558e-06,-0.4834711282198113,0.2636794811995657,-0.14960513730649305,-0.1324290329639233,-0.47317546154615625,0.27134913038202213
"POLYGON ((4894770.855091777 2140958.929894087, 4894769.452256545 2140038.011442869, 4895692.609870445 2140036.6124692666, 4895694.000394529 2140957.5287318574, 4894770.855091777 2140958.929894087))",403004,1,1,0.8404166221618652,78.62654113769531,4.298300170898438,1.0800000190734864,1842.0,61.37956619262695,3384.0,336,POMCA_124,2,Magdalena Cauca,24,Sogamoso,2401,Río Suárez,171750.0,1.17626556311315e-06,-0.4834711282198113,0.24353345778908256,-0.14960513730649305,-0.1361157156923601,-0.4731362334407128,0.2513032870948994
"POLYGON ((4889230.459618979 2140046.664250049, 4889228.985242214 2139125.732500316, 4890152.168660935 2139124.261840296, 4890153.630745054 2140045.1912855236, 4889230.459618979 2140046.664250049))",403966,2,3,0.7333333492279053,79.3269271850586,4.146923065185547,1.0399999618530271,1161.0,51.53102111816406,3703.0,83,POMCA_108,2,Magdalena Cauca,23,Medio Magdalena,2312,Río Carare (Minero),728263.0,2.3524309535442763e-06,0.8499115468308588,-0.21784716475682098,-0.11356820101743226,-0.1451528427424085,0.8555240340620068,-0.2084980829477948
"POLYGON ((4891076.799570749 2140043.7306532017, 4891075.34977912 2139122.803493185, 4891998.528616115 2139121.3574588285, 4891999.966115408 2140042.282352928, 4891076.799570749 2140043.7306532017))",403968,2,2,0.7341666698455811,78.84615325927734,4.100074005126953,1.0399999618530271,1235.0,50.72759246826172,3622.0,83,POMCA_108,2,Magdalena Cauca,23,Medio Magdalena,2312,Río Carare (Minero),728263.0,2.3524545016552888e-06,0.8499115468308588,0.13171983067735688,-0.13158666916196265,-0.13716468082111583,0.8555506352864023,0.1398545313868048
"POLYGON ((4891999.966115408 2140042.282352928, 4891998.528616115 2139121.3574588285, 4892921.705191258 2139119.923737074, 4892923.130398367 2140040.8463845495, 4891999.966115408 2140042.282352928))",403969,2,2,0.7829166412353515,78.69496154785156,4.212850189208984,1.0600000381469727,1621.0,50.70902633666992,3573.5,83,POMCA_108,2,Magdalena Cauca,23,Medio Magdalena,2312,Río Carare (Minero),728263.0,2.3524661267361217e-06,0.8499115468308588,0.1816898779919325,-0.13158666916196265,-0.1365309671804885,0.8555637676087227,0.1896502566255665
"POLYGON ((4919693.997690621 2140004.56703276, 4919692.928896429 2139083.7011456904, 4920616.046608668 2139082.636737173, 4920617.103114639 2140003.5009563244, 4919693.997690621 2140004.56703276))",403997,1,1,1.2324999809265136,77.95275115966797,3.870049285888672,1.2700000762939454,1121.0,49.00708770751953,3000.0,336,POMCA_124,2,Magdalena Cauca,24,Sogamoso,2401,Río Suárez,171750.0,1.176384345157573e-06,-0.4834711282198113,-0.48347112821981125,-0.14960513730649305,-0.14960513730649305,-0.4730020507958216,-0.4730467577539891
"POLYGON ((4889228.985242214 2139125.732500316, 4889227.5131939985 2138204.8009885917, 4890150.70888595 2138203.3326332006, 4890152.168660935 2139124.261840296, 4889228.985242214 2139125.732500316))",404935,1,1,0.7308333396911622,79.16667175292969,4.0386394500732425,1.0399999618530271,1190.0,47.34343719482422,3665.0,83,POMCA_108,2,Magdalena Cauca,23,Medio Magdalena,2312,Río Carare (Minero),728263.0,1.1762001408454868e-06,-0.4834711282198113,0.350193783492078,-0.14960513730649305,-0.1286033063868951,-0.4732101379853978,0.35751926527889333
"POLYGON ((4890152.168660935 2139124.261840296, 4890150.70888595 2138203.3326332006, 4891073.902277212 2138201.8765714234, 4891075.34977912 2139122.803493185, 4890152.168660935 2139124.261840296))",404936,1,1,0.7366666793823242,79.16666412353516,4.1687877655029295,1.0399999618530271,1201.0,46.99298095703125,3606.0,83,POMCA_108,2,Magdalena Cauca,23,Medio Magdalena,2312,Río Carare (Minero),728263.0,1.1762060527887223e-06,-0.4834711282198113,0.3511840615891502,-0.14960513730649305,-0.1295692887454947,-0.47320345953341764,0.3585200755829729
"POLYGON ((4917846.6884074835 2139085.8668886684, 4917845.596763327 2138164.9978492656, 4918768.730127362 2138163.9105299995, 4918769.80950248 2139084.777862817, 4917846.6884074835 2139085.8668886684))",404966,1,1,1.1725000381469726,78.18428039550781,4.01983757019043,1.2299999237060546,1142.0,47.127288818359375,3069.0,336,POMCA_124,2,Magdalena Cauca,24,Sogamoso,2401,Río Suárez,171750.0,1.176360316752569e-06,-0.4834711282198113,-0.4834711282198113,-0.14960513730649305,-0.14960513730649305,-0.4730291945863804,-0.47303685360213776
"POLYGON ((4933539.528827607 2139069.027361165, 4933538.6457424415 2138148.184710575, 4934461.752816389 2138147.3062971, 4934462.623634283 2139068.147568988, 4933539.528827607 2139069.027361165))",404983,1,1,1.2708333015441895,76.4631118774414,4.571818161010742,1.309999942779541,1828.0,49.51005935668945,2803.0,43,POMCA_076,2,Magdalena Cauca,21,Alto Magdalena,2120,Río Bogotá,593295.0,1.1764278891217298e-06,-0.4834711282198113,-0.48347112821981136,-0.14960513730649305,-0.14960513730649305,-0.47295286117033586,-0.47293180103114535
"POLYGON ((4936307.962866225 2138145.5863330844, 4936307.117921307 2137224.748003364, 4937230.2331834575 2137223.9077735567, 4937231.065880782 2138144.7447823617, 4936307.962866225 2138145.5863330844))",405952,1,1,1.2320833206176758,76.5748062133789,4.619416809082031,1.269999885559082,1486.0,42.88906097412109,2860.0,43,POMCA_076,2,Magdalena Cauca,21,Alto Magdalena,2120,Río Bogotá,593295.0,1.1764230153587602e-06,-0.4834711282198113,0.23989314458685024,-0.14960513730649305,-0.12586254981349151,-0.472958366837535,0.24795815199833685
"POLYGON ((4938154.167580877 2138143.9155190433, 4938153.347131059 2137223.079811867, 4939076.459783441 2137222.2641182067, 4939077.267985843 2138143.098543041, 4938154.167580877 2138143.9155190433))",405954,1,1,1.1391666412353516,76.38888549804688,4.8562664031982425,1.2,1369.0,49.03482055664063,3105.0,43,POMCA_076,2,Magdalena Cauca,21,Alto Magdalena,2120,Río Bogotá,593295.0,1.1764297231849111e-06,-0.4834711282198113,0.21967676739816136,-0.14960513730649305,-0.12653803147413484,-0.47295078931301293,0.2278076411833786
"POLYGON ((4950154.378862537 2138134.2532114554, 4950153.717622846 2137213.43267044, 4951076.815196817 2137212.776453773, 4951077.464190102 2138133.5959631572, 4950154.378862537 2138134.2532114554))",405967,1,1,1.2829166412353517,77.47933959960938,4.807466125488281,1.2100000381469729,1220.0,46.89569091796875,2904.0,38,POMCA_256,3,Orinoco,35,Meta,3507,Río Garagoa,248714.0,1.1764684800123545e-06,-0.4834711282198113,0.0,-0.14960513730649305,0.0,-0.4729070074970052,0.0
"POLYGON ((4897534.833780797 2137271.117121428, 4897533.476493942 2136350.2061338103, 4898456.676661552 2136348.852677807, 4898458.021715348 2137269.7615342136, 4897534.833780797 2137271.117121428))",406882,2,2,0.9133333206176758,78.125,3.96193962097168,1.1199999809265138,1885.0,55.661258697509766,3377.0,336,POMCA_124,2,Magdalena Cauca,24,Sogamoso,2401,Río Suárez,171750.0,2.3524419280386075e-06,0.8499115468308588,0.4143835224984094,-0.13158666916196265,-0.1314055997036403,0.8555364314465009,0.4215219541041991
"POLYGON ((4908612.952884782 2137255.660060721, 4908611.742385527 2136334.7733742096, 4909534.918306994 2136333.5669533038, 4909536.116574815 2137254.4517401303, 4908612.952884782 2137255.660060721))",406894,1,1,1.1966667175292969,78.78787994384766,3.24970932006836,1.209999942779541,928.0,42.47381210327149,3014.0,336,POMCA_124,2,Magdalena Cauca,24,Sogamoso,2401,Río Suárez,171750.0,1.176283267510897e-06,-0.4834711282198113,-0.4834711282198113,-0.14960513730649305,-0.09891638637720293,-0.4731162335920199,-0.47316614719930583
"POLYGON ((4939076.459783441 2137222.2641182067, 4939075.652861552 2136301.4299358237, 4939998.776465985 2136300.6277732304, 4939999.571159947 2137221.46069249, 4939076.459783441 2137222.2641182067))",406927,1,1,0.9899999618530272,76.29969787597656,5.174237442016602,1.0899999618530274,1366.0,53.41984558105469,3306.0,43,POMCA_076,2,Magdalena Cauca,21,Alto Magdalena,2120,Río Bogotá,593295.0,1.1764177193894603e-06,-0.4834711282198113,0.31534533200674997,-0.14960513730649305,-0.12209810490263023,-0.47296434945192234,0.32314456582874673
"POLYGON ((4889224.576083329 2136362.938677675, 4889223.111020935 2135442.0078777377, 4890146.343416093 2135440.5464369743, 4890147.7962635 2136361.474931913, 4889224.576083329 2136362.938677675))",407859,1,1,0.7724999904632568,77.16049194335938,4.070402908325195,1.0800000190734864,1311.0,51.34449005126953,3628.0,83,POMCA_108,2,Magdalena Cauca,23,Medio Magdalena,2312,Río Carare (Minero),728263.0,1.1761542809655697e-06,-0.4834711282198113,0.4223144335210829,-0.14960513730649305,-0.11924528238448273,-0.47326194379503483,0.4293070545200328
"POLYGON ((4892917.443075408 2136357.157224138, 4892916.026872044 2135436.23552841, 4893839.250178674 2135434.823029622, 4893840.65416766 2136355.7424975415, 4892917.443075408 2136357.157224138))",407863,3,4,0.8216667175292969,77.46913146972656,4.097300720214844,1.0800000190734864,1872.0,56.84674835205078,3515.75,336,POMCA_124,2,Magdalena Cauca,24,Sogamoso,2401,Río Suárez,171750.0,3.528532895216026e-06,2.1832942218815288,0.4366431625600398,-0.09554973287290185,-0.10371982258231813,2.1841126264021247,0.39204866767842333
"POLYGON ((4906765.384780856 2136337.222972722, 4906764.151778137 2135416.332668018, 4907687.34375949 2135415.103680976, 4907688.564549927 2136335.992047306, 4906765.384780856 2136337.222972722))",407878,1,2,1.2083333015441895,78.2786865234375,3.3732452392578125,1.2200000762939454,914.0,44.01482772827149,3095.5,336,POMCA_124,2,Magdalena Cauca,24,Sogamoso,2401,Río Suárez,171750.0,1.1762581197465912e-06,-0.4834711282198113,-0.4834711282198113,-0.13158666916196265,-0.09487183335510707,-0.47314464187160493,-0.47316387507457974
"POLYGON ((4916920.259090922 2136324.356649837, 4916919.160416405 2135403.4866061118, 4917842.3321919525 2135402.3921754714, 4917843.418655539 2136323.260493045, 4916920.259090922 2136324.356649837))",407889,1,1,1.1612500190734862,78.38754272460938,3.902941131591797,1.2299999237060546,914.0,41.339012145996094,3031.0,336,POMCA_124,2,Magdalena Cauca,24,Sogamoso,2401,Río Suárez,171750.0,1.1763100414322565e-06,-0.4834711282198113,-0.4834711282198113,-0.14960513730649305,-0.14960513730649305,-0.47308598831715887,-0.47301868249538725
"POLYGON ((4923382.340584817 2136316.940818692, 4923381.327384437 2135396.082452902, 4924304.487520227 2135395.0736416453, 4924305.488510456 2136315.9304163232, 4923382.340584817 2136316.940818692))",407896,1,1,1.118333339691162,76.55826568603516,4.329251861572265,1.2299999237060546,1123.0,40.92912292480469,3098.0,336,POMCA_124,2,Magdalena Cauca,24,Sogamoso,2401,Río Suárez,171750.0,1.176339952991141e-06,-0.4834711282198113,0.0,-0.14960513730649305,0.0,-0.47305219859663816,0.0
"POLYGON ((4939075.652861552 2136301.4299358237, 4939074.84722019 2135380.59599551, 4939997.983033146 2135379.795096108, 4939998.776465985 2136300.6277732304, 4939075.652861552 2136301.4299358237))",407912,1,2,0.9091666221618652,75.3968276977539,5.447407150268555,1.05,1470.0,54.56432723999024,3320.0,43,POMCA_076,2,Magdalena Cauca,21,Alto Magdalena,2120,Río Bogotá,593295.0,1.1764024608497836e-06,-0.4834711282198113,0.5767950793746356,-0.13158666916196265,-0.11941156409132904,-0.4729815863265775,0.5837099865893054
"POLYGON ((4939998.776465985 2136300.6277732304, 4939997.983033146 2135379.795096108, 4940921.117589384 2135379.0064259893, 4940921.898813784 2136299.8378592087, 4939998.776465985 2136300.6277732304))",407913,1,1,0.9391666412353517,75.31446838378906,5.342085647583008,1.0600000381469727,1603.0,45.76253890991211,3254.0,43,POMCA_076,2,Magdalena Cauca,21,Alto Magdalena,2120,Río Bogotá,593295.0,1.1764056906509113e-06,-0.4834711282198113,0.8277591666044672,-0.14960513730649305,-0.11049185657278279,-0.4729779377679094,0.8338359392627215
"POLYGON ((4887376.639249777 2135444.967467054, 4887375.1521244375 2134524.0322354883, 4888298.401375824 2134522.548666535, 4888299.876305279 2135443.4815543783, 4887376.639249777 2135444.967467054))",408816,1,1,0.7675000190734863,78.68589782714844,3.840572738647461,1.0399999618530271,1316.0,50.16830062866211,3620.0,43,POMCA_076,2,Magdalena Cauca,21,Alto Magdalena,2120,Río Bogotá,593295.0,1.1761270701085979e-06,-0.4834711282198113,0.3375764437315643,-0.14960513730649305,-0.11484695348367226,-0.4732926826560805,0.3448110637286166
"POLYGON ((4905840.957843839 2135417.573888216, 4905839.714607937 2134496.681864418, 4906762.920735237 2134495.4426019927, 4906764.151778137 2135416.332668018, 4905840.957843839 2135417.573888216))",408836,1,5,1.2983333587646484,78.515625,3.413431167602539,1.2799999237060546,1120.0,45.91093826293945,2882.0,336,POMCA_124,2,Magdalena Cauca,24,Sogamoso,2401,Río Suárez,171750.0,1.1762378655931751e-06,-0.4834711282198113,-0.4834711282198113,-0.07753126472837145,-0.10075624978363902,-0.4731675220627029,-0.473172661538582
"POLYGON ((4939997.983033146 2135379.795096108, 4939997.190861446 2134458.962660742, 4940920.337606718 2134458.1752345925, 4940921.117589384 2135379.0064259893, 4939997.983033146 2135379.795096108))",408870,4,6,0.9649999618530275,75.077880859375,5.099019622802734,1.0699999809265135,1945.0,49.73110580444336,3249.3333333333335,43,POMCA_076,2,Magdalena Cauca,21,Alto Magdalena,2120,Río Bogotá,593295.0,4.705561827187681e-06,3.5166768969321986,0.19714998960110616,-0.05951279658384105,-0.12382253216378791,3.513748397302218,0.2053277087114673
"POLYGON ((4887375.1521244375 2134524.0322354883, 4887373.667366624 2133603.097239817, 4888296.928794478 2133601.61601471, 4888298.401375824 2134522.548666535, 4887375.1521244375 2134524.0322354883))",409786,1,1,0.7683333396911621,78.68589782714844,3.88079948425293,1.0399999618530271,1312.0,47.869361877441406,3613.0,43,POMCA_076,2,Magdalena Cauca,21,Alto Magdalena,2120,Río Bogotá,593295.0,1.1761118572553544e-06,-0.4834711282198113,0.4627425939606741,-0.14960513730649305,-0.10885858776972505,-0.4733098679208608,0.4442095832987267
"POLYGON ((4888298.401375824 2134522.548666535, 4888296.928794478 2133601.61601471, 4889220.187882172 2133600.146987037, 4889221.648287206 2134521.077314316, 4888298.401375824 2134522.548666535))",409787,4,10,0.7349999904632568,78.20512390136719,4.056420135498047,1.0399999618530271,1548.0,63.16129302978517,3641.2,43,POMCA_076,2,Magdalena Cauca,21,Alto Magdalena,2120,Río Bogotá,593295.0,4.7044714757388994e-06,3.5166768969321986,-0.3128490042579337,0.012561075994280552,-0.14268278958572395,3.5125166771211984,-0.330128061641276
"POLYGON ((4904916.506508217 2134497.933340836, 4904915.253077846 2133577.039578062, 4905838.473351288 2133575.790078818, 4905839.714607937 2134496.681864418, 4904916.506508217 2134497.933340836))",409805,1,6,1.2800000190734864,78.515625,3.316624832153321,1.2800000190734864,1015.0,44.55870819091797,2879.8333333333335,336,POMCA_124,2,Magdalena Cauca,24,Sogamoso,2401,Río Suárez,171750.0,1.176217586271904e-06,-0.4834711282198113,-0.4834711282198113,-0.05951279658384105,-0.099869957908568,-0.473190430684776,-0.47317320176373706
"POLYGON ((4905839.714607937 2134496.681864418, 4905838.473351288 2133575.790078818, 4906761.691652179 2133574.5527742696, 4906762.920735237 2134495.4426019927, 4905839.714607937 2134496.681864418))",409806,1,4,1.2570833206176757,78.76984405517578,3.3538204193115235,1.259999942779541,1021.0,40.5947380065918,2828.75,336,POMCA_124,2,Magdalena Cauca,24,Sogamoso,2401,Río Suárez,171750.0,1.1762226542701913e-06,-0.4834711282198113,-0.48347112821981136,-0.09554973287290185,-0.0868099220985412,-0.4731847055988188,-0.47317203542954533
"POLYGON ((4938150.893581161 2134460.574143106, 4938150.0783311045 2133539.7394031715, 4939073.239779112 2133538.9288395667, 4939074.042859371 2134459.762296885, 4938150.893581161 2134460.574143106))",409838,2,5,1.0316666603088378,75.6756820678711,4.905161285400391,1.109999942779541,1533.0,48.50045776367188,3193.6,43,POMCA_076,2,Magdalena Cauca,21,Alto Magdalena,2120,Río Bogotá,593295.0,2.3527374762415454e-06,0.8499115468308588,0.8570264285073736,-0.07753126472837145,-0.11132839814976384,0.8558702987389498,0.8629679608723233
"POLYGON ((4939074.042859371 2134459.762296885, 4939073.239779112 2133538.9288395667, 4939996.399950899 2133538.13046675, 4939997.190861446 2134458.962660742, 4939074.042859371 2134459.762296885))",409839,3,5,0.9908332824707033,75.46295928955078,5.035479354858398,1.0800000190734864,1809.0,51.07141876220703,3233.0,43,POMCA_076,2,Magdalena Cauca,21,Alto Magdalena,2120,Río Bogotá,593295.0,3.5291160530684868e-06,2.1832942218815288,0.6627980944206201,-0.07753126472837145,-0.11010266523234798,2.1847713931661787,0.6694000160458453
"POLYGON ((4885527.137413041 2133606.0962829627, 4885525.630708206 2132685.156776964, 4886448.909031796 2132683.653539092, 4886450.403579263 2133604.5906625153, 4885527.137413041 2133606.0962829627))",410740,2,5,0.8416666984558105,80.58252716064453,3.6514835357666016,1.0299999237060546,1682.0,58.25740814208983,3542.0,43,POMCA_076,2,Magdalena Cauca,21,Alto Magdalena,2120,Río Bogotá,593295.0,2.3521689930706237e-06,0.8499115468308588,-0.03266291193951257,-0.07753126472837145,-0.13132934828584197,0.8552281092917066,-0.024130636750006484
"POLYGON ((4888296.928794478 2133601.61601471, 4888295.458561272 2132680.6835985314, 4889218.7298058625 2132679.216895527, 4889220.187882172 2133600.146987037, 4888296.928794478 2133601.61601471))",410743,1,1,0.7791666507720947,78.4126968383789,4.021721267700196,1.05,1379.0,47.32646179199219,3690.0,43,POMCA_076,2,Magdalena Cauca,21,Alto Magdalena,2120,Río Bogotá,593295.0,1.1761026808077334e-06,-0.4834711282198113,0.46557677921006907,-0.14960513730649305,-0.10889144807067488,-0.47332023413419266,0.4371993469144538
"POLYGON ((4891989.951297807 2133595.8130870694, 4891988.529691262 2132674.889853761, 4892911.791768106 2132673.471861744, 4892913.201218365 2133594.392847587, 4891989.951297807 2133595.8130870694))",410747,1,2,0.7883333206176758,78.3653793334961,4.141438293457031,1.040000057220459,1645.0,60.435306549072266,3547.0,43,POMCA_076,2,Magdalena Cauca,21,Alto Magdalena,2120,Río Bogotá,593295.0,1.176126231203706e-06,-0.4834711282198113,0.38491653431875084,-0.13158666916196265,-0.09904617622699581,-0.47329363032858235,0.3127978954953958
"POLYGON ((4901222.351871654 2133582.1595246647, 4901221.051821392 2132661.2578975144, 4902144.292333346 2132659.96167262, 4902145.580228759 2133580.8612453, 4901222.351871654 2133582.1595246647))",410757,1,4,1.1420833587646484,77.98102569580078,3.440786361694336,1.2300000190734863,1451.0,47.52904891967773,3030.0,336,POMCA_124,2,Magdalena Cauca,24,Sogamoso,2401,Río Suárez,171750.0,1.176181630533547e-06,-0.4834711282198113,-0.4834711282198113,-0.09554973287290185,-0.07619138924144972,-0.4732310482385081,-0.473181817877005
"POLYGON ((4884602.3499862505 2132686.6721934425, 4884600.833549725 2131765.7305203346, 4885524.126409791 2131764.2175058615, 4885525.630708206 2132685.156776964, 4884602.3499862505 2132686.6721934425))",411713,1,1,0.8058333396911621,81.16667175292969,3.515118408203125,1.0,1659.0,59.00391387939453,3611.0,43,POMCA_076,2,Magdalena Cauca,21,Alto Magdalena,2120,Río Bogotá,593295.0,1.1760631719701771e-06,-0.4834711282198113,0.4263643329851696,-0.14960513730649305,-0.10640870023075825,-0.4733648654616432,0.4332384488719575
"POLYGON ((4887372.184976366 2132682.162479667, 4887370.704953694 2131761.227954665, 4888293.990676235 2131759.751417625, 4888295.458561272 2132680.6835985314, 4887372.184976366 2132682.162479667))",411716,1,1,0.8216666221618653,79.36508178710938,3.688639831542969,1.05,1542.0,50.36663055419922,3568.0,43,POMCA_076,2,Magdalena Cauca,21,Alto Magdalena,2120,Río Bogotá,593295.0,1.1760815054771402e-06,-0.4834711282198113,0.1421326365947753,-0.14960513730649305,-0.12120664803282,-0.4733441549370316,0.11230078048197985
"POLYGON ((4893835.051601387 2132672.0660470943, 4893833.656538939 2131751.1475254153, 4894756.926284584 2131749.756096966, 4894758.309210458 2132670.6724096634, 4893835.051601387 2132672.0660470943))",411723,3,16,0.9166666984558104,77.06421661376953,3.755803298950196,1.090000057220459,1832.0,55.37632751464844,3282.0,43,POMCA_076,2,Magdalena Cauca,21,Alto Magdalena,2120,Río Bogotá,593295.0,3.5283676362222495e-06,2.1832942218815288,-0.01807002715232757,0.12067188486146295,-0.12876143722725006,2.183925940872466,-0.08649828058920225
"POLYGON ((4936302.913277939 2132620.5599807687, 4936302.076365627 2131699.723098784, 4937225.2647058265 2131698.8907959503, 4937226.089486978 2132619.7263565967, 4936302.913277939 2132620.5599807687))",411769,2,3,1.0774999618530274,75.65216827392578,4.76015625,1.15,1426.0,52.723724365234375,3080.0,43,POMCA_076,2,Magdalena Cauca,21,Alto Magdalena,2120,Río Bogotá,593295.0,2.3526633700753756e-06,0.8499115468308588,0.8097205851917154,-0.11356820101743226,-0.10606435987888876,0.8557865843911483,0.8157741227404107
"POLYGON ((4938149.264381028 2132618.904904094, 4938148.45173095 2131698.070645493, 4939071.637460336 2131697.262647326, 4939072.437979428 2132618.095623174, 4938149.264381028 2132618.904904094))",411771,2,4,0.9362500190734864,75.72115325927734,5.126246643066406,1.040000057220459,1778.0,53.48316192626953,3328.0,43,POMCA_076,2,Magdalena Cauca,21,Alto Magdalena,2120,Río Bogotá,593295.0,2.352676786840381e-06,0.8499115468308588,0.7647062826557133,-0.09554973287290185,-0.11073623466076274,0.8558017406971627,0.7709311118890905
"POLYGON ((4940918.781366649 2132616.513575739, 4940918.005109277 2131695.68310752, 4941841.187067512 2131694.911565714, 4941841.951194149 2132615.7408090574, 4940918.781366649 2132616.513575739))",411774,1,1,1.0283333778381347,75.30864715576172,4.891241073608398,1.079999923706055,2110.0,54.98748397827149,3102.0,38,POMCA_256,3,Orinoco,35,Meta,3507,Río Garagoa,248714.0,1.176348083349362e-06,-0.4834711282198113,1.039064693827545,-0.14960513730649305,-0.10237886559767324,-0.4730430141026743,1.0443827722234906
"POLYGON ((4970459.707501593 2132597.821626959, 4970459.319393971 2131677.0207864824, 4971382.471957438 2131676.6380737, 4971382.847936278 2132597.4383065924, 4970459.707501593 2132597.821626959))",411806,1,1,1.0654166221618653,76.20275115966797,4.788520050048828,0.9699999809265136,2174.0,58.13234329223633,3065.0,120,POMCA_257,3,Orinoco,35,Meta,3508,Río Lengupá,187868.0,1.1764236169392625e-06,-0.4834711282198113,0.0,-0.14960513730649305,0.0,-0.4729576872595457,0.0
"POLYGON ((4891063.833878446 2131755.3947588624, 4891062.404695338 2130834.469729696, 4892908.979620888 2130831.6305973255, 4892910.384568937 2131752.5511117815, 4891063.833878446 2131755.3947588624))",412698,1,1,0.81875,77.27987670898438,4.1512596130371096,1.0600000381469727,1795.0,57.60293960571289,3546.0,43,POMCA_076,2,Magdalena Cauca,21,Alto Magdalena,2120,Río Bogotá,593295.0,5.88046508385606e-07,-0.4834711282198113,0.112917537623803,-0.14960513730649305,-0.1121419864685263,-1.1376204062984254,0.12092073665006377
"POLYGON ((4891062.404695338 2130834.469729696, 4891060.977802208 2129913.5449354225, 4891984.278494779 2129912.1215669075, 4891985.6932897195 2130833.044094054, 4891062.404695338 2130834.469729696))",413684,1,1,0.8079166412353516,77.69841003417969,4.092445373535156,1.05,1777.0,58.157901763916016,3590.0,43,POMCA_076,2,Magdalena Cauca,21,Alto Magdalena,2120,Río Bogotá,593295.0,1.1760750022920201e-06,-0.4834711282198113,-0.006187184759012133,-0.14960513730649305,-0.1126961262909202,-0.4733515012879373,-0.1144000053278118
"POLYGON ((4891985.6932897195 2130833.044094054, 4891984.278494779 2129912.1215669075, 4892907.576923986 2129910.710318002, 4892908.979620888 2130831.6305973255, 4891985.6932897195 2130833.044094054))",413685,1,1,0.9324999809265136,77.42424011230469,3.816828918457032,1.1,1823.0,59.20691680908203,3317.0,43,POMCA_076,2,Magdalena Cauca,21,Alto Magdalena,2120,Río Bogotá,593295.0,1.1760808156364491e-06,-0.4834711282198113,-0.11624522081490485,-0.14960513730649305,-0.11559959447123531,-0.47334493421852086,-0.21411169322911883
"POLYGON ((4909527.7686337065 2130808.2632457716, 4909526.583677319 2129887.3801265685, 4910449.842779659 2129886.1991232773, 4910451.015640614 2130807.0803613877, 4909527.7686337065 2130808.2632457716))",413704,1,1,1.2166666984558103,77.55905151367188,3.5312450408935545,1.2699999809265137,889.0,38.09387969970703,2891.0,43,POMCA_076,2,Magdalena Cauca,21,Alto Magdalena,2120,Río Bogotá,593295.0,1.1761818317252393e-06,-0.4834711282198113,-0.4834711282198113,-0.14960513730649305,-0.14960513730649305,-0.47323082096145186,-0.4732933851802776
"POLYGON ((4934454.835865366 2130780.5848192107, 4934453.977445763 2129859.7457159157, 4935377.1926786015 2129858.891828126, 4935378.03900568 2130779.7295713527, 4934454.835865366 2130780.5848192107))",413731,1,1,1.080833339691162,76.3768081665039,4.5916587829589846,1.15,1282.0,47.653114318847656,3166.0,43,POMCA_076,2,Magdalena Cauca,21,Alto Magdalena,2120,Río Bogotá,593295.0,1.1762945313778453e-06,-0.4834711282198113,0.5870408101944861,-0.14960513730649305,-0.11712037025121866,-0.47310350931651035,0.5937767750502816
"POLYGON ((4937224.441244095 2130778.05547533, 4937223.619101799 2129857.220394354, 4938146.830330849 2129856.402848195, 4938147.6403808845 2130777.236626987, 4937224.441244095 2130778.05547533))",413734,2,3,0.94375,75.31745910644531,5.135105895996094,1.05,1641.0,55.49547576904297,3265.6666666666665,43,POMCA_076,2,Magdalena Cauca,21,Alto Magdalena,2120,Río Bogotá,593295.0,2.352609635628637e-06,0.8499115468308588,0.6187233310827047,-0.11356820101743226,-0.11105000239039942,0.8557258830433967,0.6254095455861071
"POLYGON ((4891984.278494779 2129912.1215669075, 4891982.865970429 2128991.1992744007, 4892906.176478259 2128989.7902734373, 4892907.576923986 2129910.710318002, 4891984.278494779 2129912.1215669075))",414652,1,1,0.9887499809265136,77.75297546386719,3.458356094360352,1.1199999809265138,1728.0,58.5443000793457,3390.0,43,POMCA_076,2,Magdalena Cauca,21,Alto Magdalena,2120,Río Bogotá,593295.0,1.1760657263886319e-06,-0.4834711282198113,-0.07066037997311997,-0.14960513730649305,-0.11152996012480067,-0.47336197985190237,-0.13026827853944883
"POLYGON ((4893830.873109185 2129909.3111885563, 4893829.484741933 2128988.393372629, 4894752.790780806 2128987.008571828, 4894754.16706973 2129907.9241784224, 4893830.873109185 2129909.3111885563))",414654,1,1,1.1399999618530274,78.24858093261719,2.984809684753418,1.180000114440918,1625.0,56.06606674194336,3010.0,43,POMCA_076,2,Magdalena Cauca,21,Alto Magdalena,2120,Río Bogotá,593295.0,1.1760772042250987e-06,-0.4834711282198113,0.41975265860902655,-0.14960513730649305,-0.08188265226663445,-0.4733490138648103,0.37829319407504897
"POLYGON ((4894754.16706973 2129907.9241784224, 4894752.790780806 2128987.008571828, 4895676.094614231 2128985.6358708874, 4895677.4588249745 2129906.549287453, 4894754.16706973 2129907.9241784224))",414655,3,9,1.1645833015441895,77.75482177734375,3.0782096862792967,1.2100000381469729,1533.0,49.09721374511719,2966.0,43,POMCA_076,2,Magdalena Cauca,21,Alto Magdalena,2120,Río Bogotá,593295.0,3.5282486059243937e-06,2.1832942218815288,-0.19056749807430523,-0.005457392150249848,-0.11434362918454326,2.183791477787022,-0.22371775170481228
"POLYGON ((4897524.035796976 2129903.8358624256, 4897522.695742164 2128982.926768006, 4898445.993075378 2128981.590365778, 4898447.321052439 2129902.49732808, 4897524.035796976 2129903.8358624256))",414658,1,1,1.0824999809265137,77.87114715576172,3.257857131958008,1.190000057220459,1387.0,38.62491226196289,3142.0,43,POMCA_076,2,Magdalena Cauca,21,Alto Magdalena,2120,Río Bogotá,593295.0,1.1760995638623596e-06,-0.4834711282198113,0.7672892161178548,-0.14960513730649305,-0.05980041858330783,-0.47332375520487524,0.7729141462896341
"POLYGON ((4891059.5531990845 2128992.6203756686, 4891058.130885997 2128071.6960500614, 4891981.4557166975 2128070.2772161597, 4891982.865970429 2128991.1992744007, 4891059.5531990845 2128992.6203756686))",415611,1,1,1.0629166603088378,78.47826385498047,3.07820987701416,1.1499999046325684,1584.0,60.967620849609375,3100.0,43,POMCA_076,2,Magdalena Cauca,21,Alto Magdalena,2120,Río Bogotá,593295.0,1.1760448482704715e-06,-0.4834711282198113,-0.09951709169990557,-0.14960513730649305,-0.11181095291561108,-0.47338556490744443,-0.1449861464859195
"POLYGON ((4922451.033406565 2128951.0903689372, 4922450.021035366 2128030.2323045135, 4923373.279759325 2128029.224148553, 4923374.280075533 2128950.0806018896, 4922451.033406565 2128951.0903689372))",415645,3,22,1.3033333778381349,77.53086853027344,4.212174606323242,1.35,1039.0,42.04007339477539,2817.0,43,POMCA_076,2,Magdalena Cauca,21,Alto Magdalena,2120,Río Bogotá,593295.0,3.5286439206566132e-06,2.1832942218815288,0.0,0.22878269372864535,0.0,2.184238046766293,0.0
"POLYGON ((4930760.197252749 2128942.437910795, 4930759.2933727475 2128021.593651401, 4931682.538342381 2128020.694181557, 4931683.430168301 2128941.5370035497, 4930760.197252749 2128942.437910795))",415654,1,1,1.1875,76.82926940917969,4.402994918823242,1.2300000190734863,1227.0,43.66490173339844,3012.0,43,POMCA_076,2,Magdalena Cauca,21,Alto Magdalena,2120,Río Bogotá,593295.0,1.1762499721190129e-06,-0.4834711282198113,-0.4834711282198113,-0.14960513730649305,-0.14960513730649305,-0.4731538458739722,-0.47310350931651035
"POLYGON ((4895674.732596445 2128064.722689056, 4895673.372771642 2127143.809741584, 4896596.698516805 2127142.4534821515, 4896598.046302401 2128063.3642586693, 4895674.732596445 2128064.722689056))",416565,1,1,1.0524999618530273,77.68115234375,3.236861801147461,1.1500000953674316,1755.0,58.806941986083984,3181.0,43,POMCA_076,2,Magdalena Cauca,21,Alto Magdalena,2120,Río Bogotá,593295.0,1.1760583794106015e-06,-0.4834711282198113,0.4368921080451787,-0.14960513730649305,-0.07151361381447835,-0.47337027939708076,0.4436838733235994
"POLYGON ((4944607.826411627 2128009.3695155154, 4944607.104497729 2127088.5450299773, 4945530.342059562 2127087.8278349685, 4945531.0519400695 2128008.6511724945, 4944607.826411627 2128009.3695155154))",416618,1,1,1.0504166603088378,76.24610900878906,4.901105499267578,1.0699999809265135,2194.0,52.388790130615234,3181.0,38,POMCA_256,3,Orinoco,35,Meta,3507,Río Garagoa,248714.0,1.176284878465104e-06,-0.4834711282198113,0.0,-0.14960513730649305,0.0,-0.4731144137707049,0.0
"POLYGON ((4887363.340355146 2127156.558843834, 4887361.874538604 2126235.625721893, 4888285.232679202 2126234.163252033, 4888286.686474611 2127155.094029135, 4887363.340355146 2127156.558843834))",417512,1,1,0.9266666412353516,79.75077819824219,3.3189083099365235,1.0699999809265135,1316.0,53.94143295288086,3322.0,43,POMCA_076,2,Magdalena Cauca,21,Alto Magdalena,2120,Río Bogotá,593295.0,1.1759910414479375e-06,-0.4834711282198113,-0.37288925277235757,-0.14960513730649305,-0.14811080560607803,-0.4734463480148229,-0.3633087906519029
"POLYGON ((4910446.335490786 2127123.556828376, 4910445.170159236 2126202.676535294, 4911368.475572365 2126201.5150970193, 4911369.628886255 2127122.3935279157, 4910446.335490786 2127123.556828376))",417537,1,1,1.2133333206176755,78.21522521972656,3.569652557373047,1.2699999809265137,962.0,41.54123306274414,3053.0,43,POMCA_076,2,Magdalena Cauca,21,Alto Magdalena,2120,Río Bogotá,593295.0,1.1761264482155024e-06,-0.4834711282198113,-0.4834711282198113,-0.14960513730649305,-0.14507261685379613,-0.4732933851802776,-0.4733189059481621
"POLYGON ((4886438.514037249 2126237.1002348997, 4886437.038586628 2125316.1649812246, 4887360.411089853 2125314.6928324904, 4887361.874538604 2126235.625721893, 4886438.514037249 2126237.1002348997))",418473,1,1,0.9104166984558104,80.71428680419922,3.353820037841797,1.05,1148.0,44.10902404785156,3427.0,43,POMCA_076,2,Magdalena Cauca,21,Alto Magdalena,2120,Río Bogotá,593295.0,1.1759699882393296e-06,-0.4834711282198113,-0.34892481403533504,-0.14960513730649305,-0.1477869657332012,-0.47347013086203843,-0.33944913842824415
"POLYGON ((4887361.874538604 2126235.625721893, 4887360.411089853 2125314.6928324904, 4888283.781232165 2125313.232707593, 4888285.232679202 2126234.163252033, 4887361.874538604 2126235.625721893))",418474,1,1,0.8833333015441894,80.0,3.511885070800781,1.05,1224.0,51.435489654541016,3477.0,43,POMCA_076,2,Magdalena Cauca,21,Alto Magdalena,2120,Río Bogotá,593295.0,1.1759760503254516e-06,-0.4834711282198113,-0.3786686967378267,-0.14960513730649305,-0.14818890526113843,-0.4734632828005038,-0.3690723270984112
"POLYGON ((4892901.988648409 2126227.0315445527, 4892900.597207662 2125306.1124352817, 4893823.953591074 2125304.724450197, 4893825.333031011 2126225.641330362, 4892901.988648409 2126227.0315445527))",418480,2,13,1.1208333015441894,78.59195709228516,2.960600280761718,1.159999942779541,1603.0,47.01224136352539,2969.846153846154,43,POMCA_076,2,Magdalena Cauca,21,Alto Magdalena,2120,Río Bogotá,593295.0,2.3520227595769706e-06,0.8499115468308588,-0.1595250654403435,0.06661648042787176,-0.13209474986272018,0.8550629159996954,-0.1505955892885289
"POLYGON ((4887360.411089853 2125314.6928324904, 4887358.950008922 2124393.7601752533, 4888282.332133532 2124392.302395441, 4888283.781232165 2125313.232707593, 4887360.411089853 2125314.6928324904))",419424,1,1,0.9104166984558104,79.82865905761719,3.414263916015625,1.0700000762939452,1272.0,45.883602142333984,3415.0,43,POMCA_076,2,Magdalena Cauca,21,Alto Magdalena,2120,Río Bogotá,593295.0,1.1759610838292736e-06,-0.4834711282198113,-0.3258474245242962,-0.14960513730649305,-0.14747511286789547,-0.47348018976697065,-0.3164612570848699
"POLYGON ((4888283.781232165 2125313.232707593, 4888282.332133532 2124392.302395441, 4889205.711916432 2124390.8566199997, 4889207.149032924 2125311.784606377, 4888283.781232165 2125313.232707593))",419425,1,1,0.8625,79.84127044677734,3.677326202392578,1.05,1685.0,62.27526092529297,3520.0,43,POMCA_076,2,Magdalena Cauca,21,Alto Magdalena,2120,Río Bogotá,593295.0,1.1759670963310477e-06,-0.4834711282198113,-0.31072307148992967,-0.14960513730649305,-0.1394449871461822,-0.47347339771860697,-0.3013821996448927
"POLYGON ((4912290.639675267 2125279.4893457703, 4912289.5020661075 2124358.613228396, 4913212.827760264 2124357.4795165053, 4913213.95339083 2125278.3538101083, 4912290.639675267 2125279.4893457703))",419451,1,1,1.230416679382324,78.10077667236328,3.701709365844727,1.2899999618530271,963.0,32.20643615722656,2870.0,43,POMCA_076,2,Magdalena Cauca,21,Alto Magdalena,2120,Río Bogotá,593295.0,1.1761059858221648e-06,-0.4834711282198113,-0.48347112821981136,-0.14960513730649305,-0.14579337838878026,-0.47331650061049424,-0.47332109903459224
"POLYGON ((4913213.95339083 2125278.3538101083, 4913212.827760264 2124357.4795165053, 4914136.151635427 2124356.357805292, 4914137.265287519 2125277.2302944297, 4913213.95339083 2125278.3538101083))",419452,1,1,1.1579166412353517,78.0666732788086,3.88153190612793,1.25,928.0,36.512882232666016,2958.0,43,POMCA_076,2,Magdalena Cauca,21,Alto Magdalena,2120,Río Bogotá,593295.0,1.1761106570720936e-06,-0.4834711282198113,-0.48347112821981125,-0.14960513730649305,-0.14513654286964012,-0.47331122371301837,-0.4733243471516975
"POLYGON ((4882742.003582579 2124401.229145336, 4882740.485052763 2123480.284704164, 4883663.891140013 2123478.769341923, 4883665.397706166 2124399.7113413243, 4882742.003582579 2124401.229145336))",420374,1,1,0.9908332824707032,81.77570343017578,2.8590627670288087,1.0699999809265135,1239.0,45.188873291015625,3255.0,43,POMCA_076,2,Magdalena Cauca,21,Alto Magdalena,2120,Río Bogotá,593295.0,1.1759153340160377e-06,-0.4834711282198113,0.2531635967997364,-0.14960513730649305,-0.11789682831285063,-0.4735318712393102,0.2603021176001615
"POLYGON ((4886435.565523246 2124395.229959591, 4886434.094847132 2123474.2951696264, 4887357.491295841 2123472.827749809, 4887358.950008922 2124393.7601752533, 4886435.565523246 2124395.229959591))",420378,2,2,0.8479166984558105,80.98705291748047,3.427550506591797,1.0300000190734864,1222.0,49.4947509765625,3527.0,43,POMCA_076,2,Magdalena Cauca,21,Alto Magdalena,2120,Río Bogotá,593295.0,2.351880159424945e-06,0.8499115468308588,-0.4834711282198113,-0.13158666916196265,-0.14960513730649305,0.854901827127605,-0.4735093970987755
"POLYGON ((4906749.508618295 2124365.6675207987, 4906748.301095111 2123444.780289541, 4907671.650069655 2123443.57651072, 4907672.845632917 2124364.461802271, 4906749.508618295 2124365.6675207987))",420400,1,2,1.3270833015441894,78.50877380371094,3.5320503234863283,1.329999923706055,1032.0,38.80906295776367,2813.0,43,POMCA_076,2,Magdalena Cauca,21,Alto Magdalena,2120,Río Bogotá,593295.0,1.1760619747266187e-06,-0.4834711282198113,-0.48347112821981125,-0.13158666916196265,-0.14960513730649302,-0.47336621793295336,-0.4733284724024711
"POLYGON ((4909519.513876106 2124362.0863693445, 4909518.342232307 2123441.204899286, 4910441.685459134 2123440.0370664205, 4910442.845143386 2124360.9166546934, 4909519.513876106 2124362.0863693445))",420403,1,1,1.2649999618530274,77.86258697509766,3.5611545562744142,1.3100000381469727,936.0,42.6298942565918,2819.0,43,POMCA_076,2,Magdalena Cauca,21,Alto Magdalena,2120,Río Bogotá,593295.0,1.1760767338865604e-06,-0.4834711282198113,-0.4834711282198113,-0.14960513730649305,-0.14245742433889114,-0.4733495451847533,-0.47332674042636935
"POLYGON ((4885510.6960178325 2123475.774574813, 4885509.215785246 2122554.8376321862, 4886432.626558316 2122553.360610957, 4886434.094847132 2123474.2951696264, 4885510.6960178325 2123475.774574813))",421346,1,1,0.906666660308838,80.6603775024414,3.1646732330322265,1.0600000381469727,1128.0,49.20931243896485,3357.0,43,POMCA_076,2,Magdalena Cauca,21,Alto Magdalena,2120,Río Bogotá,593295.0,1.1759190503777436e-06,-0.4834711282198113,-0.20828619431123682,-0.14960513730649305,-0.1425721828053732,-0.47352767303540244,-0.19936904844884304
"POLYGON ((4913211.703953914 2123436.6054577506, 4913210.581971805 2122515.731633466, 4914133.929745677 2122514.6135314684, 4914135.039788138 2123435.4855510984, 4913211.703953914 2123436.6054577506))",421374,1,2,1.2704166412353517,77.71464538574219,3.869804763793945,1.3199999809265135,974.0,33.602901458740234,2907.0,43,POMCA_076,2,Magdalena Cauca,21,Alto Magdalena,2120,Río Bogotá,593295.0,1.1760808020144757e-06,-0.4834711282198113,-0.4834711282198113,-0.13158666916196265,-0.14960513730649305,-0.47334494960664153,-0.473321267570612
"POLYGON ((4879968.700066711 2122563.951055598, 4879967.150691437 2121642.9996336643, 4880890.5880809715 2121641.4533127383, 4880892.125530937 2122562.402234699, 4879968.700066711 2122563.951055598))",422291,1,1,1.1449999809265137,82.88690185546875,2.7797967910766603,1.1200000762939453,1139.0,48.09503555297852,3279.0,285,POMCA_099,2,Magdalena Cauca,23,Medio Magdalena,2306,Río Negro,457211.0,1.175866442019089e-06,-0.4834711282198113,1.8369134706119128,-0.14960513730649305,-0.037757630765791986,-0.4735871022929299,1.8379884108954914
"POLYGON ((4880892.125530937 2122562.402234699, 4880890.5880809715 2121641.4533127383, 4881814.022973398 2121639.9189395118, 4881815.548498217 2122560.865380815, 4880892.125530937 2122562.402234699))",422292,3,8,1.1087499618530274,81.91964721679688,2.6724594116210936,1.1199999809265138,1122.0,43.67621994018555,3148.0,285,POMCA_099,2,Magdalena Cauca,23,Medio Magdalena,2306,Río Negro,457211.0,3.5276185563659266e-06,2.1832942218815288,0.3218623818833288,-0.02347586029478025,-0.10970170444125218,2.1830797396065726,0.3286854135423598
"POLYGON ((4886432.626558316 2122553.360610957, 4886431.160656826 2121632.426283211, 4887354.580973342 2121630.9635928045, 4887356.034950638 2122551.895555783, 4886432.626558316 2122553.360610957))",422298,1,1,0.8054166793823242,80.50161743164062,3.544895553588867,1.0300000190734864,1262.0,47.78066253662109,3617.0,43,POMCA_076,2,Magdalena Cauca,21,Alto Magdalena,2120,Río Bogotá,593295.0,1.1759102696845635e-06,-0.4834711282198113,-0.36760702956346836,-0.14960513730649305,-0.14803942506964046,-0.47353759218303626,-0.3580925994702702
"POLYGON ((4887356.034950638 2122551.895555783, 4887354.580973342 2121630.9635928045, 4888277.998928327 2121629.5128489845, 4888279.440981584 2122550.44246651, 4887356.034950638 2122551.895555783))",422299,1,1,0.8383333206176757,80.31745910644531,3.582363510131836,1.05,1475.0,54.01048278808594,3445.0,43,POMCA_076,2,Magdalena Cauca,21,Alto Magdalena,2120,Río Bogotá,593295.0,1.1759163320982361e-06,-0.4834711282198113,-0.3728090241882203,-0.14960513730649305,-0.148109721449058,-0.47353074375148274,-0.3632741847089028
"POLYGON ((4884584.312861724 2121635.3875044044, 4884582.825537574 2120714.448619481, 4885506.262540342 2120712.9644389567, 4885507.737959406 2121633.9009203585, 4884584.312861724 2121635.3875044044))",423259,1,1,0.8795833587646484,80.3968276977539,3.2645362854003905,1.05,1285.0,48.84058380126953,3484.0,43,POMCA_076,2,Magdalena Cauca,21,Alto Magdalena,2120,Río Bogotá,593295.0,1.1758831275962722e-06,-0.4834711282198113,0.04042054443864587,-0.14960513730649305,-0.12845917872400223,-0.4735682533592476,0.04834605454977211
"POLYGON ((4885507.737959406 2121633.9009203585, 4885506.262540342 2120712.9644389567, 4886429.697142691 2120711.492186015, 4886431.160656826 2121632.426283211, 4885507.737959406 2121633.9009203585))",423260,1,1,0.8162500381469726,80.66343688964844,3.504056930541992,1.0299999237060546,1353.0,52.84456634521485,3589.0,43,POMCA_076,2,Magdalena Cauca,21,Alto Magdalena,2120,Río Bogotá,593295.0,1.1758892894315225e-06,-0.4834711282198113,-0.08420193761028558,-0.14960513730649305,-0.1341674228675619,-0.47356129261568336,-0.07579275274121457
"POLYGON ((4888277.998928327 2121629.5128489845, 4888276.559223589 2120708.5834622546, 4889199.986740875 2120707.146991127, 4889201.414541146 2121628.0740515967, 4888277.998928327 2121629.5128489845))",423263,1,1,0.93125,79.65465545654297,3.4780155181884767,1.1100000381469726,1855.0,58.18631362915039,3488.0,43,POMCA_076,2,Magdalena Cauca,21,Alto Magdalena,2120,Río Bogotá,593295.0,1.1759074769267623e-06,-0.4834711282198113,-0.38795362868525946,-0.14960513730649305,-0.1483143758058285,-0.47354074703383986,-0.37836638377315496
"POLYGON ((4917826.242478194 2121589.3959822487, 4917825.183647581 2120668.5314568994, 4918748.546435589 2120667.476579984, 4918749.593365953 2121588.339397033, 4917826.242478194 2121589.3959822487))",423294,1,1,1.3362500190734865,78.13282775878906,4.090592956542968,1.3300000190734864,1087.0,43.08255386352539,2811.0,43,POMCA_076,2,Magdalena Cauca,21,Alto Magdalena,2120,Río Bogotá,593295.0,1.1760736576767201e-06,-0.4834711282198113,-0.4834711282198113,-0.14960513730649305,-0.14432517008490137,-0.4733530202383661,-0.4733778731832919
"POLYGON ((4880889.053134884 2120720.5046205674, 4880887.520692705 2119799.5561578143, 4881810.97937716 2119798.0267462903, 4881812.499933035 2120718.972728127, 4880889.053134884 2120720.5046205674))",424218,4,12,1.0604166984558103,81.00601196289062,2.7589393615722657,1.109999942779541,1222.0,42.03736877441406,3122.1666666666665,285,POMCA_099,2,Magdalena Cauca,23,Medio Magdalena,2306,Río Negro,457211.0,4.703372558297818e-06,3.5166768969321986,0.48887724583201775,0.04859801228334135,-0.10947518388330876,3.511275280330314,0.495039283732204
"POLYGON ((4887353.129363983 2120710.031860499, 4887351.680122589 2119789.100358494, 4888275.121867396 2119787.6543059465, 4888276.559223589 2120708.5834622546, 4887353.129363983 2120710.031860499))",424225,1,1,0.9566666603088378,80.030029296875,3.2844905853271484,1.1100000381469726,1810.0,55.91923904418945,3418.0,43,POMCA_076,2,Magdalena Cauca,21,Alto Magdalena,2120,Río Bogotá,593295.0,1.175886620722698e-06,-0.4834711282198113,-0.33542180479368894,-0.14960513730649305,-0.1458155133502608,-0.47356430733402943,-0.3260617703518378
"POLYGON ((4916900.7501525935 2119748.732237432, 4916899.68291495 2118827.866451508, 4917823.071168102 2118826.8031072095, 4917824.12654421 2119747.667165346, 4916900.7501525935 2119748.732237432))",425193,1,1,1.2362500190734864,78.50528717041016,3.826493835449219,1.2600000381469727,985.0,39.705753326416016,2822.0,43,POMCA_076,2,Magdalena Cauca,21,Alto Magdalena,2120,Río Bogotá,593295.0,1.1760395769826211e-06,-0.4834711282198113,-0.48347112821981125,-0.14960513730649305,-0.14569817436029575,-0.4733915196403266,-0.47341173569095407
"POLYGON ((4735857.634029245 2119265.9414011026, 4735854.243721096 2118344.3640087126, 4736778.355733506 2118340.9731078446, 4736781.734153314 2119262.544981372, 4735857.634029245 2119265.9414011026))",425953,1,2,0.7287499904632568,86.89236450195312,1.746750640869141,0.959999942779541,1448.0,44.95185089111328,3668.0,21,POMCA_149,2,Magdalena Cauca,26,Cauca,2615,Río Chinchiná,105459.0,1.1741992778866025e-06,-0.4834711282198113,0.0,-0.13158666916196265,0.0,-0.47547042139095963,0.0
"POLYGON ((4877190.508553693 2117963.876422193, 4877188.936309636 2117042.9185270467, 4878112.440644397 2117041.3491536425, 4878114.001059761 2117962.304490202, 4877190.508553693 2117963.876422193))",427062,2,2,0.8520833015441894,81.08332824707031,2.96539363861084,1.0,882.0,43.740867614746094,3553.0,43,POMCA_076,2,Magdalena Cauca,21,Alto Magdalena,2120,Río Bogotá,593295.0,2.3515456304945635e-06,0.8499115468308588,0.3315012034517676,-0.13158666916196265,-0.09696602381869121,0.8545239250895548,0.3381580099637436
"POLYGON ((4925209.157880173 2117897.873479348, 4925208.20053641 2116977.0230154227, 4926131.597643572 2116976.0697337124, 4926132.543165586 2117896.9186434736, 4925209.157880173 2117897.873479348))",427110,1,2,1.3074999809265138,78.45528411865234,4.120349502563476,1.230000114440918,1768.0,60.80634689331055,2813.0,38,POMCA_256,3,Orinoco,35,Meta,3507,Río Garagoa,248714.0,1.1760480387990157e-06,-0.4834711282198113,-0.4834711282198113,-0.13158666916196265,-0.13572142069987578,-0.47338196071321836,-0.47340609714860016
"POLYGON ((4883653.413654183 2117032.1817910024, 4883651.926653313 2116111.24162853, 4884575.425310786 2116109.75763634, 4884576.900503516 2117030.6953753466, 4883653.413654183 2117032.1817910024))",428028,3,6,1.0333333015441897,79.16666412353516,2.831104278564453,1.1200000762939453,1329.0,43.23028564453125,3247.0,43,POMCA_076,2,Magdalena Cauca,21,Alto Magdalena,2120,Río Bogotá,593295.0,3.527408831153041e-06,2.1832942218815288,0.037024010087669125,-0.05951279658384105,-0.12000303154107417,2.1828428226221743,0.04486196622144414
"POLYGON ((4885500.384932428 2117029.220810157, 4885498.92154768 2116108.285475295, 4886422.415383376 2116106.825145239, 4886423.866960295 2117027.7580952765, 4885500.384932428 2117029.220810157))",428030,1,1,0.9966666221618652,78.76106262207031,2.918072509765625,1.1300000190734862,1655.0,49.83005142211914,3259.0,43,POMCA_076,2,Magdalena Cauca,21,Alto Magdalena,2120,Río Bogotá,593295.0,1.175815317897221e-06,-0.4834711282198113,0.39481374811595216,-0.14960513730649305,-0.11527576498629903,-0.4736448548760187,0.40126968019503406
"POLYGON ((4922437.99972835 2116979.9539296, 4922437.008548985 2116059.09892003, 4923360.422221444 2116058.1117158737, 4923361.401598163 2116978.9651132636, 4922437.99972835 2116979.9539296))",428069,1,1,1.2520833015441897,77.66393280029297,3.840326690673828,1.2200000762939454,1254.0,59.099700927734375,2866.0,43,POMCA_076,2,Magdalena Cauca,21,Alto Magdalena,2120,Río Bogotá,593295.0,1.1760210700353747e-06,-0.4834711282198113,-0.4834711282198113,-0.14960513730649305,-0.13158666916196265,-0.47341242609249673,-0.47341967807212976
"POLYGON ((4926131.597643572 2116976.0697337124, 4926130.65367417 2116055.22105699, 4927054.061034747 2116054.2811548826, 4927054.993201911 2116975.128296673, 4926131.597643572 2116976.0697337124))",428073,1,2,1.1512499809265138,77.9970703125,3.937725067138672,1.140000057220459,1860.0,67.73397064208984,3084.0,38,POMCA_256,3,Orinoco,35,Meta,3507,Río Garagoa,248714.0,1.176037272793463e-06,-0.4834711282198113,-0.4834711282198113,-0.13158666916196265,-0.135121357750692,-0.47339412257747154,-0.4733984687588221
"POLYGON ((4878110.882791332 2116120.394044624, 4878109.327500597 2115199.4391627754, 4879032.852878101 2115197.8867198913, 4879034.396379155 2116118.8390622125, 4878110.882791332 2116120.394044624))",428996,1,1,0.8262499809265137,79.49346923828125,3.2271923065185546,1.0199999809265137,1259.0,41.46097946166992,3510.0,43,POMCA_076,2,Magdalena Cauca,21,Alto Magdalena,2120,Río Bogotá,593295.0,1.1757499078944682e-06,-0.4834711282198113,-0.1451628298873817,-0.14960513730649305,-0.1285487061688623,-0.4737187455655951,-0.13674067975278803
"POLYGON ((4882728.4255558895 2116112.7374520227, 4882726.929211938 2115191.7950745793, 4883650.442098238 2115190.301693999, 4883651.926653313 2116111.24162853, 4882728.4255558895 2116112.7374520227))",429001,1,2,1.1612500190734862,78.92156982421875,2.6639429092407227,1.1899999618530273,1322.0,43.41598892211914,3003.0,43,POMCA_076,2,Magdalena Cauca,21,Alto Magdalena,2120,Río Bogotá,593295.0,1.1757819614070344e-06,-0.4834711282198113,1.1108162154366001,-0.13158666916196265,-0.08822478632473278,-0.47368253617792977,1.1145089529281975
"POLYGON ((4886422.415383376 2116106.825145239, 4886420.966193987 2115185.8924235143, 4887344.469436106 2115184.446289918, 4887345.906837242 2116105.3766460167, 4886422.415383376 2116106.825145239))",429005,2,4,1.0945833206176758,79.59039306640625,2.623827362060547,1.180000114440918,1496.0,46.28130722045898,3114.0,43,POMCA_076,2,Magdalena Cauca,21,Alto Magdalena,2120,Río Bogotá,593295.0,2.3516134201971614e-06,0.8499115468308588,-0.14210158599454506,-0.09554973287290185,-0.13624957330437884,0.8546005040172467,-0.13358951141232897
"POLYGON ((4887345.906837242 2116105.3766460167, 4887344.469436106 2115184.446289918, 4888267.97031562 2115183.011967681, 4888269.395928656 2116103.9399774754, 4887345.906837242 2116105.3766460167))",429006,1,1,1.244166660308838,79.92125701904297,2.728913497924805,1.2700000762939454,1242.0,40.59225463867188,2990.0,43,POMCA_076,2,Magdalena Cauca,21,Alto Magdalena,2120,Río Bogotá,593295.0,1.175812773083392e-06,-0.4834711282198113,0.46375899550266697,-0.14960513730649305,-0.11157133933360082,-0.4736477296358529,0.4699395080236633
"POLYGON ((4915049.638992598 2116067.422290099, 4915048.555173768 2115146.553919465, 4915971.994183697 2115145.4738728767, 4915973.06621842 2116066.340476737, 4915049.638992598 2116067.422290099))",429035,1,1,1.0804166793823242,78.37643432617188,3.804652404785157,1.1600000381469726,1636.0,62.53997421264648,3204.0,43,POMCA_076,2,Magdalena Cauca,21,Alto Magdalena,2120,Río Bogotá,593295.0,1.1759715611587902e-06,-0.4834711282198113,-0.48347112821981136,-0.14960513730649305,-0.14302758902454069,-0.47346835400683734,-0.4734898920908083
"POLYGON ((4923360.422221444 2116058.1117158737, 4923359.444455591 2115137.2585508996, 4924282.868304161 2115136.2847653595, 4924283.834286885 2116057.1363373837, 4923360.422221444 2116058.1117158737))",429044,1,2,1.212916660308838,76.875,3.933876037597656,1.2,1658.0,68.72969055175781,2919.0,43,POMCA_076,2,Magdalena Cauca,21,Alto Magdalena,2120,Río Bogotá,593295.0,1.176010477601917e-06,-0.4834711282198113,-0.4834711282198113,-0.13158666916196265,-0.1389510136909654,-0.47342439188028984,-0.4734139979158992
"POLYGON ((4740464.788885027 2115562.879817673, 4740461.479856806 2114641.33061228, 4741385.611792574 2114638.020954042, 4741388.909012175 2115559.5647363695, 4740464.788885027 2115562.879817673))",429805,2,11,0.6683333396911622,86.0,1.736418342590332,1.0,1364.0,48.74982833862305,3820.0,21,POMCA_149,2,Magdalena Cauca,26,Cauca,2615,Río Chinchiná,105459.0,2.3484210314219825e-06,0.8499115468308588,-0.4834711282198113,0.030579544138810952,-0.14960513730649305,0.8509942083733603,-0.4755074344421442
"POLYGON ((4877185.799566717 2115201.0034186095, 4877184.235067918 2114280.0462045767, 4878107.774772221 2114278.4845077256, 4878109.327500597 2115199.4391627754, 4877185.799566717 2115201.0034186095))",429951,1,3,0.96875,79.70679473876953,2.7479331970214838,1.079999923706055,1174.0,43.77699661254883,3342.0,43,POMCA_076,2,Magdalena Cauca,21,Alto Magdalena,2120,Río Bogotá,593295.0,1.1757286515607717e-06,-0.4834711282198113,-0.2053507359087326,-0.11356820101743226,-0.1458467988167485,-0.4737427578739363,-0.1967013270460195
"POLYGON ((4914125.114382402 2115147.6457733917, 4914124.020584375 2114226.7758478303, 4915047.473140548 2114225.6857800838, 4915048.555173768 2115146.553919465, 4914125.114382402 2115147.6457733917))",429990,1,1,1.0412500381469727,78.14327239990234,3.908760070800781,1.140000057220459,1855.0,61.71571731567383,3305.0,43,POMCA_076,2,Magdalena Cauca,21,Alto Magdalena,2120,Río Bogotá,593295.0,1.1759522950277794e-06,-0.4834711282198113,-0.4834711282198113,-0.14960513730649305,-0.14335166479204126,-0.4734901180741963,-0.47349624379344757
"POLYGON ((4915048.555173768 2115146.553919465, 4915047.473140548 2114225.6857800838, 4915970.92391517 2114224.607500361, 4915971.994183697 2115145.4738728767, 4915048.555173768 2115146.553919465))",429991,1,2,1.1008333206176757,77.54237365722656,3.848455047607422,1.1799999237060548,1739.0,64.65615844726562,3110.0,43,POMCA_076,2,Magdalena Cauca,21,Alto Magdalena,2120,Río Bogotá,593295.0,1.1759568675875416e-06,-0.4834711282198113,-0.4834711282198113,-0.13158666916196265,-0.14960513730649305,-0.47348495266248947,-0.473488059031565
"POLYGON ((4871642.942069518 2114289.6640611803, 4871641.309643014 2113368.6913129026, 4872564.876845542 2113367.0615258506, 4872566.497520033 2114288.031599054, 4871642.942069518 2114289.6640611803))",430887,2,3,0.9454166412353516,82.11974334716797,2.615151596069336,1.0299999237060546,1263.0,37.98802947998047,3357.0,43,POMCA_076,2,Magdalena Cauca,21,Alto Magdalena,2120,Río Bogotá,593295.0,2.351347154254954e-06,0.8499115468308588,-0.29247635075750766,-0.11356820101743226,-0.13802570781488105,0.8542997155559654,-0.2836227504972603
"POLYGON ((4912277.110049883 2114228.9913478573, 4912275.994565766 2113308.118022583, 4913199.462488785 2113307.006203348, 4913200.566227276 2114227.8777037156, 4912277.110049883 2114228.9913478573))",430929,1,1,1.0975000381469726,77.63533020019531,3.664944458007812,1.169999885559082,1394.0,47.21923828125,3233.0,43,POMCA_076,2,Magdalena Cauca,21,Alto Magdalena,2120,Río Bogotá,593295.0,1.1759283316821652e-06,-0.4834711282198113,-0.4834711282198113,-0.14960513730649305,-0.14684610380198115,-0.47351718837013684,-0.47350745992302296
"POLYGON ((4921511.592235006 2114218.3853642, 4921510.594202029 2113297.529418746, 4922434.044792648 2113296.5352837993, 4922435.031081114 2114217.389597509, 4921511.592235006 2114218.3853642))",430939,1,2,1.2379166603088378,77.61708068847656,3.910696792602539,1.209999942779541,1311.0,51.44780731201172,2826.0,43,POMCA_076,2,Magdalena Cauca,21,Alto Magdalena,2120,Río Bogotá,593295.0,1.1759728156251753e-06,-0.4834711282198113,-0.4834711282198113,-0.13158666916196265,-0.14009886093203855,-0.47346693689351604,-0.4734187390645478
"POLYGON ((4898423.744097617 2113326.207666967, 4898422.454549369 2112405.3048786046, 4899345.963831436 2112404.0186252263, 4899347.24165157 2113324.919298793, 4898423.744097617 2113326.207666967))",431887,1,1,1.1649999618530271,78.68852233886719,2.763396644592285,1.2200000762939454,1180.0,34.691619873046875,3005.0,43,POMCA_076,2,Magdalena Cauca,21,Alto Magdalena,2120,Río Bogotá,593295.0,1.175837643550358e-06,-0.4834711282198113,0.0,-0.14960513730649305,0.0,-0.4736196346063945,0.0
"POLYGON ((4911352.524802964 2113309.2416108744, 4911351.399436418 2112388.3666715, 4912274.880925549 2112387.2449275265, 4912275.994565766 2113308.118022583, 4911352.524802964 2113309.2416108744))",431901,1,1,1.1649999618530271,77.3611068725586,3.470655822753906,1.2,1347.0,46.13652801513672,3015.0,43,POMCA_076,2,Magdalena Cauca,21,Alto Magdalena,2120,Río Bogotá,593295.0,1.1759089653797116e-06,-0.4834711282198113,-0.34900016777032017,-0.14960513730649305,-0.145603890787153,-0.47353906559659487,-0.3395552025854501
"POLYGON ((4915046.3928929595 2113304.817871578, 4915045.314431024 2112383.9501935686, 4915968.788676787 2112382.8754478483, 4915969.8554128595 2113303.741358811, 4915046.3928929595 2113304.817871578))",431905,1,1,1.1824999809265138,77.45901489257812,3.6149925231933593,1.2199999809265136,1727.0,63.98225402832031,3032.0,43,POMCA_076,2,Magdalena Cauca,21,Alto Magdalena,2120,Río Bogotá,593295.0,1.1759275542618014e-06,-0.4834711282198113,-0.2548967270282065,-0.14960513730649305,-0.12501586496904882,-0.4735180665863783,-0.24581185555087232
"POLYGON ((4740454.878182274 2112798.2327886624, 4740451.585536098 2111876.684169796, 4741375.752780808 2111873.3907824294, 4741379.033676824 2112794.9339773934, 4740454.878182274 2112798.2327886624))",432656,1,1,0.8120833396911621,86.38613891601562,1.6019628524780274,1.0100000381469727,1493.0,39.56070709228516,3446.0,21,POMCA_149,2,Magdalena Cauca,26,Cauca,2615,Río Chinchiná,105459.0,1.174166512949724e-06,-0.4834711282198113,0.35021787778909497,-0.14960513730649305,-0.03694581543067937,-0.4755074344421442,0.353836773809139
"POLYGON ((4866098.149082278 2112457.728346174, 4866096.451769968 2111536.739589736, 4867020.058865347 2111535.0447296607, 4867021.744463443 2112456.0306947683, 4866098.149082278 2112457.728346174))",432790,4,16,0.9766666412353516,83.33333587646484,2.648613739013672,1.0100000381469727,1477.0,37.00085067749024,3435.75,285,POMCA_099,2,Magdalena Cauca,23,Medio Magdalena,2306,Río Negro,457211.0,4.702408457083382e-06,3.5166768969321986,-0.17433968535267155,0.12067188486146295,-0.13159258229434306,3.5101861792668974,-0.16600457220289705
"POLYGON ((4867021.744463443 2112456.0306947683, 4867020.058865347 2111535.0447296607, 4867943.663171077 2111533.3616072917, 4867945.3370551355 2112454.3448004, 4867021.744463443 2112456.0306947683))",432791,2,2,0.9324999809265136,83.0,2.783882522583008,1.0,1455.0,34.32770919799805,3445.5,285,POMCA_099,2,Magdalena Cauca,23,Medio Magdalena,2306,Río Negro,457211.0,2.3512185407462703e-06,0.8499115468308588,0.28234534615404455,-0.13158666916196265,-0.0819075489562615,0.8541544267553917,0.288853010502146
"POLYGON ((4867945.3370551355 2112454.3448004, 4867943.663171077 2111533.3616072917, 4868867.264706545 2111531.6902224505, 4868868.926876745 2112452.67066289, 4867945.3370551355 2112454.3448004))",432792,1,3,0.9429166793823244,83.41584014892578,2.615151214599609,1.0100000381469727,1373.0,42.11426544189453,3268.3333333333335,285,POMCA_099,2,Magdalena Cauca,23,Medio Magdalena,2306,Río Negro,457211.0,1.1756163768062552e-06,-0.4834711282198113,0.26430865665734604,-0.11356820101743226,-0.10474279338407957,-0.4738695895309323,0.27089284126271324
"POLYGON ((4871639.679914908 2112447.718789741, 4871638.052885231 2111526.7464913256, 4872561.6435335055 2111525.122054834, 4872563.258850022 2112446.0916779004, 4871639.679914908 2112447.718789741))",432796,1,1,1.0491666793823242,80.90909576416016,2.539088249206543,1.1,1164.0,34.1188850402832,3188.0,43,POMCA_076,2,Magdalena Cauca,21,Alto Magdalena,2120,Río Bogotá,593295.0,1.1756443058682027e-06,-0.4834711282198113,-0.05970728859781519,-0.14960513730649305,-0.1252551712915615,-0.47383803934656177,-0.05177899988478428
"POLYGON ((4876257.548052673 2112439.700788657, 4876255.979587098 2111518.7416736954, 4877179.557062538 2111517.1759187714, 4877181.113815798 2112438.1324550286, 4876257.548052673 2112439.700788657))",432801,1,1,1.131666660308838,79.4871826171875,2.552479553222656,1.1699999809265136,1132.0,39.74285888671875,3025.0,43,POMCA_076,2,Magdalena Cauca,21,Alto Magdalena,2120,Río Bogotá,593295.0,1.1756780996350738e-06,-0.4834711282198113,-0.3789381712801727,-0.14960513730649305,-0.14195844669154334,-0.4737998640731723,-0.3696881599941856
"POLYGON ((4865172.8418655535 2111538.4461876974, 4865171.135673301 2110617.454843988, 4866094.757272683 2110615.7510568323, 4866096.451769968 2111536.739589736, 4865172.8418655535 2111538.4461876974))",433770,1,1,1.0579166412353516,83.57605743408203,2.658249282836914,1.0299999237060546,1563.0,31.7535343170166,3068.0,285,POMCA_099,2,Magdalena Cauca,23,Medio Magdalena,2306,Río Negro,457211.0,1.1755803091317181e-06,-0.4834711282198113,0.3703740278628251,-0.14960513730649305,-0.08662432456563032,-0.4739103335338493,0.376513866697088
"POLYGON ((4867020.058865347 2111535.0447296607, 4867018.37606285 2110614.058988231, 4867941.992063188 2110612.378638003, 4867943.663171077 2111533.3616072917, 4867020.058865347 2111535.0447296607))",433772,1,3,0.9858333587646483,82.68608856201172,2.794745445251465,1.0299999237060546,1285.0,38.38227844238281,3303.0,285,POMCA_099,2,Magdalena Cauca,23,Medio Magdalena,2306,Río Negro,457211.0,1.1755946711896476e-06,-0.4834711282198113,0.27372374130215377,-0.11356820101743226,-0.10065462440631827,-0.4738941093736371,0.2802614695339896
"POLYGON ((4867943.663171077 2111533.3616072917, 4867941.992063188 2110612.378638003, 4868865.605293088 2110610.710005971, 4868867.264706545 2111531.6902224505, 4867943.663171077 2111533.3616072917))",433773,1,2,1.0037500381469726,82.46031951904297,2.6468252182006835,1.05,1314.0,33.481937408447266,3224.0,285,POMCA_099,2,Magdalena Cauca,23,Medio Magdalena,2306,Río Negro,457211.0,1.1756017777174735e-06,-0.4834711282198113,0.09627002544563744,-0.13158666916196265,-0.10470774798273066,-0.47388608145406125,0.10352732583589822
"POLYGON ((4876255.979587098 2111518.7416736954, 4876254.413722855 2110597.782783785, 4877178.002891188 2110596.2196076973, 4877179.557062538 2111517.1759187714, 4876255.979587098 2111518.7416736954))",433782,1,1,1.1129166603088378,79.13105773925781,2.5713308334350584,1.169999885559082,1119.0,36.003631591796875,3010.0,43,POMCA_076,2,Magdalena Cauca,21,Alto Magdalena,2120,Río Bogotá,593295.0,1.1756635013641709e-06,-0.4834711282198113,-0.4834711282198113,-0.14960513730649305,-0.145600797715359,-0.4738163550723811,-0.4738067914902752
"POLYGON ((4865171.135673301 2110617.454843988, 4865169.432315538 2109696.463723303, 4866093.065590458 2109694.762747096, 4866094.757272683 2110615.7510568323, 4865171.135673301 2110617.454843988))",434712,1,2,1.0766666412353516,83.17460632324219,2.4893707275390624,1.05,1254.0,38.89827346801758,3203.0,285,POMCA_099,2,Magdalena Cauca,23,Medio Magdalena,2306,Río Negro,457211.0,1.1755657343650187e-06,-0.4834711282198113,0.07826993528461312,-0.13158666916196265,-0.1084249757589039,-0.47392679798143394,0.08558349758895974
"POLYGON ((4866094.757272683 2110615.7510568323, 4866093.065590458 2109694.762747096, 4867016.696055984 2109693.07347011, 4867018.37606285 2110614.058988231, 4866094.757272683 2110615.7510568323))",434713,1,1,1.0858333587646485,82.86604309082031,2.6270727157592773,1.0699999809265135,1079.0,44.10234451293945,3191.0,285,POMCA_099,2,Magdalena Cauca,23,Medio Magdalena,2306,Río Negro,457211.0,1.1755729403216562e-06,-0.4834711282198113,0.10941695549521033,-0.14960513730649305,-0.10041016791244631,-0.4739186577416756,0.11660613352396078
"POLYGON ((4931665.003393005 2109603.887229734, 4931664.141725332 2108683.049327228, 4932587.633913536 2108682.191730381, 4932588.483934842 2109603.0282132393, 4931665.003393005 2109603.887229734))",435735,1,1,1.212083339691162,77.27920532226562,4.234374237060547,1.1699999809265136,2104.0,59.844993591308594,2945.0,38,POMCA_256,3,Orinoco,35,Meta,3507,Río Garagoa,248714.0,1.1759430374681994e-06,-0.4834711282198113,0.0,-0.14960513730649305,0.0,-0.4735005759159999,0.0
"POLYGON ((4734896.410957282 2109131.9482094673, 4734893.07011413 2108210.3674107846, 4735817.317159914 2108207.025538014, 4735820.646328748 2109128.600795314, 4734896.410957282 2109131.9482094673))",436478,1,1,0.9337499618530274,86.92982482910156,1.82314567565918,0.95,1772.0,39.63095474243164,3095.0,21,POMCA_149,2,Magdalena Cauca,26,Cauca,2615,Río Chinchiná,105459.0,1.174023722744565e-06,-0.4834711282198113,-0.4834711282198113,-0.14960513730649305,-0.14960513730649305,-0.4756687380085702,-0.4756536330092239
"POLYGON ((4737669.100448653 2109121.9411193808, 4737665.794627396 2108200.3768866556, 4738590.025088 2108197.0701073613, 4738593.319235996 2109118.628856892, 4737669.100448653 2109121.9411193808))",436481,1,1,0.6637499809265137,86.79077911376953,1.8106380462646483,0.940000057220459,1544.0,45.01845169067383,3647.0,21,POMCA_149,2,Magdalena Cauca,26,Cauca,2615,Río Chinchiná,105459.0,1.1740661780882655e-06,-0.4834711282198113,-0.48347112821981125,-0.14960513730649305,-0.09174985552283113,-0.4756207781478423,-0.47564361543323336
"POLYGON ((4869785.928545606 2108767.0987967807, 4869784.289038548 2107846.1219838657, 4870707.931751409 2107844.4849309674, 4870709.559622669 2108765.4590293206, 4869785.928545606 2108767.0987967807))",436621,1,3,1.025,80.50595092773438,2.584921455383301,1.1199999809265138,1166.0,27.934192657470703,3257.0,43,POMCA_076,2,Magdalena Cauca,21,Alto Magdalena,2120,Río Bogotá,593295.0,1.1755721926887428e-06,-0.4834711282198113,-0.3663014401099931,-0.11356820101743226,-0.13148943003143565,-0.4739195023083963,-0.35719985758172323
"POLYGON ((4877174.902294336 2108754.3076596158, 4877173.3558688965 2107833.352021866, 4878096.977422279 2107831.8082415666, 4878098.512213267 2108752.761319417, 4877174.902294336 2108754.3076596158))",436629,1,1,1.0316666603088378,79.53216552734375,2.587850570678711,1.1399999618530274,1210.0,39.61507034301758,3252.0,43,POMCA_076,2,Magdalena Cauca,21,Alto Magdalena,2120,Río Bogotá,593295.0,1.1756264642586816e-06,-0.4834711282198113,-0.48347112821981125,-0.14960513730649305,-0.14717922719864573,-0.47385819419712266,-0.47386189548265645
"POLYGON ((4913193.971164023 2108702.652148628, 4913192.878372761 2107781.782024462, 4914116.414540693 2107780.6928096437, 4914117.495702941 2108701.561127667, 4913193.971164023 2108702.652148628))",436667,2,2,1.1095833778381348,76.76553344726562,3.7626033782958985,1.1800000190734865,1537.0,54.29033279418945,3014.5,43,POMCA_076,2,Magdalena Cauca,21,Alto Magdalena,2120,Río Bogotá,593295.0,2.351691011583972e-06,0.8499115468308588,0.4412908271185563,-0.13158666916196265,-0.02894438534750509,0.8546881554594626,0.447614735880081
"POLYGON ((4914117.495702941 2108701.561127667, 4914116.414540693 2107780.6928096437, 4915039.948906893 2107779.6152477255, 4915041.018440241 2108700.4817789285, 4914117.495702941 2108701.561127667))",436668,2,13,1.1516666412353516,76.85950469970703,3.663910293579101,1.2100000381469729,1586.0,52.80879211425781,3010.4615384615386,43,POMCA_076,2,Magdalena Cauca,21,Alto Magdalena,2120,Río Bogotá,593295.0,2.3517002569508715e-06,0.8499115468308588,0.44328684362258375,0.06661648042787176,-0.09956261225171661,0.8546985995277525,0.4496022174354465
"POLYGON ((4735817.317159914 2108207.025538014, 4735813.993549605 2107285.4504729, 4736738.246702016 2107282.1258205753, 4736741.558657852 2108203.695363422, 4735817.317159914 2108207.025538014))",437439,1,1,0.7662499904632568,86.64874267578125,1.7853582382202149,0.9300000190734864,1852.0,35.27214813232422,3482.0,21,POMCA_149,2,Magdalena Cauca,26,Cauca,2615,Río Chinchiná,105459.0,1.174023403377763e-06,-0.4834711282198113,-0.4834711282198113,-0.14960513730649305,-0.14960513730649305,-0.47566909878264513,-0.47565081085348754
"POLYGON ((4870707.931751409 2107844.4849309674, 4870706.306598167 2106923.511055376, 4871629.958214425 2106921.888357513, 4871631.571751468 2107842.85953774, 4870707.931751409 2107844.4849309674))",437583,1,2,1.2,80.30303192138672,2.705215072631836,1.209999942779541,1215.0,34.368309020996094,2893.0,43,POMCA_076,2,Magdalena Cauca,21,Alto Magdalena,2120,Río Bogotá,593295.0,1.175564650094002e-06,-0.4834711282198113,-0.4834711282198113,-0.13158666916196265,-0.12324777821083724,-0.473928022832829,-0.4738989466793212
"POLYGON ((4877173.3558688965 2107833.352021866, 4877171.812025489 2106912.3966078158, 4878095.445193898 2106910.8553875457, 4878096.977422279 2107831.8082415666, 4877173.3558688965 2107833.352021866))",437590,1,1,1.0591666221618652,79.31034851074219,2.565800666809082,1.159999942779541,1189.0,39.692020416259766,3223.0,43,POMCA_076,2,Magdalena Cauca,21,Alto Magdalena,2120,Río Bogotá,593295.0,1.1756119644827885e-06,-0.4834711282198113,-0.4834711282198113,-0.14960513730649305,-0.14635888841205916,-0.47387457393102206,-0.4738590130887848
"POLYGON ((4912269.34038372 2107782.8828922957, 4912268.2378073605 2106862.0111706136, 4913191.787406115 2106860.9121283386, 4913192.878372761 2107781.782024462, 4912269.34038372 2107782.8828922957))",437626,3,17,1.0733333587646483,77.19298553466797,3.700941848754882,1.1399999618530274,1249.0,50.275875091552734,3168.294117647059,43,POMCA_076,2,Magdalena Cauca,21,Alto Magdalena,2120,Río Bogotá,593295.0,3.5274790093921827e-06,2.1832942218815288,0.1227919128293056,0.13869035300599336,-0.10651653776488178,2.1829220997703964,0.1303301853892837
"POLYGON ((4913192.878372761 2107781.782024462, 4913191.787406115 2106860.9121283386, 4914115.335183644 2106859.824719755, 4914116.414540693 2107780.6928096437, 4913192.878372761 2107781.782024462))",437627,1,1,1.087916660308838,76.56694793701172,3.744440460205078,1.170000076293945,1612.0,49.36565399169922,3157.0,43,POMCA_076,2,Magdalena Cauca,21,Alto Magdalena,2120,Río Bogotá,593295.0,1.1758310089002837e-06,-0.4834711282198113,1.0770845124336461,-0.14960513730649305,-0.004695958787608357,-0.47362712946724855,1.0809711058685916
"POLYGON ((4918734.06874197 2107775.4215267883, 4918733.047431213 2106854.5621782215, 4919656.584688373 2106853.5445694095, 4919657.594390202 2107774.402227681, 4918734.06874197 2107775.4215267883))",437633,2,2,1.05625,76.59420776367188,4.129302978515625,1.1499999046325684,1559.0,54.10465621948242,3202.0,43,POMCA_076,2,Magdalena Cauca,21,Alto Magdalena,2120,Río Bogotá,593295.0,2.351715999840687e-06,0.8499115468308588,-0.332373526284419,-0.13158666916196265,-0.12510311809058258,0.854716383550615,-0.3231114826503319
"POLYGON ((4902109.066477125 2106874.868493537, 4902107.838243585 2105953.975641758, 4903031.420746645 2105952.750659143, 4903032.637388537 2106873.6414726833, 4902109.066477125 2106874.868493537))",438592,1,1,1.1945833206176757,78.34700012207031,2.995894241333008,1.2199999809265136,983.0,38.18465423583984,3064.0,43,POMCA_076,2,Magdalena Cauca,21,Alto Magdalena,2120,Río Bogotá,593295.0,1.1757571868573326e-06,-0.4834711282198113,-0.4834711282198113,-0.14960513730649305,-0.14960513730649305,-0.47371052285404003,-0.4737550989694438
"POLYGON ((4922427.186423977 2106850.561540008, 4922426.213178771 2105929.709065222, 4923349.755399035 2105928.739600502, 4923350.717055149 2106849.590462201, 4922427.186423977 2106850.561540008))",438614,1,1,0.912083339691162,75.4761962890625,4.418238830566406,1.05,2119.0,55.21275329589844,3357.0,38,POMCA_256,3,Orinoco,35,Meta,3507,Río Garagoa,248714.0,1.1758605282827712e-06,-0.4834711282198113,0.1832241422128067,-0.14960513730649305,-0.14059585008747116,-0.4735937827704732,0.1905474559489495
"POLYGON ((4916884.925000707 2105935.7697359086, 4916883.883965727 2105014.9074044554, 4917807.4478122005 2105013.869987643, 4917808.477276867 2105934.73058998, 4916884.925000707 2105935.7697359086))",439571,1,1,1.0574999809265138,76.52174377441406,4.087120437622071,1.1499999046325684,1612.0,55.86549377441406,3100.0,43,POMCA_076,2,Magdalena Cauca,21,Alto Magdalena,2120,Río Bogotá,593295.0,1.1758202821702779e-06,-0.4834711282198113,0.18315094135657894,-0.14960513730649305,-0.0871251363859694,-0.47363924696371196,0.19042314608902197
"POLYGON ((4918732.027828593 2105933.7030578544, 4918731.009934131 2105012.844165308, 4919654.570350901 2105011.829937343, 4919655.576675266 2105932.687139423, 4918732.027828593 2105933.7030578544))",439573,1,1,0.8941666603088378,76.57232666015625,4.399553298950195,1.0600000381469727,1637.0,50.258209228515625,3309.0,43,POMCA_076,2,Magdalena Cauca,21,Alto Magdalena,2120,Río Bogotá,593295.0,1.175829080623477e-06,-0.4834711282198113,0.1055338424849156,-0.14960513730649305,-0.10972287725476021,-0.47362930775339646,0.11308737955967972
"POLYGON ((4739504.435517515 2105429.1163265435, 4739501.174965087 2104507.56381211, 4740425.440961527 2104504.3022070955, 4740428.689919347 2105425.849276018, 4739504.435517515 2105429.1163265435))",440347,1,1,0.5337500095367431,86.79077911376953,1.8964677810668944,0.940000057220459,1650.0,41.14947509765625,4021.0,58,POMCA_093,2,Magdalena Cauca,23,Medio Magdalena,2301,Río Gualí,87633.0,1.1740363019232538e-06,-0.4834711282198113,-0.4834711282198113,-0.14960513730649305,-0.013116974325641927,-0.4756545278855232,-0.4756744295283327
"POLYGON ((4876245.073167153 2105072.034149638, 4876243.525513116 2104151.0768247056, 4877167.195987769 2104149.531704151, 4877168.7320848955 2105070.486449329, 4876245.073167153 2105072.034149638))",440492,1,2,1.175833320617676,79.67479705810547,2.695393943786621,1.2299999237060546,1069.0,41.03476333618164,3037.0,43,POMCA_076,2,Magdalena Cauca,21,Alto Magdalena,2120,Río Bogotá,593295.0,1.1755620023059178e-06,-0.4834711282198113,-0.48347112821981136,-0.13158666916196265,-0.14061737376629774,-0.47393101391797116,-0.4739072985977621
"POLYGON ((4900259.417735555 2105035.56369432, 4900258.170511389 2104114.667159513, 4901181.780267269 2104113.4230991793, 4901183.015938366 2105034.3175568823, 4900259.417735555 2105035.56369432))",440517,1,1,1.1683333396911622,79.2717056274414,2.933608436584473,1.1899999618530273,986.0,34.404266357421875,3031.0,43,POMCA_076,2,Magdalena Cauca,21,Alto Magdalena,2120,Río Bogotá,593295.0,1.1757177268949479e-06,-0.4834711282198113,-0.48347112821981125,-0.14960513730649305,-0.14960513730649305,-0.4737550989694438,-0.4737690138360845
"POLYGON ((4915960.318375329 2105015.9564158563, 4915959.267536352 2104095.092563141, 4916882.8446777575 2104094.04530027, 4916883.883965727 2105014.9074044554, 4915960.318375329 2105015.9564158563))",440533,1,1,0.9979166984558104,76.41368865966797,4.097994613647461,1.1200000762939453,1602.0,52.85089874267578,3243.0,43,POMCA_076,2,Magdalena Cauca,21,Alto Magdalena,2120,Río Bogotá,593295.0,1.1758013854617235e-06,-0.4834711282198113,0.39394992163074755,-0.14960513730649305,-0.0876286357210311,-0.4736605937114118,0.4003724051758035
"POLYGON ((4739501.174965087 2104507.56381211, 4739497.919893487 2103586.0114896987, 4740422.197465046 2103582.755330471, 4740425.440961527 2104504.3022070955, 4739501.174965087 2104507.56381211))",441292,1,25,0.4729166507720947,86.43617248535156,1.8642370223999023,0.9399999618530274,1338.0,41.11051177978516,4088.2,58,POMCA_093,2,Magdalena Cauca,23,Medio Magdalena,2301,Río Gualí,87633.0,1.1740218804903174e-06,-0.4834711282198113,-0.4834711282198113,0.28283809816223654,-0.1362596752855239,-0.47567081911896625,-0.4756718663126286
"POLYGON ((4740425.440961527 2104504.3022070955, 4740422.197465046 2103582.755330471, 4741346.469584286 2103579.510770682, 4741349.701505993 2104501.0522209182, 4740425.440961527 2104504.3022070955))",441293,1,1,0.4554166793823242,86.08155822753906,1.9709056854248048,0.9399999618530274,1306.0,41.34347534179688,4053.0,58,POMCA_093,2,Magdalena Cauca,23,Medio Magdalena,2301,Río Gualí,87633.0,1.1740358350138233e-06,-0.4834711282198113,-0.4834711282198113,-0.14960513730649305,-0.03549824134470616,-0.47565505533175984,-0.47566916607221704
"POLYGON ((4743198.206316829 2104494.587103694, 4743194.997543641 2103573.05644804, 4744119.253422665 2103569.8466845015, 4744122.450622106 2104491.37197196, 4743198.206316829 2104494.587103694))",441296,1,8,0.4720833301544189,86.0815658569336,1.864237403869629,0.9399999618530274,1272.0,40.828880310058594,3998.0,58,POMCA_093,2,Magdalena Cauca,23,Medio Magdalena,2301,Río Gualí,87633.0,1.174077401271053e-06,-0.4834711282198113,-0.48347112821981125,-0.02347586029478025,-0.10884597688314027,-0.4756080998313691,-0.475636793973839
"POLYGON ((4897487.328608359 2104118.468805752, 4897486.048879013 2103197.5661484855, 4898409.676506026 2103196.2894906006, 4898410.9447013205 2104117.190012666, 4897487.328608359 2104118.468805752))",441455,1,1,1.296666717529297,79.42707824707031,3.2074726104736326,1.280000114440918,997.0,40.78581237792969,2841.0,43,POMCA_076,2,Magdalena Cauca,21,Alto Magdalena,2120,Río Bogotá,593295.0,1.1756870731816892e-06,-0.4834711282198113,-0.05147590315318461,-0.14960513730649305,-0.11225454421875251,-0.47378972706782985,-0.04356545020927113
"POLYGON ((4740422.197465046 2103582.755330471, 4740418.959429971 2102661.2086458234, 4741343.243104496 2102657.969512696, 4741346.469584286 2103579.510770682, 4740422.197465046 2103582.755330471))",442231,1,2,0.3599999904632568,86.37992858886719,2.022599220275879,0.9300000190734864,1385.0,44.00212478637695,4234.5,58,POMCA_093,2,Magdalena Cauca,23,Medio Magdalena,2301,Río Gualí,87633.0,1.174021438389678e-06,-0.4834711282198113,-0.4834711282198113,-0.13158666916196265,-0.06679278835103664,-0.4756713185398457,-0.475671908534504
"POLYGON ((4745043.503927193 2103566.6485190294, 4745040.323665127 2102645.1287737065, 4745964.580368197 2102641.947535633, 4745967.749076679 2103563.4619512837, 4745043.503927193 2103566.6485190294))",442236,1,1,0.45,85.4385986328125,1.9069250106811524,0.95,1281.0,42.0298957824707,4181.0,58,POMCA_093,2,Magdalena Cauca,23,Medio Magdalena,2301,Río Gualí,87633.0,1.174090468620234e-06,-0.4834711282198113,-0.4834711282198113,-0.14960513730649305,-0.11855204486987998,-0.4755933382444362,-0.475618478705982
"POLYGON ((4918728.979269763 2103171.127062161, 4918727.966499898 2102250.2688508015, 4919651.561510459 2102249.2596947467, 4919652.562768477 2103170.116215384, 4918728.979269763 2103171.127062161))",442414,1,1,1.0274999618530274,75.5952377319336,4.21307487487793,1.1199999809265138,1965.0,59.83949279785156,3199.0,136,POMCA_255,3,Orinoco,35,Meta,3506,Río Guavio,228887.0,1.1757858860964528e-06,-0.4834711282198113,0.3594932542964972,-0.14960513730649305,-0.08444274443012056,-0.47367810263572996,0.36599159452208657
"POLYGON ((4738570.3757034745 2102667.721652541, 4738567.120057244 2101746.1642474765, 4739491.426193037 2101742.907419662, 4739494.670302782 2102664.4593589897, 4738570.3757034745 2102667.721652541))",443196,1,1,0.3516666650772094,86.23188018798828,1.934535026550293,0.9199999809265136,1206.0,43.20600509643555,4316.0,21,POMCA_149,2,Magdalena Cauca,26,Cauca,2615,Río Chinchiná,105459.0,1.173979107065623e-06,-0.4834711282198113,-0.48347112821981136,-0.14960513730649305,-0.06862488584025156,-0.47571913830125023,-0.47570258285496103
"POLYGON ((4745040.323665127 2102645.1287737065, 4745037.148767092 2101723.6092213965, 4745961.417004258 2101720.433313264, 4745964.580368197 2102641.947535633, 4745040.323665127 2102645.1287737065))",443203,1,2,0.4579166889190674,85.50347137451172,1.8763883590698245,0.959999942779541,1292.0,47.38932037353516,4119.0,58,POMCA_093,2,Magdalena Cauca,23,Medio Magdalena,2301,Río Gualí,87633.0,1.1740760975189427e-06,-0.4834711282198113,-0.4834711282198113,-0.13158666916196265,-0.1269358196229228,-0.4756095726205209,-0.47561650581211806
"POLYGON ((4746888.831735339 2102638.777875551, 4746885.679905161 2101717.268963726, 4747809.93748926 2101714.116172445, 4747813.077786012 2102635.619793123, 4746888.831735339 2102638.777875551))",443205,1,5,0.6037499904632568,85.11904907226562,1.8601688385009765,0.9800000190734866,1322.0,48.60271072387695,3738.0,58,POMCA_093,2,Magdalena Cauca,23,Medio Magdalena,2301,Río Gualí,87633.0,1.1741033630789894e-06,-0.4834711282198113,-0.4834711282198114,-0.07753126472837145,-0.08680808658577735,-0.4755787719639126,-0.4756032546922447
"POLYGON ((4747813.077786012 2102635.619793123, 4747809.93748926 2101714.116172445, 4748734.189776006 2101710.974939087, 4748737.318539667 2102632.473288014, 4747813.077786012 2102635.619793123))",443206,1,2,0.5195833206176758,85.3298568725586,1.94770622253418,0.9600000381469728,1274.0,48.90090560913086,4005.0,58,POMCA_093,2,Magdalena Cauca,23,Medio Magdalena,2301,Río Gualí,87633.0,1.1741169215205782e-06,-0.4834711282198113,-0.48347112821981136,-0.13158666916196265,-0.05545818717657463,-0.4755634556123392,-0.47560237868341515
"POLYGON ((4907644.687800937 2102263.278593654, 4907643.538821429 2101342.39881122, 4908567.167071103 2101341.253133843, 4908568.304556813 2102262.1309935125, 4907644.687800937 2102263.278593654))",443376,1,1,1.225,77.68594360351562,3.350712966918945,1.2100000381469729,1034.0,44.60617446899414,2878.0,43,POMCA_076,2,Magdalena Cauca,21,Alto Magdalena,2120,Río Bogotá,593295.0,1.1757157616659559e-06,-0.4834711282198113,0.0,-0.14960513730649305,0.0,-0.47375731899878615,0.0
"POLYGON ((4736718.491290424 2101752.7125874422, 4736715.21810968 2100831.1443829313, 4737639.546766469 2100827.8699369277, 4737642.808429526 2101749.4326366205, 4736718.491290424 2101752.7125874422))",444154,1,4,0.4754166603088379,85.3942642211914,1.9004592895507808,0.9300000190734864,1283.0,47.7319564819336,4115.75,21,POMCA_149,2,Magdalena Cauca,26,Cauca,2615,Río Chinchiná,105459.0,1.173936601439521e-06,-0.4834711282198113,-0.4834711282198113,-0.09554973287290185,-0.09721679760805746,-0.4757671549637083,-0.47572853331767295
"POLYGON ((4743188.596206153 2101729.995714796, 4743185.40364198 2100808.4656365607, 4744109.694125324 2100805.2719792333, 4744112.87517421 2101726.7966884607, 4743188.596206153 2101729.995714796))",444161,1,1,0.1995833277702331,85.93190002441406,2.061093521118164,0.9300000190734864,1295.0,41.1430549621582,4632.0,58,POMCA_093,2,Magdalena Cauca,23,Medio Magdalena,2301,Río Gualí,87633.0,1.1740342868916912e-06,-0.4834711282198113,-0.48347112821981136,-0.14960513730649305,-0.10921496473459258,-0.4756568041745526,-0.4756516613754545
"POLYGON ((4746885.679905161 2101717.268963726, 4746882.533400107 2100795.7602451253, 4747806.802498145 2100792.612745258, 4747809.93748926 2101714.116172445, 4746885.679905161 2101717.268963726))",444165,1,1,0.4741666793823242,84.87973022460938,1.8809253692626955,0.9699999809265136,1222.0,47.16088485717773,3944.0,58,POMCA_093,2,Magdalena Cauca,23,Medio Magdalena,2301,Río Gualí,87633.0,1.174089016953339e-06,-0.4834711282198113,-0.4834711282198113,-0.14960513730649305,0.020027977768532018,-0.4755949781261575,-0.47560595921610815
"POLYGON ((4898407.146521766 2101354.4891197854, 4898405.884732851 2100433.589270285, 4899329.544713197 2100432.3305190373, 4899330.795026461 2101353.2282523485, 4898407.146521766 2101354.4891197854))",444327,1,1,1.1550000190734864,79.16667175292969,2.915475845336914,1.2,1057.0,35.98978805541992,3098.0,43,POMCA_076,2,Magdalena Cauca,21,Alto Magdalena,2120,Río Bogotá,593295.0,1.1756494897368398e-06,-0.4834711282198113,0.179106850317574,-0.14960513730649305,-0.10247298722695018,-0.4738321833671681,0.18607768193692098
"POLYGON ((4917803.3472296875 2101330.429848054, 4917802.3264032 2100409.5703787017, 4918725.946084903 2100408.5531066153, 4918726.95543827 2101329.410865746, 4917803.3472296875 2101330.429848054))",444348,1,1,1.130833339691162,76.06837463378906,3.872005081176758,1.170000076293945,1297.0,53.68722152709961,2990.0,136,POMCA_255,3,Orinoco,35,Meta,3506,Río Guavio,228887.0,1.175752838007046e-06,-0.4834711282198113,0.5548657483815327,-0.14960513730649305,-0.06693366562594581,-0.47371543555138,0.5605720210787144
"POLYGON ((4918726.95543827 2101329.410865746, 4918725.946084903 2100408.5531066153, 4919649.564060907 2100407.54733226, 4919650.561941261 2101328.4034004984, 4918726.95543827 2101329.410865746))",444349,3,24,1.1141666412353517,75.28736114501953,4.049878692626953,1.159999942779541,1526.0,56.59578323364258,3001.375,136,POMCA_255,3,Orinoco,35,Meta,3506,Río Guavio,228887.0,3.527271638013412e-06,2.1832942218815288,0.015496504999134658,0.26481963001770614,-0.13645324467403552,2.1826878418047806,0.023305379003998608
"POLYGON ((4919650.561941261 2101328.4034004984, 4919649.564060907 2100407.54733226, 4920573.180350601 2100406.553055528, 4920574.166758048 2101327.4074522043, 4919650.561941261 2101328.4034004984))",444350,2,3,1.1570833206176758,75.85470581054688,4.002604675292969,1.1699999809265136,1811.0,68.33329772949219,2861.0,136,POMCA_255,3,Orinoco,35,Meta,3506,Río Guavio,228887.0,2.351523075266779e-06,0.8499115468308588,0.290268437553776,-0.11356820101743226,-0.056277584477226736,0.8544984454799477,0.29700685673072197
"POLYGON ((4738563.869911527 2100824.6070331982, 4738560.625266392 2099903.0500093848, 4739484.954416685 2099899.8041138686, 4739488.187564316 2100821.3556713955, 4738563.869911527 2100824.6070331982))",445117,1,1,0.2474999904632568,86.20071411132812,2.028210258483887,0.9300000190734864,1302.0,39.751068115234375,4447.0,21,POMCA_149,2,Magdalena Cauca,26,Cauca,2615,Río Chinchiná,105459.0,1.173950436200034e-06,-0.4834711282198113,-0.48347112821981125,-0.14960513730649305,-0.09835616277521263,-0.47575152646727953,-0.47573039660542615
"POLYGON ((4744109.694125324 2100805.2719792333, 4744106.518460083 2099883.747462102, 4745030.815063372 2099880.570694522, 4745033.979233153 2100802.089861776, 4744109.694125324 2100805.2719792333))",445123,1,1,0.21875,84.64911651611328,1.932085418701172,0.95,1198.0,35.71458053588867,4497.0,58,POMCA_093,2,Magdalena Cauca,23,Medio Magdalena,2301,Río Gualí,87633.0,1.1740337217050416e-06,-0.4834711282198113,-0.48347112821981136,-0.14960513730649305,-0.12659853627760623,-0.4756574426400705,-0.4756445247512666
"POLYGON ((4752428.06891216 2100777.048317155, 4752424.9966940535 2099855.5712505686, 4753349.2457902795 2099852.4981521773, 4753352.30651591 2100773.9700434646, 4752428.06891216 2100777.048317155))",445132,1,1,0.8166666984558105,84.46601867675781,1.5423314094543457,1.0299999237060546,1563.0,42.5429573059082,3435.0,353,POMCA_082,2,Magdalena Cauca,21,Alto Magdalena,2125,Río Lagunilla y Otros Directos al Magdalena,88764.0,1.1741553047556321e-06,-0.4834711282198113,-0.48347112821981125,-0.14960513730649305,0.1697541943958697,-0.47552009582657323,-0.47560177462103986
"POLYGON ((4874389.920084324 2100470.3538546413, 4874388.362518466 2099549.3924175957, 4875312.09570154 2099547.8372283555, 4875313.641807296 2100468.796046316, 4874389.920084324 2100470.3538546413))",445263,1,3,1.118333339691162,80.08130645751953,2.4984853744506834,1.2299999237060546,1022.0,38.816551208496094,3166.3333333333335,43,POMCA_076,2,Magdalena Cauca,21,Alto Magdalena,2120,Río Bogotá,593295.0,1.175476870036447e-06,-0.4834711282198113,-0.4834711282198113,-0.11356820101743226,-0.13158666916196265,-0.4740271839505606,-0.47393101391797116
"POLYGON ((4896558.558355909 2100436.141274078, 4896557.275789645 2099515.237357417, 4897480.951510452 2099513.957760225, 4897482.222620219 2100434.8595219203, 4896558.558355909 2100436.141274078))",445286,2,7,1.1883333206176758,79.53929901123047,2.8867513656616213,1.2299999237060546,1166.0,48.434757232666016,3153.714285714286,43,POMCA_076,2,Magdalena Cauca,21,Alto Magdalena,2120,Río Bogotá,593295.0,2.351248405347158e-06,0.8499115468308588,0.10266947227531438,-0.04149432843931065,-0.1118919814250024,0.8541881634296102,0.10993838824248439
"POLYGON ((4897482.222620219 2100434.8595219203, 4897480.951510452 2099513.957760225, 4898404.6250794465 2099512.6896442208, 4898405.884732851 2100433.589270285, 4897482.222620219 2100434.8595219203))",445287,2,7,1.0945833206176758,79.84329986572266,2.950026512145996,1.170000076293945,1107.0,48.92142105102539,3154.1428571428573,43,POMCA_076,2,Magdalena Cauca,21,Alto Magdalena,2120,Río Bogotá,593295.0,2.351259440863192e-06,0.8499115468308588,-0.003540292965720268,-0.04149432843931065,-0.11846426160764421,0.8542006297475321,0.004150137635597323
"POLYGON ((4914107.830231638 2100413.7544465302, 4914106.765316943 2099492.888168098, 4915030.403469465 2099491.82669163, 4915031.456930018 2100412.69118243, 4914107.830231638 2100413.7544465302))",445304,2,2,1.0512499809265137,76.82748413085938,3.8560752868652335,1.140000057220459,1204.0,47.213661193847656,3210.5,43,POMCA_076,2,Magdalena Cauca,21,Alto Magdalena,2120,Río Bogotá,593295.0,2.3514410844333836e-06,0.8499115468308588,0.32770917347783574,-0.13158666916196265,-0.10968092956820573,0.8544058241840666,0.3342730590765115
"POLYGON ((4915955.081845147 2100411.639416499, 4915954.039838624 2099490.7766939993, 4916877.674443807 2099489.738175096, 4916878.70499641 2100410.5991486264, 4915955.081845147 2100411.639416499))",445306,2,2,1.0854166984558105,76.44927215576172,3.869803619384766,1.15,1355.0,53.76328659057617,3079.5,136,POMCA_255,3,Orinoco,35,Meta,3506,Río Guavio,228887.0,2.351459279134199e-06,0.8499115468308588,0.4808836872666866,-0.13158666916196265,-0.10835809096205976,0.8544263779057193,0.48684875279741724
"POLYGON ((4916878.70499641 2100410.5991486264, 4916877.674443807 2099489.738175096, 4917801.307304408 2099488.711134809, 4917802.3264032 2100409.5703787017, 4916878.70499641 2100410.5991486264))",445307,3,3,1.1258333206176758,76.86781311035156,3.854355239868164,1.1600000381469726,1308.0,54.15563201904297,2996.0,136,POMCA_255,3,Orinoco,35,Meta,3506,Río Guavio,228887.0,3.5272023410640783e-06,2.1832942218815288,0.1754401561416044,-0.11356820101743226,-0.10599593883288955,2.1826095602093627,0.18260271053944452
"POLYGON ((4918725.946084903 2100408.5531066153, 4918724.938439813 2099487.69557303, 4919648.567869414 2099486.691489651, 4919649.564060907 2100407.54733226, 4918725.946084903 2100408.5531066153))",445309,1,1,1.1237500190734864,75.93390655517578,3.814595031738281,1.1600000381469726,1354.0,60.83829116821289,2997.0,136,POMCA_255,3,Orinoco,35,Meta,3506,Río Guavio,228887.0,1.1757429128310497e-06,-0.4834711282198113,0.5023192374928722,-0.14960513730649305,-0.06640428489838592,-0.47372664756892596,0.5082183055604014
"POLYGON ((4920573.180350601 2100406.553055528, 4920572.195612597 2099485.6988845654, 4921495.821688753 2099484.7177576674, 4921496.794973371 2100405.5702763144, 4920573.180350601 2100406.553055528))",445311,1,3,1.2495833396911622,76.37741088867188,4.013942718505859,1.2100000381469729,1760.0,71.94477081298828,2822.0,136,POMCA_255,3,Orinoco,35,Meta,3506,Río Guavio,228887.0,1.1757515131675704e-06,-0.4834711282198113,0.3856191892194931,-0.11356820101743226,-0.0842873652267845,-0.47371693216196425,0.39198169571693
"POLYGON ((4744106.518460083 2099883.747462102, 4744103.3481785515 2098962.223136746, 4745027.656257814 2098959.05171931, 4745030.815063372 2099880.570694522, 4744106.518460083 2099883.747462102))",446100,1,2,0.0737500011920928,83.77192687988281,2.0014196395874024,0.95,1086.0,43.209938049316406,4656.0,58,POMCA_093,2,Magdalena Cauca,23,Medio Magdalena,2301,Río Gualí,87633.0,1.1740194242830594e-06,-0.4834711282198113,-0.4834711282198113,-0.13158666916196265,-0.07469353757874603,-0.4756735937840082,-0.47564328141505774
"POLYGON ((4897480.951510452 2099513.957760225, 4897479.682555642 2098593.056221484, 4898403.367561578 2098591.7902412172, 4898404.6250794465 2099512.6896442208, 4897480.951510452 2099513.957760225))",446261,1,1,1.0779166221618652,79.16666412353516,3.063408279418945,1.1800000190734865,1138.0,44.98046875,3204.0,43,POMCA_076,2,Magdalena Cauca,21,Alto Magdalena,2120,Río Bogotá,593295.0,1.1756154437041955e-06,-0.4834711282198113,0.3102226373378712,-0.14960513730649305,-0.10111838004252949,-0.4738706436136679,0.3166503712189851
"POLYGON ((4898404.6250794465 2099512.6896442208, 4898403.367561578 2098591.7902412172, 4899327.050434961 2098590.535722667, 4899328.296516023 2099511.4330092687, 4898404.6250794465 2099512.6896442208))",446262,1,2,1.1595833778381348,78.89344024658203,2.911250686645508,1.2200000762939454,1201.0,42.306278228759766,2981.0,43,POMCA_076,2,Magdalena Cauca,21,Alto Magdalena,2120,Río Bogotá,593295.0,1.1756209118406221e-06,-0.4834711282198113,0.17956588900784667,-0.13158666916196265,-0.11286769979657166,-0.4738644665099489,0.18651666081392665
"POLYGON ((4918724.938439813 2099487.69557303, 4918723.932503024 2098566.8382646106, 4919647.573366802 2098565.835872293, 4919648.567869414 2099486.691489651, 4918724.938439813 2099487.69557303))",446283,1,1,1.0866666793823243,76.40117645263672,3.909971618652344,1.1300000190734862,1882.0,68.95883178710938,3111.0,136,POMCA_255,3,Orinoco,35,Meta,3506,Río Guavio,228887.0,1.175728637571539e-06,-0.4834711282198113,0.35256568897184537,-0.14960513730649305,-0.09246610336310965,-0.473742773676933,0.35904072343289406
"POLYGON ((4740406.061905019 2098975.0238205786, 4740402.851177942 2098053.478090998, 4741327.192336557 2098050.2660952713, 4741330.391605795 2098971.8063968276, 4740406.061905019 2098975.0238205786))",447074,1,4,-0.0162499994039535,85.19503021240234,2.175535011291504,0.9399999618530274,1504.0,60.21162796020508,5066.0,21,POMCA_149,2,Magdalena Cauca,26,Cauca,2615,Río Chinchiná,105459.0,1.1739498245882917e-06,-0.4834711282198113,-0.4834711282198113,-0.09554973287290185,-0.13929426850533108,-0.47575221737710194,-0.47573790221531936
"POLYGON ((4749649.116692414 2098943.3671364207, 4749646.020528563 2098021.8748139753, 4750570.308213839 2098018.7776299315, 4750573.392923198 2098940.2647183663, 4749649.116692414 2098943.3671364207))",447084,1,2,0.6891666412353515,83.17152404785156,1.5496824264526368,1.0300000190734864,1415.0,43.32112121582031,3567.0,353,POMCA_082,2,Magdalena Cauca,21,Alto Magdalena,2125,Río Lagunilla y Otros Directos al Magdalena,88764.0,1.1740866550257215e-06,-0.4834711282198113,-0.4834711282198113,-0.13158666916196265,0.4379299737356075,-0.4755976462878001,-0.4756060195906779
"POLYGON ((4897479.682555642 2098593.056221484, 4897478.415755816 2097672.1549053225, 4898402.112179271 2097670.8910608995, 4898403.367561578 2098591.7902412172, 4897479.682555642 2098593.056221484))",447236,2,2,1.1387499809265136,79.03005981445312,2.9086467742919924,1.2199999809265136,1050.0,38.555301666259766,3163.0,43,POMCA_076,2,Magdalena Cauca,21,Alto Magdalena,2120,Río Bogotá,593295.0,2.351202383115667e-06,0.8499115468308588,-0.09032298353987914,-0.13158666916196265,-0.1137674657138114,0.8541361742188229,-0.08229168570127832
"POLYGON ((4912258.397605147 2098574.1758708586, 4912257.313470304 2097653.306407884, 4913180.97809821 2097652.2256262642, 4913182.050817522 2098573.093262761, 4912258.397605147 2098574.1758708586))",447251,1,1,1.0404166221618651,76.71131134033203,3.689409637451172,1.1199999809265138,1055.0,38.23642349243164,3102.0,43,POMCA_076,2,Magdalena Cauca,21,Alto Magdalena,2120,Río Bogotá,593295.0,1.1756827193035236e-06,-0.4834711282198113,0.6578613704339685,-0.14960513730649305,-0.12118982667120717,-0.4737946454449351,0.6630210051564261
"POLYGON ((4915952.999598655 2098569.914196406, 4915951.96112526 2097649.0519233407, 4916875.618580029 2097648.0169026377, 4916876.645638341 2098568.877426559, 4915952.999598655 2098569.914196406))",447255,1,1,0.9550000190734864,76.47975158691406,4.067610168457032,1.0699999809265135,1638.0,58.02167892456055,3310.0,136,POMCA_255,3,Orinoco,35,Meta,3506,Río Guavio,228887.0,1.1757011132818048e-06,-0.4834711282198113,0.39551856809654184,-0.14960513730649305,-0.10985215364618921,-0.47377386660864007,0.4017921121624845
"POLYGON ((4737629.79489799 2098063.1829777085, 4737626.555315613 2097141.6210368564, 4738550.924335119 2097138.3800775344, 4738554.152478123 2098059.936531873, 4737629.79489799 2098063.1829777085))",448039,1,3,0.4141666889190674,86.02693939208984,1.9636846542358402,0.9899999618530272,1345.0,43.13677978515625,3920.0,21,POMCA_149,2,Magdalena Cauca,26,Cauca,2615,Río Chinchiná,105459.0,1.1738935596501504e-06,-0.4834711282198113,-0.4834711282198113,-0.11356820101743226,-0.1369524785712917,-0.4758157773052974,-0.47582783113805327
"POLYGON ((4741327.192336557 2098050.2660952713, 4741323.998509623 2097128.7259840355, 4742248.345671338 2097125.5308798847, 4742251.528060263 2098047.0655822298, 4741327.192336557 2098050.2660952713))",448043,1,1,-0.0495833337306976,83.94097137451172,2.339952850341797,0.9600000381469728,1296.0,45.06887435913086,5070.0,21,POMCA_149,2,Magdalena Cauca,26,Cauca,2615,Río Chinchiná,105459.0,1.1739494819155657e-06,-0.4834711282198113,-0.48347112821981125,-0.14960513730649305,-0.12503404976890475,-0.4757526044788136,-0.4757375960059593
"POLYGON ((4748721.727583522 2098024.9834776856, 4748718.625251253 2097103.4860942853, 4749642.929631631 2097100.3826842469, 4749646.020528563 2098021.8748139753, 4748721.727583522 2098024.9834776856))",448051,1,63,0.5479166507720947,82.59803771972656,1.7640130996704102,1.0200000762939454,1340.0,49.35760498046875,3889.063492063492,353,POMCA_082,2,Magdalena Cauca,21,Alto Magdalena,2125,Río Lagunilla y Otros Directos al Magdalena,88764.0,1.1740589476934605e-06,-0.4834711282198113,-0.4834711282198113,0.9675398876543918,0.39094949564346376,-0.4756289459942812,-0.47561150860304513
"POLYGON ((4749646.020528563 2098021.8748139753, 4749642.929631631 2097100.3826842469, 4750567.228751915 2097097.290734475, 4750570.308213839 2098018.7776299315, 4749646.020528563 2098021.8748139753))",448052,1,14,0.596666669845581,82.36245727539062,1.696699333190918,1.0300000190734864,1284.0,45.55124282836914,3817.285714285714,353,POMCA_082,2,Magdalena Cauca,21,Alto Magdalena,2125,Río Lagunilla y Otros Directos al Magdalena,88764.0,1.174072407887075e-06,-0.4834711282198113,-0.4834711282198113,0.08463494857240215,0.5593508733466481,-0.4756137406289525,-0.4756095352886603
"POLYGON ((4736702.180782992 2097144.87346083, 4736698.93530072 2096223.3062026931, 4737623.321253567 2096220.059284915, 4737626.555315613 2097141.6210368564, 4736702.180782992 2097144.87346083))",449022,1,1,0.3920833349227905,87.1212158203125,2.005201530456543,0.9899999618530272,1307.0,37.159423828125,4242.0,21,POMCA_149,2,Magdalena Cauca,26,Cauca,2615,Río Chinchiná,105459.0,1.1738652301858714e-06,-0.4834711282198113,-0.4834711282198114,-0.14960513730649305,-0.1310497287401207,-0.4758477798058755,-0.4758514563489596
"POLYGON ((4748718.625251253 2097103.4860942853, 4748715.528205451 2096181.9889030145, 4749639.84400168 2096178.8907469097, 4749642.929631631 2097100.3826842469, 4748718.625251253 2097103.4860942853))",449035,1,97,0.4954166412353515,82.75577545166016,1.8396921157836916,1.0100000381469727,1266.0,52.414981842041016,3973.896907216495,353,POMCA_082,2,Magdalena Cauca,21,Alto Magdalena,2125,Río Lagunilla y Otros Directos al Magdalena,88764.0,1.1740447249920868e-06,-0.4834711282198113,-0.4834711282198113,1.5801678045684255,0.40225676071435384,-0.4756450127297637,-0.4756156774735459
"POLYGON ((4917798.2603744175 2096726.1347520985, 4917797.248186615 2095805.2764062532, 4918720.924942651 2095804.2676865573, 4918721.925754423 2096725.1243217536, 4917798.2603744175 2096726.1347520985))",449212,1,3,1.0766666412353516,76.93452453613281,3.6013462066650397,1.119999885559082,1635.0,50.32563400268555,2990.0,136,POMCA_255,3,Orinoco,35,Meta,3506,Río Guavio,228887.0,1.17568158431126e-06,-0.4834711282198113,0.30311548366876273,-0.11356820101743226,-0.11262745791684174,-0.4737959275938036,0.3097318625575965
"POLYGON ((4720983.511676377 2096280.2552664592, 4720980.077867809 2095358.5916165067, 4721904.57193531 2095355.15591228, 4721907.994337121 2096276.8137257192, 4720983.511676377 2096280.2552664592))",449977,1,1,1.1341666221618651,88.40579223632812,2.1933099746704103,0.9200000762939452,2048.0,28.84988021850586,2878.0,20,POMCA_147,2,Magdalena Cauca,26,Cauca,2613,Río Otún y otros directos al Cauca,63162.0,1.1736036676623939e-06,-0.4834711282198113,-0.4834711282198113,-0.14960513730649305,-0.14960513730649305,-0.4761432550300571,-0.4761893475146334
"POLYGON ((4733925.744166756 2096233.1156309461, 4733922.470020101 2095311.531925258, 4734846.8840319 2095308.2562343734, 4734850.146776784 2096229.8343753617, 4733925.744166756 2096233.1156309461))",449991,1,1,0.6933333396911621,87.01923370361328,1.7880071640014648,1.0399999618530271,1384.0,43.11777877807617,3486.0,21,POMCA_149,2,Magdalena Cauca,26,Cauca,2615,Río Chinchiná,105459.0,1.1738084180513047e-06,-0.4834711282198113,-0.4834711282198113,-0.14960513730649305,-0.13470355192599134,-0.47591195787685503,-0.475901764321468
"POLYGON ((4735774.54381495 2096226.56456606, 4735771.29247149 2095304.991970361, 4736695.695358339 2095301.739132873, 4736698.93530072 2096223.3062026931, 4735774.54381495 2096226.56456606))",449993,1,1,0.5891666889190674,86.569580078125,1.742951011657715,1.0299999237060546,1375.0,40.82690048217773,3884.0,21,POMCA_149,2,Magdalena Cauca,26,Cauca,2615,Río Chinchiná,105459.0,1.1738368754237934e-06,-0.4834711282198113,-0.48347112821981125,-0.14960513730649305,-0.13553220666522053,-0.4758798108842205,-0.47588806151355184
"POLYGON ((4879001.026821364 2095857.9393799077, 4878999.539271943 2094936.991944234, 4879923.316567379 2094935.5067910815, 4879924.7927546445 2095856.4517037452, 4879001.026821364 2095857.9393799077))",450142,1,1,1.2862500190734862,80.92447662353516,2.9242317199707037,1.2800000190734864,1095.0,33.03566360473633,2850.0,43,POMCA_076,2,Magdalena Cauca,21,Alto Magdalena,2120,Río Bogotá,593295.0,1.1754387787827227e-06,-0.4834711282198113,-0.4834711282198113,-0.14960513730649305,-0.14213491561122046,-0.47407021389836773,-0.47409712908468804
"POLYGON ((4908560.382516697 2095815.9906860844, 4908559.258484482 2094895.114392976, 4909482.964727285 2094893.9935606145, 4909484.077401763 2095814.867949624, 4908560.382516697 2095815.9906860844))",450173,1,1,1.100416660308838,77.41227722167969,3.726187515258789,1.140000057220459,1100.0,37.74127578735352,2994.0,43,POMCA_076,2,Magdalena Cauca,21,Alto Magdalena,2120,Río Bogotá,593295.0,1.175620923563645e-06,-0.4834711282198113,1.3458630087732921,-0.14960513730649305,-0.08714952842933349,-0.473864453266986,1.3480878635504094
"POLYGON ((4916873.5697049545 2095806.2965271242, 4916872.547888231 2094885.4366747737, 4917796.237726612 2094884.418283972, 4917797.248186615 2095805.2764062532, 4916873.5697049545 2095806.2965271242))",450182,2,2,1.175833320617676,77.49287414550781,3.572836685180664,1.1699999809265136,1689.0,54.22897720336914,2938.0,136,POMCA_255,3,Orinoco,35,Meta,3506,Río Guavio,228887.0,2.3513259651837993e-06,0.8499115468308588,-0.10942937809361385,-0.13158666916196265,-0.1295351534455864,0.8542757792310424,-0.10122488796818108
"POLYGON ((4878075.759435975 2094938.4884848066, 4878074.263087271 2094017.538725408, 4878998.054266124 2094016.0447273166, 4878999.539271943 2094936.991944234, 4878075.759435975 2094938.4884848066))",451108,1,1,1.3112500190734864,81.07235717773438,3.0904914855957037,1.2899999618530271,1130.0,38.68590545654297,2882.0,43,POMCA_076,2,Magdalena Cauca,21,Alto Magdalena,2120,Río Bogotá,593295.0,1.1754181113963068e-06,-0.4834711282198113,-0.4834711282198113,-0.14960513730649305,-0.13197909314905643,-0.47409356089989263,-0.4740979327214797
"POLYGON ((4896550.895574533 2094910.7211093009, 4896549.626054931 2093989.8185240873, 4897473.370106847 2093988.551858949, 4897474.628286489 2094909.4522885524, 4896550.895574533 2094910.7211093009))",451126,1,1,1.1887499809265136,78.76983642578125,3.177513313293457,1.2600000381469727,1022.0,34.91749954223633,2939.0,43,POMCA_076,2,Magdalena Cauca,21,Alto Magdalena,2120,Río Bogotá,593295.0,1.1755389105676795e-06,-0.4834711282198113,0.03452526275931583,-0.14960513730649305,-0.13724716771688533,-0.47395709959890897,0.04203915554079213
"POLYGON ((4905788.128160285 2094898.5451883888, 4905786.972034415 2093977.6632889537, 4906710.695433187 2093976.5102695164, 4906711.840220378 2094897.3902067423, 4905788.128160285 2094898.5451883888))",451136,2,3,1.200416660308838,77.43902587890625,3.557695007324219,1.2300000190734863,1145.0,43.66510391235352,2859.0,43,POMCA_076,2,Magdalena Cauca,21,Alto Magdalena,2120,Río Bogotá,593295.0,2.3511837120501103e-06,0.8499115468308588,1.107762753658729,-0.11356820101743226,-0.08363062017098179,0.8541150823697014,1.1109030128342325
"POLYGON ((4906711.840220378 2094897.3902067423, 4906710.695433187 2093976.5102695164, 4907634.416873342 2093975.368613956, 4907635.550321977 2094896.246608312, 4906711.840220378 2094897.3902067423))",451137,2,2,1.1662500381469727,77.29166412353516,3.497563934326172,1.2,1144.0,43.54765701293945,2909.0,43,POMCA_076,2,Magdalena Cauca,21,Alto Magdalena,2120,Río Bogotá,593295.0,2.351193754454604e-06,0.8499115468308588,1.3350805338444534,-0.13158666916196265,-0.08101626085486648,0.8541264268149208,1.3373161751978297
"POLYGON ((4907635.550321977 2094896.246608312, 4907634.416873342 2093975.368613956, 4908558.136374284 2093974.2383221516, 4908559.258484482 2094895.114392976, 4907635.550321977 2094896.246608312))",451138,4,4,1.1324999809265135,77.49287414550781,3.5064876556396483,1.170000076293945,1166.0,43.846824645996094,2987.0,43,POMCA_076,2,Magdalena Cauca,21,Alto Magdalena,2120,Río Bogotá,593295.0,4.702407394898109e-06,3.5166768969321986,0.7920711916245016,-0.09554973287290185,-0.08532984363054882,3.510184979364757,0.7964949072000864
"POLYGON ((4912254.072131484 2094890.6993601918, 4912252.995373853 2093969.83079011, 4913176.70546969 2093968.7573153088, 4913177.770889468 2094889.6240585498, 4912254.072131484 2094890.6993601918))",451143,2,5,0.9504166603088379,77.12264251708984,3.869802856445312,1.0600000381469727,1913.0,59.97651290893555,3308.0,136,POMCA_255,3,Orinoco,35,Meta,3506,Río Guavio,228887.0,2.3512519214026835e-06,0.8499115468308588,0.8895102340459079,-0.07753126472837145,-0.09338788744144072,0.8541921353567841,0.8935947086650731
"POLYGON ((4915025.162956691 2094887.5076023275, 4915024.120212281 2093966.6444547556, 4915947.824897831 2093965.605068779, 4915948.856304725 2094886.4664475224, 4915025.162956691 2094887.5076023275))",451146,1,1,0.95,77.93650817871094,3.83761215209961,1.05,1721.0,64.99994659423828,3406.0,136,POMCA_255,3,Orinoco,35,Meta,3506,Río Guavio,228887.0,1.1756398314514133e-06,-0.4834711282198113,0.13086591811622678,-0.14960513730649305,-0.11975491133752919,-0.47384309389063933,0.1380481592660126
"POLYGON ((4734843.626865959 2094386.6782808322, 4734840.375279028 2093465.1005144196, 4735764.806462983 2093461.8473418115, 4735768.046687479 2094383.4195623843, 4734843.626865959 2094386.6782808322))",451936,1,4,0.5041666507720948,86.76470947265625,1.8688024520874025,1.0199999809265137,1292.0,41.77352523803711,3972.5,21,POMCA_149,2,Magdalena Cauca,26,Cauca,2615,Río Chinchiná,105459.0,1.1737943438123707e-06,-0.4834711282198113,-0.4834711282198113,-0.09554973287290185,-0.14473638802607286,-0.47592785690110717,-0.475908755454847
"POLYGON ((4737616.869690734 2094376.9363464836, 4737613.652190076 2093455.3751593544, 4738538.066772159 2093452.1561488174, 4738541.272911412 2094373.7118483416, 4737616.869690734 2094376.9363464836))",451939,1,1,0.3354166746139526,85.26936340332031,2.0277435302734377,0.9899999618530272,1251.0,33.745635986328125,4210.0,21,POMCA_149,2,Magdalena Cauca,26,Cauca,2615,Río Chinchiná,105459.0,1.1738368079881119e-06,-0.4834711282198113,-0.4834711282198113,-0.14960513730649305,-0.1349444491930132,-0.4758798870632267,-0.47589782172124534
"POLYGON ((4878998.054266124 2094016.0447273166, 4878996.571803936 2093095.0977287837, 4879920.371765396 2093093.6176220267, 4879921.842904286 2094014.5620972994, 4878998.054266124 2094016.0447273166))",452088,1,2,1.337916660308838,81.33074951171875,2.973048210144043,1.290000057220459,1135.0,38.48786926269531,2832.0,43,POMCA_076,2,Magdalena Cauca,21,Alto Magdalena,2120,Río Bogotá,593295.0,1.1754104926035232e-06,-0.4834711282198113,-0.4834711282198113,-0.13158666916196265,-0.13783735114591544,-0.47410216750177037,-0.4740982898873951
"POLYGON ((4886388.293862196 2094004.5019801885, 4886386.901982087 2093083.5746260455, 4887310.682315409 2093082.1853035514, 4887312.062873437 2094003.1102892, 4886388.293862196 2094004.5019801885))",452094,1,1,1.2800000190734864,80.33853912353516,3.0525690078735352,1.2800000190734864,1111.0,41.21815872192383,2828.0,43,POMCA_076,2,Magdalena Cauca,21,Alto Magdalena,2120,Río Bogotá,593295.0,1.1754608005608109e-06,-0.4834711282198113,0.37953386656836124,-0.14960513730649305,-0.13450218034616396,-0.4740453369024931,0.38539795158470674
"POLYGON ((4888235.829518634 2094001.7299649124, 4888234.460282543 2093080.8073284137, 4889158.235902888 2093079.4407004858, 4889159.593817189 2094000.3610071794, 4888235.829518634 2094001.7299649124))",452096,1,1,1.1904167175292968,79.33604431152344,2.9423118591308595,1.2299999237060546,1157.0,33.20667266845703,3006.0,43,POMCA_076,2,Magdalena Cauca,21,Alto Magdalena,2120,Río Bogotá,593295.0,1.1754728806503317e-06,-0.4834711282198113,1.2943747097961447,-0.14960513730649305,-0.12558048242115855,-0.474031690577661,1.2964834616496121
"POLYGON ((4889159.593817189 2094000.3610071794, 4889158.235902888 2093079.4407004858, 4890082.009195853 2093078.085419623, 4890083.355788508 2093999.0034158556, 4889159.593817189 2094000.3610071794))",452097,3,3,1.175,79.2349624633789,2.938769149780273,1.2200000762939454,1119.0,33.72581100463867,2940.0,43,POMCA_076,2,Magdalena Cauca,21,Alto Magdalena,2120,Río Bogotá,593295.0,3.5264365384644028e-06,2.1832942218815288,-0.4834711282198113,-0.11356820101743226,-0.14960513730649305,2.1817444680248643,-0.47403510215233136
"POLYGON ((4907634.416873342 2093975.368613956, 4907633.285366169 2093054.490841411, 4908557.0161861265 2093053.3624732334, 4908558.136374284 2093974.2383221516, 4907634.416873342 2093975.368613956))",452117,2,4,1.0612500190734864,77.50736999511719,3.625196075439453,1.130000114440918,1201.0,42.03834533691406,3114.5,43,POMCA_076,2,Magdalena Cauca,21,Alto Magdalena,2120,Río Bogotá,593295.0,2.3511754403938893e-06,0.8499115468308588,1.1891379898215135,-0.09554973287290185,-0.08210430294761988,0.8541057382578471,1.1919618686487499
"POLYGON ((4909481.853955406 2093973.119393983, 4909480.745086144 2093052.2454493518, 4910404.472085627 2093051.1397696482, 4910405.569636109 2093972.0118293313, 4909481.853955406 2093973.119393983))",452119,3,13,0.9274999618530272,77.46031951904297,3.945653152465821,1.05,1261.0,55.72542190551758,3273.076923076923,43,POMCA_076,2,Magdalena Cauca,21,Alto Magdalena,2120,Río Bogotá,593295.0,3.52679254266315e-06,2.1832942218815288,0.9494431278301926,0.06661648042787176,-0.10352617147717022,2.182146629691742,0.9532514482473067
"POLYGON ((4911329.283435792 2093970.915628079, 4911328.1972039705 2093050.0454340046, 4912251.920460579 2093048.9624423054, 4912252.995373853 2093969.83079011, 4911329.283435792 2093970.915628079))",452121,3,6,0.9337499618530275,78.2852554321289,3.908760070800781,1.0399999618530271,1855.0,63.705204010009766,3286.8333333333335,136,POMCA_255,3,Orinoco,35,Meta,3506,Río Guavio,228887.0,3.5268213282979503e-06,2.1832942218815288,0.7701819344393143,-0.05951279658384105,-0.08464586128221199,2.182179147507302,0.7747272488225965
"POLYGON ((4915024.120212281 2093966.6444547556, 4915023.079253967 2093045.7815297293, 4915946.795257615 2093044.7439126691, 4915947.824897831 2093965.605068779, 4915024.120212281 2093966.6444547556))",452125,1,2,1.0220833778381349,77.75228881835938,3.683244323730469,1.090000057220459,1788.0,67.6921157836914,3345.0,136,POMCA_255,3,Orinoco,35,Meta,3506,Río Guavio,228887.0,1.1756257034115436e-06,-0.4834711282198113,0.22789294174247632,-0.13158666916196265,-0.1219695334337371,-0.4738590536913486,0.23467618849957278
"POLYGON ((4735764.806462983 2093461.8473418115, 4735761.571798067 2092540.2753083229, 4736686.008771188 2092537.0390501171, 4736689.232093507 2093458.6055569046, 4735764.806462983 2093461.8473418115))",452917,1,1,0.3629166603088379,85.91666412353516,1.99383544921875,1.0,1227.0,30.39015007019043,4148.0,21,POMCA_149,2,Magdalena Cauca,26,Cauca,2615,Río Chinchiná,105459.0,1.1737944213385642e-06,-0.4834711282198113,-0.48347112821981136,-0.14960513730649305,-0.131303837187412,-0.47592776932331077,-0.4759206483340545
"POLYGON ((4755176.608467322 2093396.1607539856, 4755173.611926556 2092474.7007053378, 4756097.936767992 2092471.7031035428, 4756100.9219731055 2093393.1580330352, 4755176.608467322 2093396.1607539856))",452938,1,1,1.1262499809265136,85.86602020263672,1.835570335388184,1.019999885559082,1645.0,35.598445892333984,2913.0,51,POMCA_081,2,Magdalena Cauca,21,Alto Magdalena,2125,Río Lagunilla y Otros Directos al Magdalena,101164.0,1.1740812666734549e-06,-0.4834711282198113,0.0,-0.14960513730649305,0.0,-0.4756037332630013,0.0
"POLYGON ((4904862.081192685 2093057.9440129264, 4904860.91772749 2092137.060574605, 4905784.6657236125 2092135.900154559, 4905785.81788885 2093056.7816111362, 4904862.081192685 2093057.9440129264))",453090,1,1,1.1962499618530271,77.43902587890625,3.6626182556152345,1.2300000190734863,1094.0,36.88920974731445,2900.0,43,POMCA_076,2,Magdalena Cauca,21,Alto Magdalena,2120,Río Bogotá,593295.0,1.1755585522527832e-06,-0.4834711282198113,1.2621475761759011,-0.14960513730649305,-0.051527027834078136,-0.4739349112852615,1.1823107847553038
"POLYGON ((4907633.285366169 2093054.490841411, 4907632.15580048 2092133.6132902994, 4908555.897920031 2092132.4868458433, 4908557.0161861265 2093053.3624732334, 4907633.285366169 2093054.490841411))",453093,1,2,0.99375,76.8939437866211,3.856075668334961,1.1,1220.0,53.40830612182617,3149.0,43,POMCA_076,2,Magdalena Cauca,21,Alto Magdalena,2120,Río Bogotá,593295.0,1.1755736162395265e-06,-0.4834711282198113,1.2644447180212213,-0.13158666916196265,-0.06496658086866824,-0.4739178941881603,1.2206480500810282
"POLYGON ((4732063.768173095 2092553.3340274876, 4732060.4937719675 2091631.7398787204, 4732984.964401516 2091628.4637499189, 4732988.2274781605 2092550.0522940517, 4732063.768173095 2092553.3340274876))",453903,1,1,0.4991666793823242,86.60131072998047,1.7688373565673827,1.0199999809265137,1438.0,44.10884475708008,3879.0,21,POMCA_149,2,Magdalena Cauca,26,Cauca,2615,Río Chinchiná,105459.0,1.173723203329944e-06,-0.4834711282198113,-0.4834711282198113,-0.14960513730649305,-0.13296442898660918,-0.4760082210515747,-0.4759657027386779
"POLYGON ((4735761.571798067 2092540.2753083229, 4735758.342692795 2091618.7034616002, 4736682.790989019 2091615.472730369, 4736686.008771188 2092537.0390501171, 4735761.571798067 2092540.2753083229))",453907,1,2,0.2845833301544189,85.25,2.1047384262084963,1.0,1253.0,35.98941802978516,4318.0,21,POMCA_149,2,Magdalena Cauca,26,Cauca,2615,Río Chinchiná,105459.0,1.1737803191960805e-06,-0.4834711282198113,-0.4834711282198113,-0.13158666916196265,-0.1400252856378658,-0.4759436998689273,-0.47592671572955686
"POLYGON ((4910403.376418363 2092130.2679316802, 4910402.282634343 2091209.3963150503, 4911326.030331748 2091208.3057109008, 4911327.112835949 2092129.1754617377, 4910403.376418363 2092130.2679316802))",454092,2,4,1.0266666412353516,77.2727279663086,3.755803680419922,1.1,1632.0,72.4505386352539,3091.5,136,POMCA_255,3,Orinoco,35,Meta,3506,Río Guavio,228887.0,2.351148307419936e-06,0.8499115468308588,1.3602422497258568,-0.09554973287290185,-0.04615419250308536,0.8540750873776866,1.3623752156672388
"POLYGON ((4722815.474501181 2091665.1254891749, 4722812.092668559 2090743.4744085888, 4723736.63180343 2090740.0905604102, 4723740.002327534 2091661.7358418843, 4722815.474501181 2091665.1254891749))",454871,1,1,0.7554166793823243,85.3942642211914,1.7249286651611329,0.9300000190734864,1684.0,39.78007125854492,3601.0,20,POMCA_147,2,Magdalena Cauca,26,Cauca,2613,Río Otún y otros directos al Cauca,63162.0,1.173562865369706e-06,-0.4834711282198113,-0.48347112821981136,-0.14960513730649305,-0.1368739969231264,-0.4761893475146334,-0.47618638765846355
"POLYGON ((4876222.131536651 2091257.6974257897, 4876220.622909554 2090336.7433931797, 4877144.464406522 2090335.2369844338, 4877145.9617681345 2091256.1884353603, 4876222.131536651 2091257.6974257897))",455029,1,5,1.2545833587646484,81.67988586425781,2.791695976257324,1.2600000381469727,1073.0,37.28430938720703,2850.6,43,POMCA_076,2,Magdalena Cauca,21,Alto Magdalena,2120,Río Bogotá,593295.0,1.1753485615513154e-06,-0.4834711282198113,-0.4834711282198113,-0.07753126472837145,-0.13654669082970278,-0.4741721281799731,-0.47415056227949426
"POLYGON ((4904859.756262069 2091216.1773570492, 4904858.596796443 2090295.2943598817, 4905782.367334212 2090294.1379036168, 4905783.515538726 2091215.018918845, 4904859.756262069 2091216.1773570492))",455059,2,6,1.0966666221618653,77.35043334960938,3.582363891601562,1.169999885559082,1322.0,58.887393951416016,3102.0,43,POMCA_076,2,Magdalena Cauca,21,Alto Magdalena,2120,Río Bogotá,593295.0,2.351060835318562e-06,0.8499115468308588,1.3256815448081638,-0.05951279658384105,-0.02405639821569912,0.853976274143973,1.185916809718478
"POLYGON ((4905782.367334212 2090294.1379036168, 4905781.221110094 2089373.2571084972, 4906705.0009109285 2089372.113901559, 4906706.135893478 2090292.9927339857, 4905782.367334212 2090294.1379036168))",456014,5,28,0.9608333587646484,76.66666412353516,3.8602489471435546,1.1,1367.0,56.21474456787109,3242.0,43,POMCA_076,2,Magdalena Cauca,21,Alto Magdalena,2120,Río Bogotá,593295.0,5.8776072921921435e-06,4.850059571982869,0.6310944838206739,0.3368935025958278,0.5294321093329306,4.837754573412675,0.4864960349038342
"POLYGON ((4723733.2670925865 2089818.445461436, 4723729.908195072 2088896.8005446496, 4724654.464080048 2088893.4395907314, 4724657.811708409 2089815.0787272598, 4723733.2670925865 2089818.445461436))",456819,1,2,0.4974999904632568,86.81318664550781,1.815338706970215,0.9100000381469726,1444.0,40.02649688720703,3928.0,20,POMCA_147,2,Magdalena Cauca,26,Cauca,2613,Río Otún y otros directos al Cauca,63162.0,1.1735496282110561e-06,-0.4834711282198113,-0.4834711282198113,-0.13158666916196265,-0.14960513730649305,-0.4762043009275595,-0.4761893475146334
"POLYGON ((4874371.403579901 2089418.8310465377, 4874369.877703182 2088497.8722246632, 4875293.746891985 2088496.3484745983, 4875295.261541759 2089417.30467583, 4874371.403579901 2089418.8310465377))",456976,1,2,1.2350000381469726,82.01058197021484,2.705213928222656,1.2600000381469727,987.0,36.12374496459961,2852.5,43,POMCA_076,2,Magdalena Cauca,21,Alto Magdalena,2120,Río Bogotá,593295.0,1.1753071477575539e-06,-0.4834711282198113,-0.4834711282198113,-0.13158666916196265,-0.07753126472837145,-0.47421891144935446,-0.4741721281799731
"POLYGON ((4885457.530530734 2089401.2585130397, 4885456.139366997 2088480.3298616535, 4886379.978405662 2088478.941132617, 4886381.358344305 2089399.867395576, 4885457.530530734 2089401.2585130397))",456986,1,2,1.3425000190734864,81.025634765625,3.401204299926758,1.3000000953674316,1323.0,38.42033386230469,2829.0,43,POMCA_076,2,Magdalena Cauca,21,Alto Magdalena,2120,Río Bogotá,593295.0,1.1753844033730935e-06,-0.4834711282198113,-0.4834711282198113,-0.13158666916196265,-0.14960513730649305,-0.47413163931259195,-0.4741306966437785
"POLYGON ((4905781.221110094 2089373.2571084972, 4905780.076866396 2088452.3765331088, 4906703.8678893745 2088451.23528896, 4906705.0009109285 2089372.113901559, 4905781.221110094 2089373.2571084972))",457007,1,1,0.8804166793823243,76.49370574951172,4.008277511596679,1.0600000381469727,1503.0,56.52555084228516,3449.0,43,POMCA_076,2,Magdalena Cauca,21,Alto Magdalena,2120,Río Bogotá,593295.0,1.1755074526209465e-06,-0.4834711282198113,1.8459188362880663,-0.14960513730649305,0.9811525089874423,-0.4739926362030817,1.5882010604718315
"POLYGON ((4910400.100716113 2089367.6537442901, 4910399.012581947 2088446.7827894038, 4911322.794002284 2088445.6977831838, 4911323.870914894 2089366.5668720019, 4910400.100716113 2089367.6537442901))",457012,2,7,0.9387499809265136,77.06349182128906,3.931948852539063,1.05,1910.0,65.64656066894531,3364.5714285714284,136,POMCA_255,3,Orinoco,35,Meta,3506,Río Guavio,228887.0,2.3510641270061704e-06,0.8499115468308588,0.7054623622133235,-0.04149432843931065,0.5748795599344282,0.8539799926129689,0.6577045992161842
"POLYGON ((4904857.439330636 2089374.4115827251, 4904855.13039857 2087532.6466869367, 4905778.934603138 2087531.4961770745, 4905781.221110094 2089373.2571084972, 4904857.439330636 2089374.4115827251))",457527,2,6,0.9850000381469727,76.87687683105469,3.795930862426758,1.109999942779541,1246.0,44.41661071777344,3242.0,43,POMCA_076,2,Magdalena Cauca,21,Alto Magdalena,2120,Río Bogotá,593295.0,1.1754953968097354e-06,0.8499115468308588,1.3562947514172163,-0.05951279658384105,1.2985809072017773,-0.4740062551018173,1.3581804257539474
"POLYGON ((4733899.707753462 2088860.451208402, 4733896.478396148 2087938.8689911712, 4734820.982920283 2087935.637827802, 4734824.201031791 2088857.2144781337, 4733899.707753462 2088860.451208402))",457781,1,2,0.2995833396911621,86.38613891601562,2.0939125061035155,1.0100000381469727,1309.0,40.35721206665039,4341.5,355,POMCA_146,2,Magdalena Cauca,26,Cauca,2613,Río Otún y otros directos al Cauca,58938.0,1.1736956963918622e-06,-0.4834711282198113,-0.48347112821981136,-0.13158666916196265,-0.03927670433002638,-0.47603929438191356,-0.5343016889861254
"POLYGON ((4746842.113449216 2088816.1643391538, 4746839.041502475 2087894.6582916325, 4747763.469749598 2087891.5848992402, 4747766.530455217 2088813.08565167, 4746842.113449216 2088816.1643391538))",457795,1,1,0.6204166889190674,82.77777862548828,1.864236068725586,1.05,1391.0,40.53887176513672,3609.0,51,POMCA_081,2,Magdalena Cauca,21,Alto Magdalena,2125,Río Lagunilla y Otros Directos al Magdalena,101164.0,1.1738907554071403e-06,-0.4834711282198113,0.0,-0.14960513730649305,0.0,-0.4758189451304165,0.0
"POLYGON ((4885456.139366997 2088480.3298616535, 4885454.750611066 2087559.4014272664, 4886378.600855395 2087558.015086774, 4886379.978405662 2088478.941132617, 4885456.139366997 2088480.3298616535))",457938,1,1,1.3475000381469726,81.28205871582031,3.394512939453125,1.2999999046325683,1244.0,38.98688125610352,2805.0,43,POMCA_076,2,Magdalena Cauca,21,Alto Magdalena,2120,Río Bogotá,593295.0,1.1753704205561115e-06,-0.4834711282198113,-0.4834711282198113,-0.14960513730649305,-0.13158666916196265,-0.4741474350616447,-0.47413163931259195
"POLYGON ((4898389.675817514 2088461.9114227337, 4898388.4439280145 2087541.014667149, 4899312.262528087 2087539.7855536083, 4899313.48321386 2088460.680191535, 4898389.675817514 2088461.9114227337))",457952,1,1,1.1291666984558106,78.15126037597656,3.16826171875,1.190000057220459,1628.0,58.76093292236328,3030.0,43,POMCA_076,2,Magdalena Cauca,21,Alto Magdalena,2120,Río Bogotá,593295.0,1.1754515088343055e-06,-0.4834711282198113,0.11080086425497992,-0.14960513730649305,-0.1084482869975251,-0.47405583334111023,0.11776478630288431
"POLYGON ((4902084.892792949 2088457.05399038, 4902083.705717579 2087536.1655893435, 4903007.5159752 2087534.9813929473, 4903008.691847354 2088455.8677537136, 4902084.892792949 2088457.05399038))",457956,1,2,1.1545833587646483,77.43055725097656,3.374087905883789,1.2,1361.0,47.9686279296875,2946.0,43,POMCA_076,2,Magdalena Cauca,21,Alto Magdalena,2120,Río Bogotá,593295.0,1.1754728877241789e-06,-0.4834711282198113,1.8133020763945327,-0.13158666916196265,1.683236669679148,-0.47403168258665923,1.6823906283305383
"POLYGON ((4903008.691847354 2088455.8677537136, 4903007.5159752 2087534.9813929473, 4903931.324195727 2087533.8084255198, 4903932.488864793 2088454.6927653628, 4903008.691847354 2088455.8677537136))",457957,3,10,1.0904166221618652,76.85184478759766,3.5126926422119142,1.170000076293945,1319.0,43.465633392333984,3143.1,43,POMCA_076,2,Magdalena Cauca,21,Alto Magdalena,2120,Río Bogotá,593295.0,3.5264343245712147e-06,2.1832942218815288,1.010811082611893,0.012561075994280552,1.5708228015312091,2.181741967090949,0.8495690964944278
"POLYGON ((4732971.968277564 2087942.1114264347, 4732968.73329256 2087020.5238072379, 4733893.2546377955 2087017.2869585662, 4733896.478396148 2087938.8689911712, 4732971.968277564 2087942.1114264347))",458743,1,1,0.4541666507720947,86.37820434570312,1.892969512939453,1.040000057220459,1331.0,36.36387634277344,4072.0,355,POMCA_146,2,Magdalena Cauca,26,Cauca,2613,Río Otún y otros directos al Cauca,58938.0,1.1736674122512211e-06,-0.4834711282198113,-0.48347112821981136,-0.14960513730649305,-0.03283209065030658,-0.47607124568244996,-0.5305010789261975
"POLYGON ((4896540.800306051 2087543.5065831905, 4896539.548183416 2086622.6057522127, 4897463.382255734 2086621.35633578, 4897464.623193806 2087542.2550102992, 4896540.800306051 2087543.5065831905))",458908,1,1,1.1533333778381347,77.91666412353516,3.2074726104736326,1.2,1629.0,55.03716659545898,3022.0,43,POMCA_076,2,Magdalena Cauca,21,Alto Magdalena,2120,Río Bogotá,593295.0,1.1754265638140051e-06,-0.4834711282198113,-0.4834711282198113,-0.14960513730649305,-0.14960513730649305,-0.4740840125900618,-0.47405583334111023
"POLYGON ((4913169.298630654 2087522.6963177193, 4913168.24781096 2086601.8313428208, 4914092.046086747 2086600.7836943069, 4914093.085724068 2087521.6468609907, 4913169.298630654 2087522.6963177193))",458926,1,1,1.1587499618530273,76.3043441772461,3.711927795410156,1.1500000953674316,1806.0,56.26774597167969,2888.0,136,POMCA_255,3,Orinoco,35,Meta,3506,Río Guavio,228887.0,1.1755182965959744e-06,-0.4834711282198113,0.24037869605280734,-0.14960513730649305,1.1363706744680209,-0.47398038626027716,0.08934817374437609
"POLYGON ((4728346.041962626 2087036.876849804, 4728342.756555193 2086115.261188979, 4729267.317375512 2086111.9737567261, 4729270.59157406 2087033.583733572, 4728346.041962626 2087036.876849804))",459680,1,1,0.4629166603088379,86.61859130859375,1.8022506713867188,1.0399999618530271,1186.0,47.102352142333984,4089.0,355,POMCA_146,2,Magdalena Cauca,26,Cauca,2613,Río Otún y otros directos al Cauca,58938.0,1.1735811897546106e-06,-0.4834711282198113,-0.4834711282198113,-0.14960513730649305,-0.1302416102133242,-0.4761686472947941,-0.4761258633612558
"POLYGON ((4731119.673739788 2087027.0312633826, 4731116.421957965 2086105.4325962237, 4732040.965759072 2086102.1788672784, 4732044.206333051 2087023.771908728, 4731119.673739788 2087027.0312633826))",459683,1,2,0.5212500095367432,86.55661010742188,1.9320859909057615,1.059999942779541,1279.0,41.03936004638672,4007.0,355,POMCA_146,2,Magdalena Cauca,26,Cauca,2613,Río Otún y otros directos al Cauca,58938.0,1.1736246988599848e-06,-0.4834711282198113,-0.48347112821981125,-0.13158666916196265,-0.06861749230187747,-0.47611949704768114,-0.5188845012537521
"POLYGON ((4732044.206333051 2087023.771908728, 4732040.965759072 2086102.1788672784, 4732965.503926079 2086098.9363720748, 4732968.73329256 2087020.5238072379, 4732044.206333051 2087023.771908728))",459684,1,1,0.5400000095367432,86.16352081298828,1.8090673446655277,1.0600000381469727,1288.0,41.223670959472656,3910.0,355,POMCA_146,2,Magdalena Cauca,26,Cauca,2613,Río Otún y otros directos al Cauca,58938.0,1.173639102797231e-06,-0.4834711282198113,-0.4834711282198113,-0.14960513730649305,-0.04206415395683569,-0.47610322557831947,-0.5269211102763276
"POLYGON ((4732968.73329256 2087020.5238072379, 4732965.503926079 2086098.9363720748, 4733890.036478469 2086095.7051102682, 4733893.2546377955 2087017.2869585662, 4732968.73329256 2087020.5238072379))",459685,1,8,0.4400000095367432,85.8974380493164,1.9656131744384768,1.0399999618530271,1315.0,36.50824737548828,4086.0,355,POMCA_146,2,Magdalena Cauca,26,Cauca,2613,Río Otún y otros directos al Cauca,58938.0,1.173653457183518e-06,-0.4834711282198113,-0.48347112821981136,-0.02347586029478025,-0.03306585640417479,-0.47608701008441096,-0.5491352968378707
"POLYGON ((4731116.421957965 2086105.4325962237, 4731113.175833728 2085183.8341122328, 4732037.730823179 2085180.586009271, 4732040.965759072 2086102.1788672784, 4731116.421957965 2086105.4325962237))",460622,1,1,0.5383333206176758,86.5079345703125,1.8381473541259763,1.05,1317.0,45.07957077026367,3943.0,355,POMCA_146,2,Magdalena Cauca,26,Cauca,2613,Río Otún y otros directos al Cauca,58938.0,1.173610768026943e-06,-0.4834711282198113,-0.48347112821981125,-0.14960513730649305,-0.05309477000357981,-0.47613523407285335,-0.5266246800788036
"POLYGON ((4734814.563435728 2086092.485081515, 4734811.362062807 2085170.9089849223, 4735735.894631393 2085167.7057371743, 4735739.084817338 2086089.2762854723, 4734814.563435728 2086092.485081515))",460625,1,1,0.3174999952316284,85.64356231689453,2.039385223388672,1.0100000381469727,1177.0,36.71199035644531,4289.0,355,POMCA_146,2,Magdalena Cauca,26,Cauca,2613,Río Otún y otros directos al Cauca,58938.0,1.1736680871863088e-06,-0.4834711282198113,-0.48347112821981136,-0.14960513730649305,0.1726639991887308,-0.47607048323913936,-0.6700656179297444
"POLYGON ((4903005.170347119 2085693.2093270868, 4903004.00059124 2084772.3236212388, 4903927.842304491 2084771.1567171738, 4903929.000915553 2085692.0404018026, 4903005.170347119 2085693.2093270868))",460792,4,207,0.9720833778381349,76.529052734375,3.576808547973633,1.0899999618530274,1642.0,46.12977600097656,3243.864734299517,43,POMCA_076,2,Magdalena Cauca,21,Alto Magdalena,2120,Río Bogotá,593295.0,4.701745244832339e-06,3.5166768969321986,1.3077381971977493,3.5621993004667694,3.258375774697478,3.5094369787088375,1.2415794990662348
"POLYGON ((4903929.000915553 2085692.0404018026, 4903927.842304491 2084771.1567171738, 4904851.681999688 2084770.0009839088, 4904852.829466056 2085690.8826666672, 4903929.000915553 2085692.0404018026))",460793,5,877,0.8850000381469727,76.34920501708984,3.872983551025391,1.05,1449.0,44.95082473754883,3359.801596351197,43,POMCA_076,2,Magdalena Cauca,21,Alto Magdalena,2120,Río Bogotá,593295.0,5.877207410846715e-06,4.850059571982869,0.9485886206449985,15.634572957302138,0.668505022248686,4.837302845739247,0.894319109223041
"POLYGON ((4904852.829466056 2085690.8826666672, 4904851.681999688 2084770.0009839088, 4905775.519696245 2084768.8564213212, 4905776.65601804 2085689.7361215581, 4904852.829466056 2085690.8826666672))",460794,1,52,0.7920833587646483,76.48515319824219,4.103536605834961,1.0100000381469727,1618.0,45.6742057800293,3614.423076923077,43,POMCA_076,2,Magdalena Cauca,21,Alto Magdalena,2120,Río Bogotá,593295.0,1.175446603420667e-06,-0.4834711282198113,1.5948017118304558,0.7693367380645575,3.0366919391277927,-0.474061374762623,1.5325994839559391
"POLYGON ((4909471.942628977 2085685.2618389642, 4909470.8508842755 2084764.3898753286, 4910394.678878789 2084763.3011643274, 4910395.75947951 2085684.1712421828, 4909471.942628977 2085685.2618389642))",460798,2,32,0.8375,75.32679748535156,4.207677078247071,1.0199999809265137,2071.0,54.07318878173828,3478.25,136,POMCA_255,3,Orinoco,35,Meta,3506,Río Guavio,228887.0,2.3509429281718885e-06,0.8499115468308588,0.09248074388442323,0.4089673751739494,1.0639490520675388,0.8538430798310692,0.06301596990354474
"POLYGON ((4910395.75947951 2085684.1712421828, 4910394.678878789 2084763.3011643274, 4911318.504991124 2084762.2236232918, 4911319.574447979 2085683.0918347144, 4910395.75947951 2085684.1712421828))",460799,2,8,0.9208333015441894,75.55555725097656,3.976255035400391,1.05,2121.0,54.15322113037109,3299.0,136,POMCA_255,3,Orinoco,35,Meta,3506,Río Guavio,228887.0,2.350952574193997e-06,0.8499115468308588,0.0025648425321766408,-0.02347586029478025,1.078696371775794,0.8538539765012307,-0.051779742321146266
"POLYGON ((4912243.387553798 2085682.023616445, 4912242.329240695 2084761.1572521077, 4914089.972229175 2084759.0580188413, 4914091.008255109 2085679.9207470499, 4912243.387553798 2085682.023616445))",460801,1,167,1.0725000381469727,75.67566680908203,3.614994430541992,1.1100000381469726,2087.0,62.30487823486328,3043.0,136,POMCA_255,3,Orinoco,35,Meta,3506,Río Guavio,228887.0,5.877440573971869e-07,-0.4834711282198113,0.3545648632099091,2.8414605746855535,0.3353203223992934,-1.1379620713520384,0.36055737780468344
"POLYGON ((4733890.036478469 2086095.7051102682, 4733883.616957154 2084252.541965322, 4734808.166269545 2084249.3330722721, 4734814.563435728 2086092.485081515, 4733890.036478469 2086095.7051102682))",461326,1,58,0.40250000953674314,86.1111068725586,2.039384651184082,1.0199999809265137,1328.0,33.845821380615234,4132.206896551724,355,POMCA_146,2,Magdalena Cauca,26,Cauca,2613,Río Otún y otros directos al Cauca,58938.0,5.868234425194622e-07,-0.4834711282198113,-0.48347112821981125,0.8774475469317399,-0.127459187050684,-1.1390020478890597,-0.47609907671033974
"POLYGON ((4903927.842304491 2084771.1567171738, 4903926.685712811 2083850.273250196, 4904850.5365332775 2083849.1195188984, 4904851.681999688 2084770.0009839088, 4903927.842304491 2084771.1567171738))",461753,2,4,0.8491666793823243,76.0517807006836,3.9012428283691407,1.0299999237060546,1735.0,48.21200942993164,3481.0,43,POMCA_076,2,Magdalena Cauca,21,Alto Magdalena,2120,Río Bogotá,593295.0,2.3508551980478685e-06,0.8499115468308588,1.391309914877789,-0.09554973287290185,2.8920027385446376,0.8537439751209691,1.3480517894438666
"POLYGON ((4908547.020988176 2084765.4897564112, 4908545.920021639 2083844.6161057758, 4909469.761042411 2083843.5181299138, 4909470.8508842755 2084764.3898753286, 4908547.020988176 2084765.4897564112))",461758,1,10,0.7883333206176758,74.58745574951172,4.313475036621094,1.0100000381469727,2102.0,55.92943954467772,3481.0,136,POMCA_255,3,Orinoco,35,Meta,3506,Río Guavio,228887.0,1.175452708541095e-06,-0.4834711282198113,0.4205466442189278,0.012561075994280552,1.3488317517254473,-0.47405447808720047,0.40406906145896365
"POLYGON ((4909470.8508842755 2084764.3898753286, 4909469.761042411 2083843.5181299138, 4910393.6001614835 2083842.4313047847, 4910394.678878789 2084763.3011643274, 4909470.8508842755 2084764.3898753286))",461759,1,266,0.8337499618530273,74.91829681396484,4.123794937133789,1.0199999809265137,2084.0,55.620582580566406,3466.124060150376,136,POMCA_255,3,Orinoco,35,Meta,3506,Río Guavio,228887.0,1.1754575813184187e-06,-0.4834711282198113,0.28702368453179683,4.6252889209940635,0.1924671365686727,-0.4740489735334404,0.2644885600721599
"POLYGON ((4913166.151646908 2084760.1020506616, 4913165.106302593 2083839.237732644, 4914088.938008966 2083838.1955093027, 4914089.972229175 2084759.0580188413, 4913166.151646908 2084760.1020506616))",461763,2,4,0.975416660308838,75.70755004882812,3.750505065917969,1.0600000381469727,1975.0,55.50828552246094,3266.0,136,POMCA_255,3,Orinoco,35,Meta,3506,Río Guavio,228887.0,2.3509531506849686e-06,0.8499115468308588,-0.09641414769815984,-0.09554973287290185,1.0514541170065934,0.8538546277367243,-0.26029668669538775
"POLYGON ((4729260.786068236 2084268.7543505663, 4729257.52895964 2083347.1449206204, 4730182.117596012 2083343.8857184744, 4730185.363554572 2084265.4894830368, 4729260.786068236 2084268.7543505663))",462507,1,1,0.5974999904632569,87.05501556396484,1.698929786682129,1.0300000190734864,1259.0,43.306034088134766,3782.0,355,POMCA_146,2,Magdalena Cauca,26,Cauca,2613,Río Otún y otros directos al Cauca,58938.0,1.1735540225327604e-06,-0.4834711282198113,-0.48347112821981125,-0.14960513730649305,-0.03772314233263628,-0.4761993368632378,-0.5368019622942486
"POLYGON ((4913165.106302593 2083839.237732644, 4913164.062783444 2082918.3736328294, 4914087.905594502 2082917.3332180548, 4914088.938008966 2083838.1955093027, 4913165.106302593 2083839.237732644))",462696,1,5,0.8733333587646485,75.32679748535156,4.013236236572266,1.0200000762939454,1657.0,55.04150390625,3382.0,136,POMCA_255,3,Orinoco,35,Meta,3506,Río Guavio,228887.0,1.1754627173695117e-06,-0.4834711282198113,0.27554514519790957,-0.07753126472837145,0.6709882577585243,-0.4740431715713399,0.18942714230700342
"POLYGON ((4732031.277865914 2083337.400842316, 4732028.059844672 2082415.8085327332, 4732952.642646687 2082412.5884654096, 4732955.849538425 2083334.1751676134, 4732031.277865914 2083337.400842316))",463457,1,1,0.5120833396911622,85.86601257324219,1.7895952224731446,1.0200000762939454,1285.0,37.76707458496094,3990.0,355,POMCA_146,2,Magdalena Cauca,26,Cauca,2613,Río Otún y otros directos al Cauca,58938.0,1.1735835277706299e-06,-0.4834711282198113,-0.48347112821981136,-0.14960513730649305,0.007373190422039003,-0.4761660061449907,-0.5656691491092134
"POLYGON ((4887295.652524677 2082952.0248398543, 4887294.300394189 2082031.1024587508, 4888218.212709225 2082029.7526824062, 4888219.553750909 2082950.6727129803, 4887295.652524677 2082952.0248398543))",463615,1,1,1.2300000190734863,80.73770904541016,3.0451154708862305,1.219999885559082,983.0,35.159481048583984,2854.0,43,POMCA_076,2,Magdalena Cauca,21,Alto Magdalena,2120,Río Bogotá,593295.0,1.1752992207809819e-06,-0.4834711282198113,-0.09916839909454148,-0.14960513730649305,-0.09406860255026472,-0.4742278661923679,-0.0916069412484842
"POLYGON ((4904849.393066846 2082928.238271259, 4904848.251600416 2082007.3572406129, 4905772.122614143 2082006.2186261672, 4905773.252994274 2082927.097674003, 4904849.393066846 2082928.238271259))",463633,1,1,0.7704166889190673,75.50505065917969,4.042155456542969,0.9899999618530272,1919.0,60.61880111694336,3506.0,138,POMCA_251,3,Orinoco,35,Meta,3502,Río Guayuriba,319907.0,1.1754050278444498e-06,-0.4834711282198113,0.8071976376010582,-0.14960513730649305,0.774722727573021,-0.4741083407902478,0.8111403196252522
"POLYGON ((4906697.110942231 2082925.9682086026, 4906695.99164828 2082005.0911242254, 4907619.858722238 2082003.9747346684, 4907620.966930129 2082924.8498749381, 4906697.110942231 2082925.9682086026))",463635,1,3,0.777916669845581,74.75,4.070170211791992,1.0,1962.0,56.95942687988281,3528.0,138,POMCA_251,3,Orinoco,35,Meta,3502,Río Guayuriba,319907.0,1.1754151216151085e-06,-0.4834711282198113,0.7574736858826151,-0.11356820101743226,0.6642683156820619,-0.4740969383190201,0.7616326653004101
"POLYGON ((4916859.423276776 2082914.2787582064, 4916858.425923209 2081993.4219947357, 4917782.272716539 2081992.427833841, 4917783.258985275 2082913.2828660551, 4916859.423276776 2082914.2787582064))",463646,3,3,0.8874999999999998,75.08251190185547,4.008513641357422,1.009999942779541,2161.0,58.11089706420898,3288.0,136,POMCA_255,3,Orinoco,35,Meta,3506,Río Guavio,228887.0,3.5264012491867513e-06,2.1832942218815288,-0.24085842105083266,-0.11356820101743226,0.32463054517642814,2.1817046033413208,-0.3323712596235018
"POLYGON ((4887294.300394189 2082031.1024587508, 4887292.950632838 2081110.1802922632, 4888216.874017249 2081108.8328665616, 4888218.212709225 2082029.7526824062, 4887294.300394189 2082031.1024587508))",464578,1,3,1.2087499618530273,80.90277862548828,2.985760879516602,1.2,1047.0,31.56251716613769,2870.6666666666665,43,POMCA_076,2,Magdalena Cauca,21,Alto Magdalena,2120,Río Bogotá,593295.0,1.1752854100343853e-06,-0.4834711282198113,-0.0722334350109486,-0.11356820101743226,-0.11019711285981108,-0.4742434675613732,-0.06478473335030908
"POLYGON ((4890066.03031318 2082027.086474585, 4890064.713759528 2081106.1713019575, 4890988.630156236 2081104.8571627717, 4890989.935640936 2082025.7700428257, 4890066.03031318 2082027.086474585))",464581,2,8,1.0941666603088378,80.11695861816406,3.0363948822021483,1.140000057220459,1023.0,31.547874450683597,3177.0,43,POMCA_076,2,Magdalena Cauca,21,Alto Magdalena,2120,Río Bogotá,593295.0,2.3506066190119224e-06,0.8499115468308588,-0.03109319599491156,-0.02347586029478025,-0.11812322762883956,0.853463166749049,-0.02383484227309915
"POLYGON ((4899304.982859392 2082014.422296727, 4899303.776989158 2081093.5291788487, 4900227.671355771 2081092.3259858226, 4900228.866158386 2082013.2170046763, 4899304.982859392 2082014.422296727))",464589,3,14,1.0612500190734864,77.11988830566406,3.458356475830078,1.1399999618530274,1379.0,45.5460090637207,3108.0,43,POMCA_076,2,Magdalena Cauca,21,Alto Magdalena,2120,Río Bogotá,593295.0,3.526079231230399e-06,2.1832942218815288,0.23860158925905606,0.08463494857240215,-0.10858232586677624,2.181340834378632,0.24485180181534136
"POLYGON ((4903924.378587685 2082008.5069676836, 4903923.228054284 2081087.6241513947, 4904847.112134011 2081086.4764265828, 4904848.251600416 2082007.3572406129, 4903924.378587685 2082008.5069676836))",464594,3,11,0.7920833587646484,75.50505065917969,4.002602767944336,0.9899999618530271,1679.0,64.28155517578125,3562.4545454545455,138,POMCA_251,3,Orinoco,35,Meta,3502,Río Guayuriba,319907.0,3.5261582907493793e-06,2.1832942218815288,0.5317960386384537,0.030579544138810952,0.5090315869971251,2.181430144302637,0.536876624904192
"POLYGON ((4904848.251600416 2082007.3572406129, 4904847.112134011 2081086.4764265828, 4905770.994214614 2081085.339795043, 4905772.122614143 2082006.2186261672, 4904848.251600416 2082007.3572406129))",464595,1,1,0.8612500190734863,75.82508087158203,3.814595413208008,1.0100000381469727,1616.0,62.67943954467773,3442.0,138,POMCA_251,3,Orinoco,35,Meta,3502,Río Guayuriba,319907.0,1.1753912184252884e-06,-0.4834711282198113,0.8066581381189262,-0.14960513730649305,0.4476221241253471,-0.47412394065971036,0.8105881741854674
"POLYGON ((4905772.122614143 2082006.2186261672, 4905770.994214614 2081085.339795043, 4906694.874315504 2081084.2142566552, 4906695.99164828 2082005.0911242254, 4905772.122614143 2082006.2186261672))",464596,3,22,0.8645833015441895,75.82508087158203,3.9048824310302734,1.0100000381469727,1615.0,66.11293029785156,3414.6363636363635,138,POMCA_251,3,Orinoco,35,Meta,3502,Río Guayuriba,319907.0,3.5261888706842822e-06,2.1832942218815288,0.5352284578868629,0.22878269372864535,0.47444354750999296,2.181464689056988,0.5403002775178756
"POLYGON ((4906695.99164828 2082005.0911242254, 4906694.874315504 2081084.2142566552, 4907618.752456099 2081083.0998112992, 4907619.858722238 2082003.9747346684, 4906695.99164828 2082005.0911242254))",464597,2,36,0.84375,75.1650161743164,3.897114181518555,1.0100000381469727,1635.0,57.26383590698242,3465.0555555555557,138,POMCA_251,3,Orinoco,35,Meta,3502,Río Guayuriba,319907.0,2.3508026246454745e-06,0.8499115468308588,0.6605183120307463,0.48104124775207097,0.37835125912552586,0.8536845853519309,0.6650646929916523
"POLYGON ((4908543.723855438 2082002.869457377, 4908542.628655816 2081081.9964588573, 4909466.502934067 2081080.9041992119, 4909467.587067286 2082001.7752922336, 4908543.723855438 2082002.869457377))",464599,1,1,0.7145833492279052,74.65635681152344,4.064583206176758,0.9699999809265136,1701.0,61.3147087097168,3566.0,138,POMCA_251,3,Orinoco,35,Meta,3502,Río Guayuriba,319907.0,1.175411207380657e-06,-0.4834711282198113,0.5404014067121365,-0.14960513730649305,0.20647397993706834,-0.4741013600507219,0.5454618861971583
"POLYGON ((4742195.074811777 2081459.469788183, 4742191.990044344 2080537.9384613677, 4743116.534335471 2080534.85187642, 4743119.608016074 2081456.3778089813, 4742195.074811777 2081459.469788183))",465404,1,52,0.534583330154419,85.29873657226562,1.9477064132690427,1.0600000381469727,1352.0,42.58602142333984,3940.980769230769,50,POMCA_080,2,Magdalena Cauca,21,Alto Magdalena,2124,Río Totaré,143713.0,1.1737110721788375e-06,-0.4834711282198113,0.0,0.7693367380645575,0.0,-0.47602192505834573,0.0
"POLYGON ((4900227.671355771 2081092.3259858226, 4900226.4786503315 2080171.4351827155, 4901150.381968797 2080170.2451633546, 4901151.563626171 2081091.1338866903, 4900227.671355771 2081092.3259858226))",465563,2,2,0.9329166412353516,77.0249252319336,3.5768081665039064,1.0699999809265135,1467.0,50.98505401611328,3376.0,43,POMCA_076,2,Magdalena Cauca,21,Alto Magdalena,2120,Río Bogotá,593295.0,2.350702657199704e-06,0.8499115468308588,0.3506553730416831,-0.13158666916196265,-0.06587745800453877,0.8535716566989375,0.35644465960386
"POLYGON ((4902075.45381978 2081089.9528813248, 4902074.283210346 2080169.0662184064, 4902998.182394393 2080167.8983477456, 4902999.341956012 2081088.7829696012, 4902075.45381978 2081089.9528813248))",465565,1,1,0.8979166984558106,76.68269348144531,3.6832439422607424,1.0399999618530271,1796.0,50.93023300170898,3481.0,138,POMCA_251,3,Orinoco,35,Meta,3502,Río Guayuriba,319907.0,1.1753619197065521e-06,-0.4834711282198113,0.807254753726853,-0.14960513730649305,0.6003709406070201,-0.47415703808273457,0.8111632229068622
"POLYGON ((4903923.228054284 2081087.6241513947, 4903922.079540358 2080166.7415512484, 4904845.974667655 2080165.5958287916, 4904847.112134011 2081086.4764265828, 4903923.228054284 2081087.6241513947))",465567,1,10,0.8595833778381348,76.75,3.8698040008544923,1.0,1851.0,59.50007629394531,3503.8,138,POMCA_251,3,Orinoco,35,Meta,3502,Río Guayuriba,319907.0,1.1753723119853992e-06,-0.4834711282198113,0.7654715549516296,0.012561075994280552,0.3850113389964623,-0.47414529840045416,0.7695612512448532
"POLYGON ((4906694.874315504 2081084.2142566552, 4906693.758943927 2080163.3376055143, 4907617.648131732 2080162.225104454, 4907618.752456099 2081083.0998112992, 4906694.874315504 2081084.2142566552))",465570,2,2,0.9008333206176756,74.67948913574219,3.8009166717529297,1.0399999618530271,1585.0,51.66568374633789,3272.0,138,POMCA_251,3,Orinoco,35,Meta,3502,Río Guayuriba,319907.0,2.350775055164299e-06,0.8499115468308588,0.6932591444662854,-0.13158666916196265,0.14641989751638126,0.8536534413695185,0.6976520261315695
"POLYGON ((4907618.752456099 2081083.0998112992, 4907617.648131732 2080162.225104454, 4908541.535378544 2080161.1236769543, 4908542.628655816 2081081.9964588573, 4907618.752456099 2081083.0998112992))",465571,4,15,0.8612500190734863,74.7549057006836,4.000709533691406,1.0199999809265137,1382.0,48.10984420776367,3367.8,138,POMCA_251,3,Orinoco,35,Meta,3502,Río Guayuriba,319907.0,4.701570000098151e-06,3.5166768969321986,0.2965572897939765,0.10265341671693255,0.10188443555626782,3.509239012744783,0.30261771936604726
"POLYGON ((4909466.502934067 2081080.9041992119, 4909465.420703772 2080160.0333228987, 4910389.304126838 2080158.954042171, 4910390.37531027 2081079.8230322471, 4909466.502934067 2081080.9041992119))",465573,1,1,0.7800000190734864,74.5791244506836,4.128613662719727,0.9899999618530272,1336.0,48.53407287597656,3462.0,138,POMCA_251,3,Orinoco,35,Meta,3502,Río Guayuriba,319907.0,1.1754022957859267e-06,-0.4834711282198113,0.39151432190831487,-0.14960513730649305,0.17229579597021744,-0.47411142707185217,0.397197624065481
"POLYGON ((4918705.144307316 2081070.5916816355, 4918704.172540673 2080149.7387968623, 4919628.038009962 2080148.7702433055, 4919628.998730827 2081069.6214353563, 4918705.144307316 2081070.5916816355))",465583,1,1,1.2050000190734864,75.2173843383789,3.94853401184082,1.1500000953674316,2329.0,52.73591232299805,2804.0,136,POMCA_255,3,Orinoco,35,Meta,3506,Río Guavio,228887.0,1.1754482918309416e-06,-0.4834711282198113,0.7356992589247111,-0.14960513730649305,-0.13313005990031362,-0.4740594674427296,0.7400457393384149
"POLYGON ((4903922.079540358 2080166.7415512484, 4903920.9330459265 2079245.859166867, 4904844.839201368 2079244.7154468622, 4904845.974667655 2080165.5958287916, 4903922.079540358 2080166.7415512484))",466534,1,2,0.9983333587646483,76.32398986816406,3.4793758392333984,1.0700000762939452,1937.0,56.614891052246094,3298.0,138,POMCA_251,3,Orinoco,35,Meta,3502,Río Guayuriba,319907.0,1.1753585516043103e-06,-0.4834711282198113,0.5436127627267796,-0.13158666916196265,-0.024928483671375113,-0.47416084287384824,0.5486132153838422
"POLYGON ((4905769.867795706 2080164.461180254, 4905768.743357444 2079243.5827814215, 4906692.645533569 2079242.4611704252, 4906693.758943927 2080163.3376055143, 4905769.867795706 2080164.461180254))",466536,4,7,0.9529167175292969,75.23584747314453,3.670882415771485,1.0600000381469727,1664.0,61.82318115234375,3229.714285714286,138,POMCA_251,3,Orinoco,35,Meta,3502,Río Guayuriba,319907.0,4.701474980681075e-06,3.5166768969321986,0.39623869434127246,-0.04149432843931065,0.0185519238245209,3.5091316736535823,0.4018686095939194
"POLYGON ((4906693.758943927 2080163.3376055143, 4906692.645533569 2079242.4611704252, 4907616.545749161 2079241.3506137538, 4907617.648131732 2080162.225104454, 4906693.758943927 2080163.3376055143))",466537,2,48,0.9550000190734864,75.87301635742188,3.6618423461914062,1.05,1586.0,51.49553298950195,3237.4791666666665,138,POMCA_251,3,Orinoco,35,Meta,3502,Río Guayuriba,319907.0,2.350747534781697e-06,0.8499115468308588,0.675515921696094,0.6972628654864358,-0.052900891998164785,0.8536223528515202,0.6799708458314796
"POLYGON ((4907617.648131732 2080162.225104454, 4907616.545749161 2079241.3506137538, 4908540.444023642 2079240.2511112895, 4908541.535378544 2080161.1236769543, 4907617.648131732 2080162.225104454))",466538,1,4,0.8679166793823242,75.40849304199219,3.88153190612793,1.0200000762939454,1620.0,55.964088439941406,3439.0,138,POMCA_251,3,Orinoco,35,Meta,3502,Río Guayuriba,319907.0,1.1753787398956292e-06,-0.4834711282198113,0.6637986846144771,-0.09554973287290185,0.0953958668893036,-0.4741380370841502,0.6683075466854203
"POLYGON ((4908541.535378544 2080161.1236769543, 4908540.444023642 2079240.2511112895, 4909464.340376424 2079239.1626629152, 4909465.420703772 2080160.0333228987, 4908541.535378544 2080161.1236769543))",466539,1,1,0.7366666793823242,75.0859146118164,4.108379745483399,0.9699999809265136,1483.0,55.67673873901367,3591.0,138,POMCA_251,3,Orinoco,35,Meta,3502,Río Guayuriba,319907.0,1.1753836626956707e-06,-0.4834711282198113,0.4438399473177835,-0.14960513730649305,0.08008713245432203,-0.4741324760220128,0.44927527662205047
"POLYGON ((4729244.557493735 2079660.7090143594, 4729241.328869704 2078739.1004895954, 4730165.972963736 2078735.8696184852, 4730169.190535238 2079657.4724764947, 4729244.557493735 2079660.7090143594))",467341,1,3,0.5175000190734863,86.56462860107422,1.7385982513427731,0.9799999237060547,1243.0,49.31906509399414,4033.0,355,POMCA_146,2,Magdalena Cauca,26,Cauca,2613,Río Otún y otros directos al Cauca,58938.0,1.1734849814098484e-06,-0.4834711282198113,-0.4834711282198113,-0.11356820101743226,-0.14960513730649305,-0.47627732946324386,-0.47625200438661264
"POLYGON ((4887290.258217657 2079268.3366016413, 4887288.9155638805 2078347.4150767592, 4888212.87203984 2078346.0747036673, 4888214.203682529 2079266.9938775664, 4887290.258217657 2079268.3366016413))",467501,2,6,1.1612500190734862,81.25000762939453,3.0385780334472656,1.159999942779541,1057.0,36.42953872680664,3014.0,43,POMCA_076,2,Magdalena Cauca,21,Alto Magdalena,2120,Río Bogotá,593295.0,2.350488250225517e-06,0.8499115468308588,-0.25805456800697296,-0.05951279658384105,-0.1216200650411084,0.8533294509428463,-0.24987209485208156
"POLYGON ((4904844.839201368 2079244.7154468622, 4904843.705735175 2078323.8352804168, 4905767.620899849 2078322.704598169, 4905768.743357444 2079243.5827814215, 4904844.839201368 2079244.7154468622))",467520,1,1,1.0220833778381349,76.46604919433594,3.467108154296875,1.0800000190734864,1868.0,62.209014892578125,3149.0,138,POMCA_251,3,Orinoco,35,Meta,3502,Río Guayuriba,319907.0,1.1753499374718875e-06,-0.4834711282198113,0.5949722188230098,-0.14960513730649305,-0.031846315958128035,-0.4741705738654096,0.5997454764419371
"POLYGON ((4907616.545749161 2079241.3506137538, 4907615.445308407 2078320.4763388212, 4908539.354591132 2078319.3787614848, 4908540.444023642 2079240.2511112895, 4907616.545749161 2079241.3506137538))",467523,2,2,0.8870833396911622,75.0,3.863925552368164,1.0300000190734864,1524.0,53.50279235839844,3388.5,138,POMCA_251,3,Orinoco,35,Meta,3502,Río Guayuriba,319907.0,2.3507300086292292e-06,0.8499115468308588,0.39496477249393724,-0.13158666916196265,-0.005840519841381607,0.8536025543583697,0.40059676549381434
"POLYGON ((4908540.444023642 2079240.2511112895, 4908539.354591132 2078319.3787614848, 4909463.2619520435 2078318.2922188838, 4909464.340376424 2079239.1626629152, 4908540.444023642 2079240.2511112895))",467524,1,3,0.7275000095367433,75.69444274902344,4.103767395019531,0.9600000381469728,1454.0,55.5848274230957,3622.0,138,POMCA_251,3,Orinoco,35,Meta,3502,Río Guayuriba,319907.0,1.1753699271757575e-06,-0.4834711282198113,0.444619634663674,-0.11356820101743226,-0.02938552693903773,-0.47414799241087335,0.4500410000284575
"POLYGON ((4915007.679224875 2079232.8641021738, 4915006.666846903 2078312.004686346, 4915930.561298847 2078310.9953837292, 4915931.562669467 2079231.8530292604, 4915007.679224875 2079232.8641021738))",467531,1,1,0.8483333587646484,74.34640502929688,4.10284423828125,1.0200000762939454,2036.0,61.663211822509766,3489.0,136,POMCA_255,3,Orinoco,35,Meta,3506,Río Guavio,228887.0,1.1754029952142383e-06,-0.4834711282198113,0.20353878602923053,-0.14960513730649305,-0.1248986887532829,-0.47411063695966627,0.21009744404183542
"POLYGON ((4928865.754259936 2079218.8585475737, 4928864.906981603 2078298.0236542043, 4929788.776975271 2078297.1798486675, 4929789.613247724 2079218.0132620176, 4928865.754259936 2079218.8585475737))",467546,1,36,1.0149999618530274,76.79127502441406,4.005677032470703,1.0699999809265135,2188.0,47.26827621459961,3256.6666666666665,136,POMCA_255,3,Orinoco,35,Meta,3506,Río Guavio,228887.0,1.1754656521471154e-06,-0.4834711282198113,-0.4834711282198113,0.48104124775207097,-0.14960513730649305,-0.4740398562872586,-0.4740596692064143
"POLYGON ((4886364.956719421 2078348.7664875642, 4886363.605443091 2077427.842805346, 4887287.575279349 2077426.4937649975, 4887288.9155638805 2078347.4150767592, 4886364.956719421 2078348.7664875642))",468457,1,4,1.2666666984558106,81.0298080444336,3.1502765655517577,1.230000114440918,1029.0,31.0291690826416,2894.0,43,POMCA_076,2,Magdalena Cauca,21,Alto Magdalena,2120,Río Bogotá,593295.0,1.1752243463810223e-06,-0.4834711282198113,-0.0968635673591673,-0.09554973287290185,-0.1215025669472198,-0.47431244837875824,-0.0893906129569238
"POLYGON ((4887288.9155638805 2078347.4150767592, 4887287.575279349 2077426.4937649975, 4888211.542746965 2077425.155743002, 4888212.87203984 2078346.0747036673, 4887288.9155638805 2078347.4150767592))",468458,1,1,1.128333282470703,81.43274688720703,2.7988088607788084,1.1399999618530274,967.0,28.080177307128903,3015.0,43,POMCA_076,2,Magdalena Cauca,21,Alto Magdalena,2120,Río Bogotá,593295.0,1.1752304125712e-06,-0.4834711282198113,0.004649509474647057,-0.14960513730649305,-0.1030179243270531,-0.4743055956810596,0.011690604330721607
"POLYGON ((4892832.619571915 2078339.538398971, 4892831.345235227 2077418.6309033844, 4893755.298898886 2077417.3589885628, 4893756.562244749 2078338.264249212, 4892832.619571915 2078339.538398971))",468464,2,3,1.1820833206176755,79.5138931274414,3.312910461425781,1.1999999046325684,1020.0,32.65238571166992,2956.0,43,POMCA_076,2,Magdalena Cauca,21,Alto Magdalena,2120,Río Bogotá,593295.0,2.3505315319339283e-06,0.8499115468308588,0.8499115468308588,-0.11356820101743226,-0.02347586029478025,0.8533783443100066,0.853463166749049
"POLYGON ((4898376.2425092505 2078332.0590488762, 4898375.034115531 2077411.1646725326, 4899298.9746744875 2077409.9588600209, 4899300.172078168 2078330.8511175776, 4898376.2425092505 2078332.0590488762))",468470,1,1,1.1262499809265136,78.47826385498047,3.24124755859375,1.15,1217.0,37.72751235961914,3008.0,138,POMCA_251,3,Orinoco,35,Meta,3502,Río Guayuriba,319907.0,1.1752993299710705e-06,-0.4834711282198113,0.3885892284823595,-0.14960513730649305,-0.09657183314007929,-0.4742277428453169,0.3941856027744496
"POLYGON ((4904843.705735175 2078323.8352804168, 4904842.574269097 2077402.9553290782, 4905766.500422944 2077401.8266301185, 4905767.620899849 2078322.704598169, 4904843.705735175 2078323.8352804168))",468477,2,2,1.0637499809265136,76.59090423583984,3.542759323120117,1.1,1917.0,61.470027923583984,3096.0,138,POMCA_251,3,Orinoco,35,Meta,3502,Río Guayuriba,319907.0,2.3506724524991373e-06,0.8499115468308588,0.3488595844452929,-0.13158666916196265,-0.044178822438389685,0.8535375358296606,0.35466570703483136
"POLYGON ((4927941.0354932975 2078298.8784922091, 4927940.178723527 2077378.042316679, 4928864.061198382 2077377.188978116, 4928864.906981603 2078298.0236542043, 4927941.0354932975 2078298.8784922091))",468502,1,1,1.1208333015441894,77.23214721679688,3.812856674194336,1.119999885559082,2288.0,49.38657379150391,3115.0,136,POMCA_255,3,Orinoco,35,Meta,3506,Río Guavio,228887.0,1.1754481132243641e-06,-0.4834711282198113,-0.4834711282198113,-0.14960513730649305,0.48104124775207097,-0.4740596692064143,-0.4740398562872586
"POLYGON ((4732936.692471991 2077804.6576847157, 4732933.5192943 2076883.0720724172, 4733858.162845829 2076879.896694188, 4733861.325011352 2077801.4767169147, 4732936.692471991 2077804.6576847157))",469262,1,1,0.4391666889190674,85.5,1.880925178527832,1.0,1296.0,29.373432159423828,4092.0,49,POMCA_145,2,Magdalena Cauca,26,Cauca,2612,Río La Vieja,283690.0,1.1735152591674854e-06,-0.4834711282198113,-0.48347112821981136,-0.14960513730649305,-0.12182017369693127,-0.476243126064735,-0.4763088744746905
"POLYGON ((4900222.913117307 2077408.764064106, 4900221.728800808 2076487.8741202187, 4901145.676117269 2076486.6924209446, 4901146.84946341 2077407.5802846604, 4900222.913117307 2077408.764064106))",469433,1,1,0.9091666221618652,78.20512390136719,3.5215785980224608,1.0399999618530271,1660.0,52.18891143798828,3328.0,138,POMCA_251,3,Orinoco,35,Meta,3502,Río Guayuriba,319907.0,1.175296433311031e-06,-0.4834711282198113,0.10589360345246987,-0.14960513730649305,-0.11734019048860837,-0.47423101506972876,0.11268621973651521
"POLYGON ((4904842.574269097 2077402.9553290782, 4904841.444803157 2076482.0755924692, 4905765.381926752 2076480.9488768924, 4905766.500422944 2077401.8266301185, 4904842.574269097 2077402.9553290782))",469438,1,2,1.1241666793823242,76.99115753173828,3.63588981628418,1.1299999237060547,1998.0,59.92549514770508,3088.0,138,POMCA_251,3,Orinoco,35,Meta,3502,Río Guayuriba,319907.0,1.1753225395716118e-06,-0.4834711282198113,0.5815745259139093,-0.13158666916196265,-0.04852544837182174,-0.4742015240207241,0.5863842008126245
"POLYGON ((4905766.500422944 2077401.8266301185, 4905765.381926752 2076480.9488768924, 4906689.317070038 2076479.8331576914, 4906690.424596603 2077400.7089468914, 4905766.500422944 2077401.8266301185))",469439,2,2,1.1304166793823245,76.24269104003906,3.7261863708496095,1.1399999618530274,1951.0,54.96189498901367,2960.0,138,POMCA_251,3,Orinoco,35,Meta,3502,Río Guayuriba,319907.0,2.35065522338262e-06,0.8499115468308588,0.4281199303865167,-0.13158666916196265,-0.034321215219398134,0.8535180728844433,0.43358825026953757
"POLYGON ((4730159.554853617 2076892.6644432344, 4730156.354315128 2075971.0621253601, 4731081.0257728845 2075967.8592768642, 4731084.215317691 2076889.4559466008, 4730159.554853617 2076892.6644432344))",470209,1,1,0.452916669845581,85.11904907226562,1.8022500991821289,0.9800000190734864,1251.0,46.419227600097656,4185.0,49,POMCA_145,2,Magdalena Cauca,26,Cauca,2612,Río La Vieja,283690.0,1.1734583568370225e-06,-0.4834711282198113,-0.4834711282198114,-0.14960513730649305,-0.1254432169614305,-0.4763074060258947,-0.4762964322443058
"POLYGON ((4886362.256555464 2076506.9193357609, 4886360.910056567 2075585.996078435, 4887284.90181813 2075584.6517793408, 4887286.237364091 2076505.5726659826, 4886362.256555464 2076506.9193357609))",470372,1,2,1.2625,81.42076110839844,3.151479148864746,1.2200000762939454,987.0,34.659767150878906,2805.0,43,POMCA_076,2,Magdalena Cauca,21,Alto Magdalena,2120,Río Bogotá,593295.0,1.1751969947900464e-06,-0.4834711282198113,0.003863138426634244,-0.13158666916196265,-0.11574143416487141,-0.47434334622057406,0.010840320779649124
"POLYGON ((4887286.237364091 2076505.5726659826, 4887284.90181813 2075584.6517793408, 4888208.8912107665 2075583.318459875, 4888210.2158039315 2076504.236995196, 4887286.237364091 2076505.5726659826))",470373,1,4,1.140833282470703,80.86956024169922,2.7866033554077148,1.15,993.0,31.9667911529541,3008.5,43,POMCA_076,2,Magdalena Cauca,21,Alto Magdalena,2120,Río Bogotá,593295.0,1.1752030611316482e-06,-0.4834711282198113,-0.014981665090069374,-0.09554973287290185,-0.12265133661606951,-0.47433649335181854,-0.007911116484857223
"POLYGON ((4908537.181493377 2076477.6347079438, 4908536.097828176 2075556.7630034513, 4909460.038096922 2075555.6821787185, 4909461.110812271 2076476.5519771634, 4908537.181493377 2076477.6347079438))",470396,1,4,0.8037500381469727,75.33670043945312,3.931948471069336,0.9899999618530272,1476.0,57.13970947265625,3534.0,138,POMCA_251,3,Orinoco,35,Meta,3502,Río Guayuriba,319907.0,1.1753288678887989e-06,-0.4834711282198113,0.4089415437701517,-0.09554973287290185,-0.06536094144423012,-0.47419437521012736,0.4144810473117785
"POLYGON ((4917776.391394822 2076467.302202618, 4917775.417223169 2075546.4486875485, 4918699.339338532 2075545.477623357, 4918700.302561419 2076466.3294259422, 4917776.391394822 2076467.302202618))",470406,1,1,0.8258333206176758,74.66666412353516,4.127696228027344,1.0,1608.0,74.07205200195312,3522.0,136,POMCA_255,3,Orinoco,35,Meta,3506,Río Guavio,228887.0,1.1753753639601988e-06,-0.4834711282198113,-0.4834711282198113,-0.14960513730649305,-0.1456990801359611,-0.47414185072405884,-0.4741425558309722
"POLYGON ((4731081.0257728845 2075967.8592768642, 4731077.841886376 2075046.2627868098, 4732002.518660623 2075043.0765876626, 4732005.69157329 2075964.6674487428, 4731081.0257728845 2075967.8592768642))",471186,1,1,0.5545833110809326,85.45918273925781,1.7640132904052734,0.9800000190734864,1288.0,38.22258758544922,4069.0,49,POMCA_145,2,Magdalena Cauca,26,Cauca,2612,Río La Vieja,283690.0,1.1734591519717308e-06,-0.4834711282198113,-0.4834711282198113,-0.14960513730649305,-0.12041342427168285,-0.47630650779856815,-0.4763004757960909
"POLYGON ((4886360.910056567 2075585.996078435, 4886359.565946424 2074665.0730329952, 4887283.568641495 2074663.7311046976, 4887284.90181813 2075584.6517793408, 4886360.910056567 2075585.996078435))",471343,1,1,1.2420833587646485,81.33609771728516,3.063408088684082,1.209999942779541,1031.0,27.74073982238769,2899.0,43,POMCA_076,2,Magdalena Cauca,21,Alto Magdalena,2120,Río Bogotá,593295.0,1.1751833558124321e-06,-0.4834711282198113,0.036307208092483924,-0.14960513730649305,-0.1150743517335426,-0.4743587535500133,0.043133789773131315
"POLYGON ((4887284.90181813 2075584.6517793408, 4887283.568641495 2074663.7311046976, 4888207.568967496 2074662.4001366657, 4888208.8912107665 2075583.318459875, 4887284.90181813 2075584.6517793408))",471344,2,3,1.1612500190734862,80.962646484375,2.939735412597656,1.159999942779541,1023.0,31.925233840942383,2951.0,43,POMCA_076,2,Magdalena Cauca,21,Alto Magdalena,2120,Río Bogotá,593295.0,2.350378844458283e-06,0.8499115468308588,-0.09574884019027946,-0.11356820101743226,-0.12169421065346213,0.8532058602496134,-0.08834249472286923
"POLYGON ((4888208.8912107665 2075583.318459875, 4888207.568967496 2074662.4001366657, 4889131.566943853 2074661.0801287575, 4889132.8782538995 2075581.9961198966, 4888208.8912107665 2075583.318459875))",471345,2,2,1.115416622161865,80.33626556396484,3.078210258483886,1.1399999618530274,1031.0,31.13372802734375,3105.0,43,POMCA_076,2,Magdalena Cauca,21,Alto Magdalena,2120,Río Bogotá,593295.0,2.3503908778922296e-06,0.8499115468308588,-0.11709704216809656,-0.13158666916196265,-0.11992581209168471,0.8532194538697767,-0.10959007455501041
"POLYGON ((4887283.568641495 2074663.7311046976, 4887282.237834211 2073742.8106416797, 4888206.249074147 2073741.4820251933, 4888207.568967496 2074662.4001366657, 4887283.568641495 2074663.7311046976))",472313,1,1,1.1579166412353517,80.962646484375,3.011027336120605,1.159999942779541,1071.0,29.59667015075684,3031.0,43,POMCA_076,2,Magdalena Cauca,21,Alto Magdalena,2120,Río Bogotá,593295.0,1.175175807869612e-06,-0.4834711282198113,0.0916042350780954,-0.14960513730649305,-0.11782253848938344,-0.4743672801159265,0.09817697414755194
"POLYGON ((4888207.568967496 2074662.4001366657, 4888206.249074147 2073741.4820251933, 4889130.257964298 2073740.1643494668, 4889131.566943853 2074661.0801287575, 4888207.568967496 2074662.4001366657))",472314,1,2,1.1112500190734864,80.75220489501953,2.8851110458374025,1.130000114440918,1065.0,31.324581146240234,3019.5,43,POMCA_076,2,Magdalena Cauca,21,Alto Magdalena,2120,Río Bogotá,593295.0,1.1751818246612025e-06,-0.4834711282198113,0.09788457656695235,-0.13158666916196265,-0.12046880844215901,-0.47436048322155344,0.10443505907491774
"POLYGON ((4731999.351386816 2074121.485906217, 4731996.189751934 2073199.8954040885, 4732920.882776494 2073196.7314254278, 4732924.033476875 2074118.31631748, 4731999.351386816 2074121.485906217))",473113,1,6,0.5779166698455811,86.0526351928711,1.711701774597168,0.9499999999999998,1198.0,34.46862030029297,3875.0,47,POMCA_077,2,Magdalena Cauca,21,Alto Magdalena,2121,Río Coello,183194.0,1.1734463114850378e-06,-0.4834711282198113,-0.48347112821981125,-0.05951279658384105,-0.12763361012352836,-0.47632101310932057,-0.47632428978497754
"POLYGON ((4907609.972232662 2073716.108187447, 4907608.88344327 2072795.2351991846, 4908532.858367529 2072794.14917455, 4908533.936265229 2073715.0202371327, 4907609.972232662 2073716.108187447))",473297,1,1,0.9841667175292969,75.6289291381836,3.610800552368164,1.0600000381469727,1312.0,47.33913040161133,3109.0,138,POMCA_251,3,Orinoco,35,Meta,3502,Río Guayuriba,319907.0,1.1752831062495178e-06,-0.4834711282198113,-0.24524201942983084,-0.14960513730649305,-0.129845176257087,-0.47424607004180935,-0.23701141171893952
"POLYGON ((4919621.360265102 2073702.8179614784, 4919620.413059093 2072781.9684970204, 4920544.364505979 2072781.0244054627, 4920545.3008216955 2073701.8721959074, 4919621.360265102 2073702.8179614784))",473310,1,1,1.0333333015441897,75.7716064453125,3.77993049621582,1.079999923706055,2013.0,68.7403335571289,3139.0,136,POMCA_255,3,Orinoco,35,Meta,3506,Río Guavio,228887.0,1.1753432302067702e-06,-0.4834711282198113,-0.06145940143429535,-0.14960513730649305,-0.06720082177199495,-0.47417815075615777,-0.054025650683870725
"POLYGON ((4731996.189751934 2073199.8954040885, 4731993.03375604 2072278.3050809598, 4732917.7376956 2072275.1467126422, 4732920.882776494 2073196.7314254278, 4731996.189751934 2073199.8954040885))",474114,1,3,0.6641666412353515,86.87943267822266,1.649150848388672,0.9399999618530274,1304.0,40.06376266479492,3817.0,47,POMCA_077,2,Magdalena Cauca,21,Alto Magdalena,2121,Río Coello,183194.0,1.1734327250594158e-06,-0.4834711282198113,-0.4834711282198113,-0.11356820101743226,-0.09740286652100172,-0.47633636107317673,-0.4763225522510565
"POLYGON ((4883584.796970709 2072827.3046660123, 4883583.427400502 2071906.3750243806, 4884507.470004584 2071905.0075017873, 4884508.828699149 2072825.9347141834, 4883584.796970709 2072827.3046660123))",474271,3,6,1.287916660308838,82.05644989013672,2.8160121917724603,1.2399999618530273,1276.0,47.272159576416016,2873.6666666666665,43,POMCA_076,2,Magdalena Cauca,21,Alto Magdalena,2120,Río Bogotá,593295.0,3.5253722639067767e-06,2.1832942218815288,0.0877851827878648,-0.05951279658384105,-0.055383216993554814,2.180542205715553,0.09429875600777429
"POLYGON ((4884508.828699149 2072825.9347141834, 4884507.470004584 2071905.0075017873, 4885431.510180872 2071903.6508817924, 4885432.8579999395 2072824.5756843197, 4884508.828699149 2072825.9347141834))",474272,1,3,1.1675000190734863,81.7663803100586,2.658603858947754,1.1699999809265136,1088.0,40.54771423339844,3107.0,43,POMCA_076,2,Magdalena Cauca,21,Alto Magdalena,2120,Río Bogotá,593295.0,1.1751303037296159e-06,-0.4834711282198113,0.42883574950221603,-0.11356820101743226,-0.06235539226999502,-0.47441868406243926,0.4338460154115973
"POLYGON ((4885432.8579999395 2072824.5756843197, 4885431.510180872 2071903.6508817924, 4886355.547948804 2071902.3051642517, 4886356.884892517 2072823.2275762772, 4885432.8579999395 2072824.5756843197))",474273,1,4,1.0449999809265136,81.53153228759766,2.8284269332885743,1.1100000381469726,1027.0,34.94651412963867,3218.0,43,POMCA_076,2,Magdalena Cauca,21,Alto Magdalena,2120,Río Bogotá,593295.0,1.1751364697801413e-06,-0.4834711282198113,0.2873957415385577,-0.09554973287290185,-0.07235176707489271,-0.47441171855707137,0.29303726017695164
"POLYGON ((4887280.909396307 2072821.8903899128, 4887279.583327806 2071900.970349023, 4888203.616337316 2071899.6464359632, 4888204.931530745 2072820.5641250839, 4887280.909396307 2072821.8903899128))",474275,1,1,1.1350000381469727,80.17240905761719,3.022642135620117,1.1600000381469726,1162.0,32.7430305480957,3038.0,43,POMCA_076,2,Magdalena Cauca,21,Alto Magdalena,2120,Río Bogotá,593295.0,1.1751486527740404e-06,-0.4834711282198113,0.15110781658334052,-0.14960513730649305,-0.11696144392700215,-0.47439795598586787,0.1573679266337154
"POLYGON ((4890052.968769282 2072817.9443594713, 4890051.675325578 2071897.0313157914, 4890975.7013431955 2071895.7401084015, 4890976.983912243 2072816.650858409, 4890052.968769282 2072817.9443594713))",474278,1,3,1.0550000190734865,79.57957458496094,3.2051097869873053,1.1100000381469726,1067.0,32.91109848022461,3101.0,43,POMCA_076,2,Magdalena Cauca,21,Alto Magdalena,2120,Río Bogotá,593295.0,1.1751665544690697e-06,-0.4834711282198113,0.17789951105311302,-0.11356820101743226,-0.12343375903537711,-0.4743777332594555,0.18407559309735733
"POLYGON ((4910380.802467963 2072792.0098809332, 4910379.748236993 2071871.1428250242, 4911303.728323946 2071870.0914235034, 4911304.771682991 2072790.9566117234, 4910380.802467963 2072792.0098809332))",474300,1,1,0.7295833587646484,75.60763549804688,4.025251770019532,0.9600000381469728,1126.0,46.04252243041992,3481.0,138,POMCA_251,3,Orinoco,35,Meta,3502,Río Guayuriba,319907.0,1.1752841631700303e-06,-0.4834711282198113,-0.4834711282198113,-0.14960513730649305,-0.139514496625057,-0.4742448760870287,-0.47425914828866544
"POLYGON ((4751410.662283828 2072214.276719215, 4751407.7406638255 2071292.8003166418, 4752332.341573019 2071289.8768632382, 4752335.252304295 2072211.3480632512, 4751410.662283828 2072214.276719215))",475120,1,89,0.6483333110809326,85.5,1.8381483078002927,1.0,1286.0,40.3188705444336,3705.044943820225,50,POMCA_080,2,Magdalena Cauca,21,Alto Magdalena,2124,Río Totaré,143713.0,1.1737102557309485e-06,-0.4834711282198113,-0.4834711282198113,1.4360200594121824,-0.14960513730649305,-0.4760228473621981,-0.47609901186485
"POLYGON ((4884507.470004584 2071905.0075017873, 4884506.113737745 2070984.0804995538, 4885430.164770099 2070982.726289542, 4885431.510180872 2071903.6508817924, 4884507.470004584 2071905.0075017873))",475259,2,3,1.1387499809265136,82.10144805908203,2.450649452209473,1.15,1124.0,41.334434509277344,3095.6666666666665,43,POMCA_076,2,Magdalena Cauca,21,Alto Magdalena,2120,Río Bogotá,593295.0,2.3502335255283795e-06,0.8499115468308588,0.26820245364653705,-0.11356820101743226,-0.05514055556180135,0.8530417000984567,0.27389880758554513
"POLYGON ((4885431.510180872 2071903.6508817924, 4885430.164770099 2070982.726289542, 4886354.213393954 2070981.3829626169, 4886355.547948804 2071902.3051642517, 4885431.510180872 2071903.6508817924))",475260,2,9,1.042916679382324,82.04545593261719,2.666784477233887,1.1,1075.0,40.423641204833984,3252.8888888888887,43,POMCA_076,2,Magdalena Cauca,21,Alto Magdalena,2120,Río Bogotá,593295.0,2.350245857782416e-06,0.8499115468308588,0.164508816597886,-0.005457392150249848,-0.08210408281356615,0.8530556312820132,0.17067887170327625
"POLYGON ((4886355.547948804 2071902.3051642517, 4886354.213393954 2070981.3829626169, 4887278.259628736 2070980.0505186357, 4887279.583327806 2071900.970349023, 4886355.547948804 2071902.3051642517))",475261,2,2,1.0895833015441894,81.04719543457031,2.7835412979125977,1.1300000190734862,1135.0,39.2177734375,3132.5,43,POMCA_076,2,Magdalena Cauca,21,Alto Magdalena,2120,Río Bogotá,593295.0,2.350258090639466e-06,0.8499115468308588,0.12920487237452774,-0.13158666916196265,-0.07164368156071156,0.8530694501813385,0.13553536074526062
"POLYGON ((4890051.675325578 2071897.0313157914, 4890050.3841930125 2070976.1184829467, 4890974.421065854 2070974.8295693374, 4890975.7013431955 2071895.7401084015, 4890051.675325578 2071897.0313157914))",475265,2,2,0.99375,79.5524673461914,3.1197683334350588,1.0800000190734864,1140.0,34.48530197143555,3247.5,43,POMCA_076,2,Magdalena Cauca,21,Alto Magdalena,2120,Río Bogotá,593295.0,2.350306027901014e-06,0.8499115468308588,-0.10786065032265908,-0.13158666916196265,-0.11990962293575731,0.8531236027140267,-0.10044195800666597
"POLYGON ((4895595.797443387 2071889.447592957, 4895594.571440155 2070968.54823231, 4896518.594853054 2070967.324610174, 4896519.81000186 2071888.2217932332, 4895595.797443387 2071889.447592957))",475271,1,1,0.9295833587646484,79.7275619506836,3.387533187866211,1.0399999618530271,1315.0,43.82625198364258,3455.0,138,POMCA_251,3,Orinoco,35,Meta,3502,Río Guayuriba,319907.0,1.1751874756448188e-06,-0.4834711282198113,-0.4834711282198113,-0.14960513730649305,-0.09989950928506086,-0.474354099563724,-0.47436676389771876
"POLYGON ((4918695.503535265 2071862.072562203, 4918694.548856614 2070941.2218323124, 4919618.52371542 2070940.2702104428, 4919619.467542526 2071861.1192468018, 4918695.503535265 2071862.072562203))",475296,1,2,0.9583333015441896,74.92063903808594,4.091750717163086,1.05,1768.0,70.89373779296875,3228.5,133,POMCA_252,3,Orinoco,35,Meta,3503,Río Guatiquía,178068.0,1.1753118019349873e-06,-0.4834711282198113,-0.11709518128336975,-0.13158666916196265,-0.07223317710984103,-0.47421365383789604,-0.10943145997176912
"POLYGON ((4739387.445810864 2071331.7986868406, 4739384.388091831 2070410.2530635467, 4740309.069386034 2070407.1931321141, 4740312.116231707 2071328.7333000163, 4739387.445810864 2071331.7986868406))",476090,1,1,0.6516666889190674,84.9637680053711,1.850469970703125,0.9199999809265136,1435.0,34.65154266357422,3327.0,47,POMCA_077,2,Magdalena Cauca,21,Alto Magdalena,2121,Río Coello,183194.0,1.1735190975068279e-06,-0.4834711282198113,-0.4834711282198113,-0.14960513730649305,-0.14960513730649305,-0.4762387900682679,-0.47623828200683066
"POLYGON ((4885430.164770099 2070982.726289542, 4885428.821767648 2070061.8019071952, 4886352.8812279925 2070060.4609709987, 4886354.213393954 2070981.3829626169, 4885430.164770099 2070982.726289542))",476243,1,3,1.0341666221618653,81.51515197753906,2.7205730438232423,1.1,1174.0,36.24009704589844,3302.0,43,POMCA_076,2,Magdalena Cauca,21,Alto Magdalena,2120,Río Bogotá,593295.0,1.175109412539991e-06,-0.4834711282198113,0.37492688376086314,-0.11356820101743226,-0.0597117823182067,-0.47444228388421716,0.3801420923315853
"POLYGON ((4895594.571440155 2070968.54823231, 4895593.347631502 2070047.6490827615, 4896517.381879399 2070046.4276383158, 4896518.594853054 2070967.324610174, 4895594.571440155 2070968.54823231))",476254,1,5,0.8912500381469727,79.36892700195312,3.5427581787109377,1.0300000190734864,1836.0,52.362571716308594,3483.0,138,POMCA_251,3,Orinoco,35,Meta,3502,Río Guayuriba,319907.0,1.1751739600864043e-06,-0.4834711282198113,-0.48347112821981136,-0.07753126472837145,-0.14061118571159176,-0.474369367472136,-0.47435857998811776
"POLYGON ((4896518.594853054 2070967.324610174, 4896517.381879399 2070046.4276383158, 4897441.413951852 2070045.217055955, 4897442.6160906395 2070966.1118694881, 4896518.594853054 2070967.324610174))",476255,1,2,1.0037500381469726,79.24382781982422,3.365094375610352,1.0800000190734864,1565.0,52.73878860473633,3334.0,138,POMCA_251,3,Orinoco,35,Meta,3502,Río Guayuriba,319907.0,1.1751795297845905e-06,-0.4834711282198113,-0.48347112821981125,-0.13158666916196265,-0.10741492126750946,-0.4743630756387407,-0.47436303700986526
"POLYGON ((4915922.6139483 2070944.141970395, 4915921.628481579 2070023.2862569029, 4916845.619358187 2070022.303750388, 4916846.593992479 2070943.1577121858, 4915922.6139483 2070944.141970395))",476276,1,4,0.924583339691162,74.68254089355469,4.075750350952148,1.05,1626.0,69.6867446899414,3373.0,133,POMCA_252,3,Orinoco,35,Meta,3503,Río Guatiquía,178068.0,1.175285009275967e-06,-0.4834711282198113,-0.1778198918055251,-0.09554973287290185,-0.08355227520056656,-0.4742439202798357,-0.16991103047382128
"POLYGON ((4917770.572288776 2070942.1843328592, 4917769.608486808 2070021.3321033954, 4918693.5958868675 2070020.371315821, 4918694.548856614 2070941.2218323124, 4917770.572288776 2070942.1843328592))",476278,1,2,1.025416660308838,74.6941909790039,4.036527252197265,1.0899999618530274,1424.0,59.890403747558594,3053.0,133,POMCA_252,3,Orinoco,35,Meta,3503,Río Guatiquía,178068.0,1.175293911414934e-06,-0.4834711282198113,-0.14624635622145898,-0.13158666916196265,-0.052608887837209115,-0.474233863940449,-0.138466959437373
"POLYGON ((4918694.548856614 2070941.2218323124, 4918693.5958868675 2070020.371315821, 4919617.581577794 2070019.4213875635, 4919618.52371542 2070940.2702104428, 4918694.548856614 2070941.2218323124))",476279,1,1,1.0491666793823242,75.22936248779297,3.993365478515625,1.0899999618530274,1546.0,65.31047058105469,3111.0,133,POMCA_252,3,Orinoco,35,Meta,3503,Río Guatiquía,178068.0,1.1752982879031925e-06,-0.4834711282198113,-0.07649450714251263,-0.14960513730649305,-0.03510272670885643,-0.4742289200217555,-0.06901016158719993
"POLYGON ((4919618.52371542 2070940.2702104428, 4919617.581577794 2070019.4213875635, 4920541.565579014 2070018.4823185212, 4920542.49688462 2070939.3294671495, 4919618.52371542 2070940.2702104428))",476280,2,3,1.0137499809265136,75.07715606689453,3.949252319335938,1.0800000190734864,1623.0,67.99712371826172,3144.0,133,POMCA_252,3,Orinoco,35,Meta,3503,Río Guatiquía,178068.0,2.3506052293365993e-06,0.8499115468308588,-0.21115429345135367,-0.11356820101743226,-0.05163101053092702,0.8534615968963721,-0.20309615463882988
"POLYGON ((4730137.270320242 2070441.4519746911, 4730134.1095277 2069519.850906055, 4731058.857395163 2069516.6876020674, 4731062.007330542 2070438.283020683, 4730137.270320242 2070441.4519746911))",477066,1,4,0.7287499904632568,86.8659439086914,1.6668560028076171,0.9199999809265136,1468.0,43.21682357788086,3646.75,49,POMCA_145,2,Magdalena Cauca,26,Cauca,2612,Río La Vieja,283690.0,1.1733632493452215e-06,-0.4834711282198113,-0.4834711282198113,-0.09554973287290185,-0.10800649061865301,-0.47641484461108513,-0.4763847415263107
"POLYGON ((4740309.069386034 2070407.1931321141, 4740306.028004042 2069485.653144617, 4741230.714687433 2069482.6095498477, 4741233.745215886 2070404.1441011284, 4740309.069386034 2070407.1931321141))",477077,1,1,0.759166669845581,85.12544250488281,1.6764863967895507,0.9300000190734864,1493.0,30.10660743713379,3625.0,47,POMCA_077,2,Magdalena Cauca,21,Alto Magdalena,2121,Río Coello,183194.0,1.1735195472563187e-06,-0.4834711282198113,-0.4834711282198113,-0.14960513730649305,-0.14960513730649305,-0.47623828200683066,-0.4762387900682679
"POLYGON ((4884504.759898662 2070063.1537071103, 4884503.408487359 2069142.2271240829, 4885427.481173546 2069140.8777343787, 4885428.821767648 2070061.8019071952, 4884504.759898662 2070063.1537071103))",477229,2,2,1.0587499618530274,82.5,2.6978525161743163,1.1,1112.0,40.0975456237793,3164.0,43,POMCA_076,2,Magdalena Cauca,21,Alto Magdalena,2120,Río Bogotá,593295.0,2.3501795088948913e-06,0.8499115468308588,0.26057556488156325,-0.13158666916196265,-0.01386869382364341,0.8529806799772357,0.26626604906399554
"POLYGON ((4885428.821767648 2070061.8019071952, 4885427.481173546 2069140.8777343787, 4886351.551450948 2069139.5391890234, 4886352.8812279925 2070060.4609709987, 4885428.821767648 2070061.8019071952))",477230,2,2,1.037916660308838,81.43939971923828,2.775364875793457,1.1,1096.0,40.98213958740234,3260.0,43,POMCA_076,2,Magdalena Cauca,21,Alto Magdalena,2120,Río Bogotá,593295.0,2.3501918414498456e-06,0.8499115468308588,0.16981262393105576,-0.13158666916196265,-0.04800033355061579,0.8529946115007253,0.17591522281465147
"POLYGON ((4887276.938299125 2070059.1308983779, 4887275.619338997 2069138.2114878749, 4888199.684857132 2069136.8946307916, 4888200.993000483 2070057.8116891913, 4887276.938299125 2070059.1308983779))",477232,1,2,1.1170833587646485,79.92754364013672,3.018566703796387,1.15,1175.0,45.01437377929688,3009.0,43,POMCA_076,2,Magdalena Cauca,21,Alto Magdalena,2120,Río Bogotá,593295.0,1.1751081041676898e-06,-0.4834711282198113,0.15959910327262483,-0.13158666916196265,-0.06528511174744749,-0.4744437618925872,0.1657619707365377
"POLYGON ((4913149.645169547 2070026.2989346269, 4913148.629030387 2069105.4380624015, 4914072.636080846 2069104.4247865553, 4914073.641406687 2070025.283848916, 4913149.645169547 2070026.2989346269))",477260,1,1,0.7916666507720947,74.42243957519531,4.244426345825195,1.0100000381469727,1506.0,58.89533233642578,3533.0,133,POMCA_252,3,Orinoco,35,Meta,3503,Río Guatiquía,178068.0,1.1752577933253503e-06,-0.4834711282198113,-0.2112892509229712,-0.14960513730649305,-0.061086412084741595,-0.47427466489493914,-0.20327962258391188
"POLYGON ((4914073.641406687 2070025.283848916, 4914072.636080846 2069104.4247865553, 4914996.641324926 2069103.4223511852, 4914997.635837554 2070024.2796230435, 4914073.641406687 2070025.283848916))",477261,1,1,0.8012499809265137,74.50495147705078,4.1948291778564455,1.0100000381469727,1572.0,63.66833114624024,3489.0,133,POMCA_252,3,Orinoco,35,Meta,3503,Río Guatiquía,178068.0,1.1752624184762289e-06,-0.4834711282198113,-0.1350895938653787,-0.14960513730649305,-0.03745499972053855,-0.4742694400734527,-0.12739412269003805
"POLYGON ((4918693.5958868675 2070020.371315821, 4918692.644626044 2069099.5210123495, 4919616.641129666 2069098.5727777837, 4919617.581577794 2070019.4213875635, 4918693.5958868675 2070020.371315821))",477266,1,38,1.0345833778381348,74.84709167480469,4.013943481445312,1.0899999618530274,1792.0,69.37024688720703,3088.157894736842,133,POMCA_252,3,Orinoco,35,Meta,3503,Río Guatiquía,178068.0,1.1752847984028649e-06,-0.4834711282198113,0.03704798338352781,0.5170781840411318,-0.11171027543963243,-0.4742441584935382,0.04403616825362587
"POLYGON ((4919617.581577794 2070019.4213875635, 4919616.641129666 2069098.5727777837, 4920540.635943482 2069097.6353830718, 4920541.565579014 2070018.4823185212, 4919617.581577794 2070019.4213875635))",477267,1,2,1.0725000381469727,75.22522735595703,4.01983757019043,1.109999942779541,1678.0,59.40228271484375,3016.0,133,POMCA_252,3,Orinoco,35,Meta,3503,Río Guatiquía,178068.0,1.1752891252217154e-06,-0.4834711282198113,0.09938757497294007,-0.13158666916196265,-0.025923397955329115,-0.47423927068410415,0.10611008472246913
"POLYGON ((4885427.481173546 2069140.8777343787, 4885426.142987818 2068219.9537707185, 4886350.224062847 2068218.6176163175, 4886351.551450948 2069139.5391890234, 4885427.481173546 2069140.8777343787))",478219,1,1,1.025416660308838,80.68182373046875,2.8955949783325194,1.1,1110.0,43.21967315673828,3234.0,43,POMCA_076,2,Magdalena Cauca,21,Alto Magdalena,2120,Río Bogotá,593295.0,1.1750824534439877e-06,-0.4834711282198113,0.2463353328709492,-0.14960513730649305,-0.03362200564055366,-0.474472738342407,0.2520763349617672
"POLYGON ((4886351.551450948 2069139.5391890234, 4886350.224062847 2068218.6176163175, 4887274.302748379 2068217.292286753, 4887275.619338997 2069138.2114878749, 4886351.551450948 2069139.5391890234))",478220,1,1,1.0708333015441895,80.5059585571289,2.8670013427734373,1.119999885559082,1125.0,43.15841293334961,3154.0,43,POMCA_076,2,Magdalena Cauca,21,Alto Magdalena,2120,Río Bogotá,593295.0,1.1750885700973739e-06,-0.4834711282198113,0.22504149594623224,-0.14960513730649305,-0.052728713860931066,-0.474465828638729,0.23088325544728197
"POLYGON ((4908528.5660023745 2069110.667052575, 4908527.497717606 2068189.797052279, 4909451.524885845 2068188.7314791877, 4909452.582376171 2069109.5995727126, 4908528.5660023745 2069110.667052575))",478244,1,1,0.8779167175292969,75.49504852294922,3.701708984375,1.0100000381469727,1248.0,45.4193229675293,3393.0,138,POMCA_251,3,Orinoco,35,Meta,3502,Río Guayuriba,319907.0,1.1752204561863505e-06,-0.4834711282198113,-0.4834711282198113,-0.14960513730649305,-0.14960513730649305,-0.47431684295382004,-0.47431038387973407
"POLYGON ((4917768.6464131875 2069100.48008687, 4917767.686067935 2068179.6282829037, 4918691.695074163 2068178.6709215175, 4918692.644626044 2069099.5210123495, 4917768.6464131875 2069100.48008687))",478254,1,2,0.9149999618530272,74.67948913574219,4.1724201202392575,1.0399999618530271,1305.0,56.17198181152344,3197.0,133,POMCA_252,3,Orinoco,35,Meta,3503,Río Guatiquía,178068.0,1.1752669568380438e-06,-0.4834711282198113,0.11798194184944788,-0.13158666916196265,-0.035098804539445166,-0.4742643132936034,0.12459191122152236
"POLYGON ((4918692.644626044 2069099.5210123495, 4918691.695074163 2068178.6709215175, 4919615.702371055 2068177.7243807234, 4919616.641129666 2069098.5727777837, 4918692.644626044 2069099.5210123495))",478255,3,7,0.9774999618530272,75.0,4.008514022827148,1.0600000381469727,1422.0,59.33488464355469,3121.1428571428573,133,POMCA_252,3,Orinoco,35,Meta,3503,Río Guatiquía,178068.0,3.5258140003004233e-06,2.1832942218815288,-0.22537360419496733,-0.04149432843931065,-0.051708541079599823,2.181041215123348,-0.21727416721893766
"POLYGON ((4919616.641129666 2069098.5727777837, 4919615.702371055 2068177.7243807234, 4920539.707978042 2068176.7886604208, 4920540.635943482 2069097.6353830718, 4919616.641129666 2069098.5727777837))",478256,2,5,1.0620833396911622,75.3787841796875,3.9741111755371095,1.1,1558.0,59.82044982910156,3091.2,133,POMCA_252,3,Orinoco,35,Meta,3503,Río Guatiquía,178068.0,2.3505513206100907e-06,0.8499115468308588,-0.004522215162170993,-0.07753126472837145,-0.0537962502284931,0.8534006986727326,0.0026292789268205184
"POLYGON ((4883577.973591542 2068222.658554599, 4883576.616257405 2067301.7299594735, 4884500.712948205 2067300.3745847822, 4884502.0595038645 2068221.300750098, 4883577.973591542 2068222.658554599))",479217,3,108,1.1137499809265137,81.78466796875,2.6295957565307617,1.1299999237060547,1119.0,43.05825805664063,3093.990740740741,43,POMCA_076,2,Magdalena Cauca,21,Alto Magdalena,2120,Río Bogotá,593295.0,3.5251698843791283e-06,2.1832942218815288,0.20503701385061812,1.77837095415826,-0.07467384182577613,2.180313586815924,0.21092656592082304
"POLYGON ((4885426.142987818 2068219.9537707185, 4885424.807210494 2067299.0300158407, 4886348.899063714 2067297.6962525065, 4886350.224062847 2068218.6176163175, 4885426.142987818 2068219.9537707185))",479219,1,1,1.0149999618530274,80.88684844970703,2.923260498046875,1.090000057220459,1158.0,40.38544845581055,3225.0,43,POMCA_076,2,Magdalena Cauca,21,Alto Magdalena,2120,Río Bogotá,593295.0,1.1750690106957707e-06,-0.4834711282198113,0.2412287627699389,-0.14960513730649305,-0.008142760719318205,-0.47448792400046785,0.2469686934959584
"POLYGON ((4886350.224062847 2068218.6176163175, 4886348.899063714 2067297.6962525065, 4887272.988527298 2067296.3732946375, 4887274.302748379 2068217.292286753, 4886350.224062847 2068218.6176163175))",479220,2,4,1.0616666793823242,80.78076934814453,2.9413467407226563,1.1100000381469726,1157.0,39.16812133789063,3218.0,43,POMCA_076,2,Magdalena Cauca,21,Alto Magdalena,2120,Río Bogotá,593295.0,2.3501502548481952e-06,0.8499115468308588,0.0633830494833004,-0.09554973287290185,-0.03562891383310955,0.8529476330181728,0.06991905977259665
"POLYGON ((4917767.686067935 2068179.6282829037, 4917766.727451068 2067258.7766911164, 4918690.747231243 2067257.8210429451, 4918691.695074163 2068178.6709215175, 4917767.686067935 2068179.6282829037))",479254,1,2,0.8733333587646485,74.59547424316406,4.174235916137695,1.0299999237060546,1569.0,61.34757614135742,3358.0,133,POMCA_252,3,Orinoco,35,Meta,3503,Río Guatiquía,178068.0,1.1752535163431552e-06,-0.4834711282198113,0.09492983303876236,-0.13158666916196265,-0.0438553368746653,-0.47427949640618206,0.10162845173709603
"POLYGON ((4918691.695074163 2068178.6709215175, 4918690.747231243 2067257.8210429451, 4919614.765301981 2067256.8761960026, 4919615.702371055 2068177.7243807234, 4918691.695074163 2068178.6709215175))",479255,1,1,0.9158333778381348,74.8397445678711,4.187825012207031,1.0399999618530271,1282.0,51.7054328918457,3292.0,133,POMCA_252,3,Orinoco,35,Meta,3503,Río Guatiquía,178068.0,1.175257892993014e-06,-0.4834711282198113,0.1885394878872707,-0.14960513730649305,-0.03868276234559927,-0.4742745523049363,0.19483875426029656
"POLYGON ((4751396.106481351 2067606.8965406744, 4751393.211010408 2066685.4210536282, 4752317.866070875 2066682.5236167167, 4752320.7507505445 2067603.9938999738, 4751396.106481351 2067606.8965406744))",480064,1,1,0.8833333015441894,86.5,1.683250617980957,1.0,1402.0,37.95967483520508,3365.0,50,POMCA_080,2,Magdalena Cauca,21,Alto Magdalena,2124,Río Totaré,143713.0,1.1736428328884133e-06,-0.4834711282198113,-0.4834711282198113,-0.14960513730649305,1.4360200594121824,-0.47609901186485,-0.4760228473621981
"POLYGON ((4882652.517118657 2067303.0961400587, 4882651.151472628 2066382.1653038186, 4883575.261370563 2066380.8015725298, 4883576.616257405 2067301.7299594735, 4882652.517118657 2067303.0961400587))",480202,3,12,1.1533333778381347,81.75287628173828,2.657180976867676,1.159999942779541,1106.0,44.95914077758789,3100.4166666666665,43,POMCA_076,2,Magdalena Cauca,21,Alto Magdalena,2120,Río Bogotá,593295.0,3.5251108315153094e-06,2.1832942218815288,0.1304082896981779,0.04859801228334135,0.07223756006131608,2.180246877495554,0.13660005037069767
"POLYGON ((4883576.616257405 2067301.7299594735, 4883575.261370563 2066380.8015725298, 4884499.368820407 2066379.448627762, 4884500.712948205 2067300.3745847822, 4883576.616257405 2067301.7299594735))",480203,1,1,1.1487500190734865,81.3768081665039,2.6553977966308597,1.1500000953674316,1118.0,43.6793098449707,2996.0,43,POMCA_076,2,Magdalena Cauca,21,Alto Magdalena,2120,Río Bogotá,593295.0,1.175043209759107e-06,-0.4834711282198113,0.5026086490161891,-0.14960513730649305,0.11868997001678423,-0.47451707013900263,0.5071361595224183
"POLYGON ((4884500.712948205 2067300.3745847822, 4884499.368820407 2066379.448627762, 4885423.473841597 2066378.106469372, 4885424.807210494 2067299.0300158407, 4884500.712948205 2067300.3745847822))",480204,2,8,1.0454166412353516,80.98484802246094,2.7257884979248046,1.1,1156.0,39.19890213012695,3199.75,43,POMCA_076,2,Magdalena Cauca,21,Alto Magdalena,2120,Río Bogotá,593295.0,2.3500988519527557e-06,0.8499115468308588,0.22159722928225906,-0.02347586029478025,0.03366826439310466,0.8528895655173258,0.22739280475408308
"POLYGON ((4885424.807210494 2067299.0300158407, 4885423.473841597 2066378.106469372, 4886347.576453577 2066376.775097217, 4886348.899063714 2067297.6962525065, 4885424.807210494 2067299.0300158407))",480205,1,1,0.9895833015441896,81.23052978515625,2.903434181213379,1.0700000762939452,1187.0,43.47785186767578,3336.0,43,POMCA_076,2,Magdalena Cauca,21,Alto Magdalena,2120,Río Bogotá,593295.0,1.1750555924804911e-06,-0.4834711282198113,0.28994556147470346,-0.14960513730649305,-0.0035364770151201956,-0.4745030819447908,0.295440586115529
"POLYGON ((4886348.899063714 2067297.6962525065, 4886347.576453577 2066376.775097217, 4887271.67667578 2066375.4545111551, 4887272.988527298 2067296.3732946375, 4886348.899063714 2067297.6962525065))",480206,1,1,1.0629166603088378,79.6875,3.151177978515625,1.119999885559082,1199.0,38.43720245361328,3059.0,43,POMCA_076,2,Magdalena Cauca,21,Alto Magdalena,2120,Río Bogotá,593295.0,1.1750617092827185e-06,-0.4834711282198113,0.2908370890999821,-0.14960513730649305,-0.016350961998297223,-0.47449617207297357,0.2963341259833913
"POLYGON ((4920538.781682714 2067255.9421501881, 4920537.8570575155 2066335.0958519937, 4921461.882521894 2066334.1742624107, 4921462.79639287 2067255.0189054026, 4920538.781682714 2067255.9421501881))",480243,1,4,1.0737500190734863,75.30030059814453,3.960745239257813,1.109999942779541,1367.0,55.15029525756836,3000.0,133,POMCA_252,3,Orinoco,35,Meta,3503,Río Guatiquía,178068.0,1.1752530813111594e-06,-0.4834711282198113,-0.03769384837687112,-0.09554973287290185,-0.0677631212612047,-0.47427998784193814,-0.030425781192626896
"POLYGON ((4728275.083515763 2066761.3739460267, 4728271.923877291 2065839.7622237727, 4729196.7263589995 2065836.599908432, 4729199.875217654 2066758.2059407115, 4728275.083515763 2066761.3739460267))",481021,1,1,0.7391666889190673,87.40740966796875,1.6764860153198242,0.9,1401.0,40.17806243896485,3513.0,47,POMCA_077,2,Magdalena Cauca,21,Alto Magdalena,2121,Río Coello,183194.0,1.1732803792880583e-06,-0.4834711282198113,-0.4834711282198113,-0.14960513730649305,-0.09554973287290185,-0.47650845912585854,-0.47641484461108513
"POLYGON ((4881727.039107159 2066383.539821774, 4881725.665187988 2065462.606724442, 4882649.788293356 2065461.234675272, 4882651.151472628 2066382.1653038186, 4881727.039107159 2066383.539821774))",481182,1,4,1.2554166793823245,82.3087387084961,3.018567657470703,1.2200000762939454,1462.0,39.65411376953125,2854.75,43,POMCA_076,2,Magdalena Cauca,21,Alto Magdalena,2120,Río Bogotá,593295.0,1.1750172342174798e-06,-0.4834711282198113,0.30115480734241207,-0.09554973287290185,0.03906332044539477,-0.4745464135207819,0.30655516058522225
"POLYGON ((4882651.151472628 2066382.1653038186, 4882649.788293356 2065461.234675272, 4883573.908931045 2065459.8733933943, 4883575.261370563 2066380.8015725298, 4882651.151472628 2066382.1653038186))",481183,1,11,1.1537500381469727,82.10145568847656,2.7146490097045897,1.1499999046325684,1149.0,40.183692932128906,2941.5454545454545,43,POMCA_076,2,Magdalena Cauca,21,Alto Magdalena,2120,Río Bogotá,593295.0,1.1750235499259338e-06,-0.4834711282198113,0.37289064163717406,0.030579544138810952,0.02638612926442272,-0.4745392789536944,0.37797612001530645
"POLYGON ((4914993.668506985 2066340.85180796, 4914992.6811410505 2065419.9953830705, 4915916.7276563505 2065419.0108734628, 4915917.704286882 2066339.8655268792, 4914993.668506985 2066340.85180796))",481218,1,1,0.7800000190734864,74.58746337890625,4.264014434814453,1.009999942779541,1772.0,68.50267028808594,3553.0,133,POMCA_252,3,Orinoco,35,Meta,3503,Río Guatiquía,178068.0,1.1752132803236086e-06,-0.4834711282198113,0.9219100460683074,-0.14960513730649305,0.16381325193654517,-0.47432494919788043,0.924952055018108
"POLYGON ((4919613.829922462 2066336.0282232412, 4919612.896232516 2065415.1804620596, 4920536.9341024645 2065414.2497654571, 4920537.8570575155 2066335.0958519937, 4919613.829922462 2066336.0282232412))",481223,1,11,0.95625,74.60692596435547,3.98933219909668,1.059999942779541,1606.0,74.1668701171875,3295.0,133,POMCA_252,3,Orinoco,35,Meta,3503,Río Guatiquía,178068.0,1.1752354127221764e-06,-0.4834711282198113,0.049375562914445,0.030579544138810952,-0.06028538940412854,-0.4742999472391076,0.05624333135414034
"POLYGON ((4880801.539595502 2065463.9895410505, 4880800.15744194 2064543.054162647, 4881724.293755035 2064541.6738343146, 4881725.665187988 2065462.606724442, 4880801.539595502 2065463.9895410505))",482151,1,1,1.299583339691162,82.46665954589844,3.0185678482055662,1.2500000953674315,1430.0,36.6533317565918,2815.0,43,POMCA_076,2,Magdalena Cauca,21,Alto Magdalena,2120,Río Bogotá,593295.0,1.174997499267796e-06,-0.4834711282198113,0.33130006778895393,-0.14960513730649305,0.039172129080138465,-0.47456870719116145,0.33653578864129974
"POLYGON ((4885422.142881156 2065457.1831309386, 4885420.814329196 2064536.2600001665, 4886344.938400393 2064534.933410706, 4886346.256232461 2065455.8541500748, 4885422.142881156 2065457.1831309386))",482156,1,3,0.9324999809265136,80.63491821289062,3.12249813079834,1.05,1231.0,41.12482070922852,3408.3333333333335,43,POMCA_076,2,Magdalena Cauca,21,Alto Magdalena,2120,Río Bogotá,593295.0,1.1750288296376204e-06,-0.4834711282198113,0.40206115358324446,-0.11356820101743226,0.029290161368381824,-0.47453331470478954,0.4070088022263489
"POLYGON ((4890042.685932938 2065450.6458924303, 4890041.410979051 2064529.734524939, 4890965.523294388 2064528.4616708257, 4890966.787529072 2065449.37074378, 4890042.685932938 2065450.6458924303))",482160,2,2,0.969166660308838,78.54938507080078,3.30862045288086,1.079999923706055,1731.0,44.56964492797852,3247.0,138,POMCA_251,3,Orinoco,35,Meta,3502,Río Guayuriba,319907.0,2.350117834538673e-06,0.8499115468308588,0.8090414860178018,-0.13158666916196265,0.12452553558760719,0.8529110092767562,0.8121253438378093
"POLYGON ((4904828.047230796 2065431.5353646665, 4904826.943768684 2064510.6583851904, 4905751.021731135 2064509.5574621682, 4905752.114476058 2065430.4324570405, 4904828.047230796 2065431.5353646665))",482176,1,2,1.1079166412353516,76.95195007324219,3.5062175750732423,1.1100000381469726,1860.0,55.54404830932617,2961.5,138,POMCA_251,3,Orinoco,35,Meta,3502,Río Guayuriba,319907.0,1.175146845710251e-06,-0.4834711282198113,-0.4834711282198113,-0.13158666916196265,-0.14960513730649305,-0.474399997343212,-0.4743978166500563
"POLYGON ((4905752.114476058 2065430.4324570405, 4905751.021731135 2064509.5574621682, 4906675.097711755 2064508.467283796, 4906676.179739602 2065429.340313434, 4905752.114476058 2065430.4324570405))",482177,1,1,1.0266666412353516,76.63551330566406,3.459725189208984,1.0700000762939452,1735.0,58.76143646240234,3118.0,138,POMCA_251,3,Orinoco,35,Meta,3502,Río Guayuriba,319907.0,1.1751519186389238e-06,-0.4834711282198113,-0.4834711282198113,-0.14960513730649305,-0.14231437492333684,-0.4743942666876238,-0.4743942935260954
"POLYGON ((4906676.179739602 2065429.340313434, 4906675.097711755 2064508.467283796, 4907599.171729977 2064507.3878499586, 4907600.243040864 2065428.2589337304, 4906676.179739602 2065429.340313434))",482178,1,1,0.8975000381469727,76.89768981933594,3.608702087402344,1.0100000381469727,1553.0,64.3636703491211,3446.0,138,POMCA_251,3,Orinoco,35,Meta,3502,Río Guayuriba,319907.0,1.1751569418484572e-06,-0.4834711282198113,-0.4834711282198113,-0.14960513730649305,-0.14317786845037467,-0.47438859219747415,-0.47439302348938883
"POLYGON ((4914992.6811410505 2065419.9953830705, 4914991.695561839 2064499.1391689747, 4915915.752793116 2064498.156430923, 4915916.7276563505 2065419.0108734628, 4914992.6811410505 2065419.9953830705))",482187,4,65,0.746666669845581,75.4208755493164,4.281744384765625,0.9899999618530271,1672.0,68.63715362548828,3580.7384615384617,133,POMCA_252,3,Orinoco,35,Meta,3503,Río Guatiquía,178068.0,4.700799652977842e-06,3.5166768969321986,-0.06447053615005527,1.0035768239434526,-0.11179683497663928,3.5083687868230995,-0.05716191273974431
"POLYGON ((4919612.896232516 2065415.1804620596, 4919611.964232161 2064494.332912077, 4920536.012817579 2064493.403890198, 4920536.9341024645 2065414.2497654571, 4919612.896232516 2065415.1804620596))",482192,1,4,0.912916660308838,75.16181182861328,4.036527633666992,1.0300000190734864,1651.0,70.64488983154297,3273.75,133,POMCA_252,3,Orinoco,35,Meta,3503,Río Guatiquía,178068.0,1.1752220459119403e-06,-0.4834711282198113,0.06656083001828889,-0.09554973287290185,-0.04474091986492122,-0.47431504711350325,0.07333539543058229
"POLYGON ((4881724.293755035 2064541.6738343146, 4881722.924808328 2063620.741151019, 4882647.06933519 2063619.3740397657, 4882648.427580867 2064540.3042540452, 4881724.293755035 2064541.6738343146))",483136,2,2,1.1595833778381348,81.82471466064453,2.7835420608520507,1.159999942779541,1273.0,36.18647384643555,2989.0,43,POMCA_076,2,Magdalena Cauca,21,Alto Magdalena,2120,Río Bogotá,593295.0,2.3499810396480593e-06,0.8499115468308588,0.13287602221102643,-0.13158666916196265,0.014975893508966463,0.8527564783430673,0.13900537507784105
"POLYGON ((4882648.427580867 2064540.3042540452, 4882647.06933519 2063619.3740397657, 4883571.211394083 2063618.0176570544, 4883572.558938875 2064538.9454216936, 4882648.427580867 2064540.3042540452))",483137,1,3,0.9833333015441893,81.93146514892578,2.7825218200683595,1.0699999809265135,1157.0,40.79263687133789,3425.3333333333335,43,POMCA_076,2,Magdalena Cauca,21,Alto Magdalena,2120,Río Bogotá,593295.0,1.1749968356861647e-06,-0.4834711282198113,0.32170201139515675,-0.11356820101743226,0.007237844113028288,-0.47456945680899143,0.32697816741362046
"POLYGON ((4884496.687848505 2064537.597337115, 4884495.351004453 2063616.6720027411, 4885419.488185744 2063615.3370766824, 4885420.814329196 2064536.2600001665, 4884496.687848505 2064537.597337115))",483139,1,1,0.9545833587646484,81.03174591064453,2.934576988220215,1.05,1190.0,40.20216751098633,3489.0,43,POMCA_076,2,Magdalena Cauca,21,Alto Magdalena,2120,Río Bogotá,593295.0,1.1750093182788622e-06,-0.4834711282198113,0.43362700015782574,-0.14960513730649305,0.06176667796064281,-0.4745553557947229,0.4384112611408669
"POLYGON ((4885420.814329196 2064536.2600001665, 4885419.488185744 2063615.3370766824, 4886343.622957401 2063614.0128787367, 4886344.938400393 2064534.933410706, 4885420.814329196 2064536.2600001665))",483140,2,6,0.8887499809265137,80.82524108886719,3.1415464401245123,1.0300000190734864,1262.0,42.92006301879883,3428.1666666666665,43,POMCA_076,2,Magdalena Cauca,21,Alto Magdalena,2120,Río Bogotá,593295.0,2.3500309700144464e-06,0.8499115468308588,0.4879894707671674,-0.05951279658384105,0.13800977480482596,0.8528128823951676,0.4925269113093831
"POLYGON ((4905751.021731135 2064509.5574621682, 4905749.930967235 2063588.682676833, 4906674.017645501 2063587.5944637875, 4906675.097711755 2064508.467283796, 4905751.021731135 2064509.5574621682))",483161,1,1,0.9954166412353516,77.22222137451172,3.6584793090820313,1.05,1792.0,53.872676849365234,3195.0,138,POMCA_251,3,Orinoco,35,Meta,3502,Río Guayuriba,319907.0,1.1751385755015825e-06,-0.4834711282198113,-0.4834711282198113,-0.14960513730649305,-0.14202515617754677,-0.47440933981983247,-0.47439445485356957
"POLYGON ((4915915.752793116 2064498.156430923, 4915914.779697196 2063577.3021988801, 4916838.845856876 2063576.3319565381, 4916839.8082563495 2064497.1844363098, 4915915.752793116 2064498.156430923))",483172,2,5,0.7487500190734864,75.67340087890625,4.317643737792968,0.9899999618530272,1421.0,60.295692443847656,3581.2,133,POMCA_252,3,Orinoco,35,Meta,3503,Río Guatiquía,178068.0,2.3503821934596616e-06,0.8499115468308588,0.37166343483166797,-0.07753126472837145,0.051296489055352446,0.8532096434633553,0.3770548672896808
"POLYGON ((4917763.86197098 2064496.2231850324, 4917762.91026785 2063575.3724381642, 4918686.972949552 2063574.4236436563, 4918687.913956439 2064495.2726769885, 4917763.86197098 2064496.2231850324))",483174,2,4,0.8816666603088379,74.9190902709961,4.102844619750977,1.0300000190734864,1799.0,60.84312438964844,3330.25,133,POMCA_252,3,Orinoco,35,Meta,3503,Río Guatiquía,178068.0,2.35039999925594e-06,0.8499115468308588,0.1880437604465182,-0.09554973287290185,-0.04942663020660601,0.8532297578573332,0.19426555748386146
"POLYGON ((4918687.913956439 2064495.2726769885, 4918686.972949552 2063574.4236436563, 4919611.033921417 2063573.4855729137, 4919611.964232161 2064494.332912077, 4918687.913956439 2064495.2726769885))",483175,2,2,0.9395833015441896,74.84127044677734,4.17491569519043,1.05,1819.0,59.94514083862305,3278.0,133,POMCA_252,3,Orinoco,35,Meta,3503,Río Guatiquía,178068.0,2.3504087529801653e-06,0.8499115468308588,0.07260519849675842,-0.13158666916196265,-0.059920338661338106,0.8532396465393719,0.07933613517794323
"POLYGON ((4919611.964232161 2064494.332912077, 4919611.033921417 2063573.4855729137, 4920535.09320288 2063572.5582258366, 4920536.012817579 2064493.403890198, 4919611.964232161 2064494.332912077))",483176,1,1,0.9762499809265136,74.92137908935547,4.101690673828125,1.0600000381469727,1837.0,67.00711822509766,3102.0,133,POMCA_252,3,Orinoco,35,Meta,3503,Río Guatiquía,178068.0,1.1752087036248766e-06,-0.4834711282198113,0.1602037078407917,-0.14960513730649305,-0.06157684963450092,-0.4743301192851921,0.16655492149607426
"POLYGON ((4883571.211394083 2063618.0176570544, 4883569.866296693 2062697.0900991037, 4884494.016588371 2062695.7468751688, 4884495.351004453 2063616.6720027411, 4883571.211394083 2063618.0176570544))",484105,1,1,0.9654166221618652,81.34921264648438,3.0034696578979494,1.05,1183.0,38.51399230957031,3329.0,43,POMCA_076,2,Magdalena Cauca,21,Alto Magdalena,2120,Río Bogotá,593295.0,1.174989781582509e-06,-0.4834711282198113,0.40133214236012527,-0.14960513730649305,0.039652147455351505,-0.47457742550737886,0.4062401583923253
"POLYGON ((4885419.488185744 2063615.3370766824, 4885418.164450827 2062694.4143601125, 4886342.309903508 2062693.0925537932, 4886343.622957401 2063614.0128787367, 4885419.488185744 2063615.3370766824))",484107,3,75,0.8320833206176758,80.94059753417969,3.222493362426758,1.009999942779541,1169.0,39.87054443359375,3514.173333333333,43,POMCA_076,2,Magdalena Cauca,21,Alto Magdalena,2120,Río Bogotá,593295.0,3.525006494710647e-06,2.1832942218815288,0.5418069604484881,1.1837615053887567,0.03351015387440863,2.180129012977586,0.5460914157270905
"POLYGON ((4886343.622957401 2063614.0128787367, 4886342.309903508 2062693.0925537932, 4887266.452965854 2062691.7814560707, 4887267.755338861 2063612.6994087633, 4886343.622957401 2063614.0128787367))",484108,2,4,0.9104166984558104,79.28572082519531,3.107603454589844,1.05,1185.0,39.11789321899414,3323.5,43,POMCA_076,2,Magdalena Cauca,21,Alto Magdalena,2120,Río Bogotá,593295.0,2.3500165640053044e-06,0.8499115468308588,0.7453266453597027,-0.09554973287290185,0.2369580855905113,0.8527966085852801,0.7486860105691913
"POLYGON ((4887267.755338861 2063612.6994087633, 4887266.452965854 2062691.7814560707, 4888190.593657311 2062690.4810668053, 4888191.885349571 2063611.3966666223, 4887267.755338861 2063612.6994087633))",484109,2,2,0.9412500381469726,79.16666412353516,3.310623931884765,1.0600000381469727,1453.0,38.6295051574707,3321.0,43,POMCA_076,2,Magdalena Cauca,21,Alto Magdalena,2120,Río Bogotá,593295.0,2.350028698769916e-06,0.8499115468308588,0.7631744909329568,-0.13158666916196265,0.23367222530787074,0.8528103166740627,0.7664527428634241
"POLYGON ((4890964.261351615 2063607.5528058163, 4890963.001700776 2062686.6441483768, 4891887.133103108 2062685.38659157, 4891888.382073743 2063606.292973633, 4890964.261351615 2063607.5528058163))",484113,1,1,1.0491666793823242,78.67867279052734,3.1825756072998046,1.1100000381469726,1942.0,52.10616683959961,2936.0,138,POMCA_251,3,Orinoco,35,Meta,3502,Río Guayuriba,319907.0,1.175038121794224e-06,-0.4834711282198113,1.183009910207057,-0.14960513730649305,0.10662086768051031,-0.47452281778031025,1.1844001864766749
"POLYGON ((4910370.344927828 2063583.3488621141, 4910369.30953492 2062662.4839193253, 4911293.3972726595 2062661.4511995374, 4911294.421987912 2063582.314273759, 4910370.344927828 2063583.3488621141))",484134,1,3,0.9154167175292968,76.29449462890625,3.7261871337890624,1.0300000190734864,1421.0,56.73649978637695,3237.0,133,POMCA_252,3,Orinoco,35,Meta,3503,Río Guatiquía,178068.0,1.1751498763176093e-06,-0.4834711282198113,0.4268178481138097,-0.11356820101743226,0.021028273503633392,-0.4743965738046383,0.43189675060024774
"POLYGON ((4921459.150813374 2063571.6416023267, 4921458.243545396 2062650.7978039947, 4922382.310180783 2062649.8935400993, 4922383.206772337 2063570.7357022865, 4921459.150813374 2063571.6416023267))",484146,1,1,1.0716667175292969,75.30863952636719,3.9733955383300783,1.0800000190734864,1740.0,65.97811126708984,2990.0,133,POMCA_252,3,Orinoco,35,Meta,3503,Río Guatiquía,178068.0,1.1752038910525849e-06,-0.4834711282198113,-0.13554192943575954,-0.14960513730649305,-0.07929446113389851,-0.4743355558280801,-0.12792621002805762
"POLYGON ((4882645.713556349 2062698.4440320602, 4882644.360244375 2061777.5142305559, 4883568.523646733 2061776.162747468, 4883569.866296693 2062697.0900991037, 4882645.713556349 2062698.4440320602))",485078,1,1,1.0641666412353517,81.65137481689453,2.8351156234741213,1.090000057220459,1040.0,32.89997100830078,3204.0,43,POMCA_076,2,Magdalena Cauca,21,Alto Magdalena,2120,Río Bogotá,593295.0,1.174970219552239e-06,-0.4834711282198113,0.30267643869021804,-0.14960513730649305,-0.03874720594089018,-0.47459952383860243,0.30800678868171555
"POLYGON ((4884494.016588371 2062695.7468751688, 4884492.684600284 2061774.8219540245, 4885416.843124471 2061773.4918500828, 4885418.164450827 2062694.4143601125, 4884494.016588371 2062695.7468751688))",485080,3,6,0.9495833396911623,80.849365234375,3.07821044921875,1.0399999618530271,1232.0,37.437625885009766,3270.6666666666665,43,POMCA_076,2,Magdalena Cauca,21,Alto Magdalena,2120,Río Bogotá,593295.0,3.5249481073405763e-06,2.1832942218815288,0.35982939042794404,-0.05951279658384105,0.12192963436859021,2.1800630554350775,0.364918097017972
"POLYGON ((4889114.73199732 2062689.1913858592, 4889113.453316495 2061768.278326523, 4890037.599985544 2061767.0016679924, 4890038.868005329 2062687.912413095, 4889114.73199732 2062689.1913858592))",485085,2,7,0.9204166412353516,78.2232666015625,3.4539722442626952,1.0600000381469727,1826.0,43.46087646484375,3343.1428571428573,138,POMCA_251,3,Orinoco,35,Meta,3502,Río Guayuriba,319907.0,2.3500260794574505e-06,0.8499115468308588,1.12134624630452,-0.04149432843931065,0.35290403447729113,0.8528073577565247,1.122997534424767
"POLYGON ((4890038.868005329 2062687.912413095, 4890037.599985544 2061767.0016679924, 4890961.744341896 2061765.735698132, 4890963.001700776 2062686.6441483768, 4890038.868005329 2062687.912413095))",485086,3,6,0.9387499809265135,78.6949691772461,3.431968688964844,1.0600000381469727,1825.0,48.777042388916016,3294.5,138,POMCA_251,3,Orinoco,35,Meta,3502,Río Guayuriba,319907.0,3.5250568741469073e-06,2.1832942218815288,1.0054662938502894,-0.05951279658384105,0.2630544126979303,2.180185924323391,1.0076472250059645
"POLYGON ((4890963.001700776 2062686.6441483768, 4890961.744341896 2061765.735698132, 4891885.886405 2061764.480416808, 4891887.133103108 2062685.38659157, 4890963.001700776 2062686.6441483768))",485087,3,9,0.9641666412353516,79.24528503417969,3.3223297119140627,1.0600000381469727,1842.0,46.70846939086914,3362.6666666666665,138,POMCA_251,3,Orinoco,35,Meta,3502,Río Guayuriba,319907.0,3.525074479947446e-06,2.1832942218815288,0.8378496877611018,-0.005457392150249848,0.18105048227052983,2.1802058127913253,0.8407909259101032
"POLYGON ((4911293.3972726595 2062661.4511995374, 4911292.3744219 2061740.5883346328, 4912216.470952326 2061739.5681693628, 4912217.483144967 2062660.4291849837, 4911293.3972726595 2062661.4511995374))",485108,2,7,0.9449999809265136,76.03174591064453,3.741657257080078,1.05,1237.0,46.92583084106445,3211.5714285714284,133,POMCA_252,3,Orinoco,35,Meta,3503,Río Guatiquía,178068.0,2.350282714589821e-06,0.8499115468308588,-0.019945855201577364,-0.04149432843931065,-0.002333187608776115,0.8530972667322524,-0.012895998565851795
"POLYGON ((4920534.175258382 2062651.7127719927, 4920533.258984106 2061730.8675282854, 4921457.337928215 2061729.954215877, 4921458.243545396 2062650.7978039947, 4920534.175258382 2062651.7127719927))",485118,1,4,1.0166666984558106,75.15723419189453,4.0188953399658205,1.0600000381469727,1741.0,70.30680084228516,3134.5,133,POMCA_252,3,Orinoco,35,Meta,3503,Río Guatiquía,178068.0,1.1751863701279667e-06,-0.4834711282198113,-0.11706797887908035,-0.09554973287290185,-0.09962408877559412,-0.47435534841556787,-0.10955685140109242
"POLYGON ((4924230.438574414 2062648.117124231, 4924229.564927942 2061727.2783866709, 4925153.637381771 2061726.407812626, 4925154.500371527 2062647.2449720697, 4924230.438574414 2062648.117124231))",485122,2,14,1.0729166984558105,75.72115325927734,3.762604904174805,1.0399999618530271,2010.0,59.4520263671875,3204.0,136,POMCA_255,3,Orinoco,35,Meta,3506,Río Guavio,228887.0,2.350405965779202e-06,0.8499115468308588,-0.48347112821981125,0.08463494857240215,-0.13162544123301972,0.8532364979658741,-0.474353852374785
"POLYGON ((4888189.30431531 2061769.5656738603, 4888188.017323594 2060848.650487412, 4889112.176966522 2060847.3654737924, 4889113.453316495 2061768.278326523, 4888189.30431531 2061769.5656738603))",486068,2,46,0.9445833206176758,78.85220336914062,3.285356140136719,1.0600000381469727,1710.0,54.44264221191406,3277.8478260869565,138,POMCA_251,3,Orinoco,35,Meta,3502,Río Guayuriba,319907.0,2.349987601724762e-06,0.8499115468308588,1.059353969070994,0.661225929197375,0.45262351848882143,0.8527638912211012,1.0612749663399685
"POLYGON ((4889113.453316495 2061768.278326523, 4889112.176966522 2060847.3654737924, 4890036.334277176 2060846.0911296026, 4890037.599985544 2061767.0016679924, 4889113.453316495 2061768.278326523))",486069,3,91,0.9133333206176758,77.98741912841797,3.576014709472656,1.0600000381469727,1841.0,54.918251037597656,3294.296703296703,138,POMCA_251,3,Orinoco,35,Meta,3502,Río Guayuriba,319907.0,3.5249993068913615e-06,2.1832942218815288,0.9593580464172431,1.472056995701243,0.26578874664604824,2.1801208932267655,0.9617360682851486
"POLYGON ((4890037.599985544 2061767.0016679924, 4890036.334277176 2060846.0911296026, 4890960.489275001 2060844.8274547071, 4890961.744341896 2061765.735698132, 4890037.599985544 2061767.0016679924))",486070,3,8,0.8904166221618652,79.08654022216797,3.387532043457031,1.0399999618530271,1687.0,41.3941764831543,3391.25,138,POMCA_251,3,Orinoco,35,Meta,3502,Río Guayuriba,319907.0,3.525017062064227e-06,2.1832942218815288,0.9349800775212458,-0.02347586029478025,0.31298713243609644,2.1801409504337883,0.9374751589692886
"POLYGON ((4890961.744341896 2061765.735698132, 4890960.489275001 2060844.8274547071, 4891884.641979445 2060843.5744489715, 4891885.886405 2061764.480416808, 4890961.744341896 2061765.735698132))",486071,2,14,0.9149999618530272,79.6474380493164,3.2543678283691406,1.0399999618530271,1754.0,35.40391159057617,3346.785714285714,138,POMCA_251,3,Orinoco,35,Meta,3502,Río Guayuriba,319907.0,2.3500231120510997e-06,0.8499115468308588,0.9694172892494466,0.08463494857240215,0.1826317426295335,0.8528040056132395,0.9717613890680068
"POLYGON ((4891885.886405 2061764.480416808, 4891884.641979445 2060843.5744489715, 4892808.792409947 2060842.3321122625, 4892810.026194297 2061763.2358238865, 4891885.886405 2061764.480416808))",486072,1,2,1.0050000190734862,79.16666412353516,3.1261362075805663,1.0800000190734864,1767.0,39.5668830871582,3167.5,138,POMCA_251,3,Orinoco,35,Meta,3502,Río Guayuriba,319907.0,1.1750173749869409e-06,-0.4834711282198113,1.0286126697907239,-0.13158666916196265,0.2009424264738034,-0.47454625449995763,1.0306923330797486
"POLYGON ((4892810.026194297 2061763.2358238865, 4892808.792409947 2060842.3321122625, 4893732.940585954 2060841.1004444482, 4893734.163729228 2061762.0019192356, 4892810.026194297 2061763.2358238865))",486073,2,4,1.1100000381469726,79.76190185546875,3.176619529724121,1.1200000762939453,1700.0,39.33796310424805,3195.25,138,POMCA_251,3,Orinoco,35,Meta,3502,Río Guayuriba,319907.0,2.3500462884632077e-06,0.8499115468308588,0.7563718615115947,-0.09554973287290185,0.09015605481188158,0.8528301869463766,0.7596824656789716
"POLYGON ((4912216.470952326 2061739.5681693628, 4912215.460604769 2060818.7073627657, 4913139.565927675 2060817.6997132495, 4913140.565636649 2061738.5586898483, 4912216.470952326 2061739.5681693628))",486094,1,5,0.9662500381469726,76.09034729003906,3.8560752868652335,1.0699999809265135,1345.0,52.55669403076172,3175.4,133,POMCA_252,3,Orinoco,35,Meta,3503,Río Guatiquía,178068.0,1.175132813184083e-06,-0.4834711282198113,0.28512540208750725,-0.07753126472837145,0.11320293613056796,-0.4744158492464595,0.2908005154623865
"POLYGON ((4715307.616600161 2061276.7050348048, 4715304.341953326 2060355.0126356354, 4716229.2905831095 2060351.7347627925, 4716232.554562401 2061273.4211980284, 4715307.616600161 2061276.7050348048))",486865,1,1,1.2045833587646484,91.1290283203125,2.0165037155151366,0.9300000190734864,1699.0,36.83281707763672,2856.0,49,POMCA_145,2,Magdalena Cauca,26,Cauca,2612,Río La Vieja,283690.0,1.1729913942096196e-06,-0.4834711282198113,0.0,-0.14960513730649305,0.0,-0.4768349123566255,0.0
"POLYGON ((4880794.653884771 2060859.3147124618, 4880793.2842598865 2059938.3803639086, 4881717.4738845015 2059937.012478695, 4881718.832885954 2060857.9443383932, 4880794.653884771 2060859.3147124618))",487044,2,7,1.0162500381469726,81.86727905273438,3.046048164367676,1.0800000190734864,1001.0,32.23434066772461,3315.4285714285716,43,POMCA_076,2,Magdalena Cauca,21,Alto Magdalena,2120,Río Bogotá,593295.0,2.349862038939981e-06,0.8499115468308588,-0.26368708341924757,-0.04149432843931065,-0.11892145495275933,0.8526220486838422,-0.255862275234036
"POLYGON ((4888188.017323594 2060848.650487412, 4888186.732682187 2059927.7355070866, 4889110.902947424 2059926.452827293, 4889112.176966522 2060847.3654737924, 4888188.017323594 2060848.650487412))",487052,3,105,0.9958333015441896,78.54938507080078,3.267145538330078,1.079999923706055,1734.0,55.22789764404297,3207.8190476190475,138,POMCA_251,3,Orinoco,35,Meta,3502,Río Guayuriba,319907.0,3.5249416636377052e-06,2.1832942218815288,0.8623598289819641,1.7243155497246687,0.40338803387490474,2.180055776278549,0.8651688082476326
"POLYGON ((4889112.176966522 2060847.3654737924, 4889110.902947424 2059926.452827293, 4890035.070880253 2059925.1807975515, 4890036.334277176 2060846.0911296026, 4889112.176966522 2060847.3654737924))",487053,1,2,0.9087499618530274,78.4920654296875,3.5040557861328123,1.05,1793.0,55.233154296875,3339.0,138,POMCA_251,3,Orinoco,35,Meta,3502,Río Guayuriba,319907.0,1.1749865227198679e-06,-0.4834711282198113,1.1556403099803638,-0.13158666916196265,0.5289310098354021,-0.47458110689551,1.157118607412033
"POLYGON ((4890036.334277176 2060846.0911296026, 4890035.070880253 2059925.1807975515, 4890959.236500116 2059923.919417727, 4890960.489275001 2060844.8274547071, 4890036.334277176 2060846.0911296026))",487054,1,1,0.8783332824707031,79.61164855957031,3.5183509826660155,1.0300000190734864,1794.0,46.84138870239258,3389.0,138,POMCA_251,3,Orinoco,35,Meta,3502,Río Guayuriba,319907.0,1.174992441182258e-06,-0.4834711282198113,1.0450702207810698,-0.14960513730649305,0.3335710093527551,-0.47457442107913894,1.0470589685563365
"POLYGON ((4890960.489275001 2060844.8274547071, 4890959.236500116 2059923.919417727, 4891883.399826465 2059922.6686876854, 4891884.641979445 2060843.5744489715, 4890960.489275001 2060844.8274547071))",487055,2,2,0.8716667175292969,79.61165618896484,3.5632808685302733,1.0299999237060546,1630.0,39.20340347290039,3461.0,138,POMCA_251,3,Orinoco,35,Meta,3502,Río Guayuriba,319907.0,2.3499966198467416e-06,0.8499115468308588,0.8331500589693894,-0.13158666916196265,0.2647309832437768,0.8527740785811949,0.8361053355213703
"POLYGON ((4914987.771112612 2060815.7164129422, 4914986.794467309 2059894.8612471244, 4915910.90498706 2059893.887368091, 4915911.871013525 2060814.7407619401, 4914987.771112612 2060815.7164129422))",487081,1,3,0.975,75.85669708251953,3.9943130493164056,1.0700000762939452,1199.0,41.92719268798828,3150.0,133,POMCA_252,3,Orinoco,35,Meta,3503,Río Guatiquía,178068.0,1.1751334456737138e-06,-0.4834711282198113,-0.02680704915591378,-0.11356820101743226,0.09323366533489902,-0.47441513475184094,-0.019778515424868158
"POLYGON ((4878020.700263612 2059942.5479280553, 4878019.301331679 2059021.6062011574, 4878943.509141394 2059020.2089086568, 4878944.89746889 2059941.1480884415, 4878020.700263612 2059942.5479280553))",488024,1,3,1.2425000190734865,81.2841567993164,3.264825820922852,1.2199999809265136,1137.0,39.21699142456055,2847.0,43,POMCA_076,2,Magdalena Cauca,21,Alto Magdalena,2120,Río Bogotá,593295.0,1.1748984009588465e-06,-0.4834711282198113,-0.29401967577223265,-0.11356820101743226,-0.0795256325747679,-0.474680654020025,-0.28612024874521924
"POLYGON ((4889110.902947424 2059926.452827293, 4889109.631259229 2059005.5403866498, 4890033.809794797 2059004.270671464, 4890035.070880253 2059925.1807975515, 4889110.902947424 2059926.452827293))",488036,2,5,0.906666660308838,78.73016357421875,3.50540771484375,1.05,1777.0,48.42408752441406,3302.0,138,POMCA_251,3,Orinoco,35,Meta,3502,Río Guayuriba,319907.0,2.3499466019896793e-06,0.8499115468308588,0.8571244417483793,-0.07753126472837145,0.6564952911540214,0.8527175756948789,0.8599526661607461
"POLYGON ((4914062.682159563 2059895.845772853, 4914061.6967015825 2058974.9890241297, 4914985.819608845 2058974.0062898241, 4914986.794467309 2059894.8612471244, 4914062.682159563 2059895.845772853))",488063,1,2,0.9445833206176758,75.86477661132812,3.9454132080078126,1.0600000381469727,1244.0,40.33434295654297,3181.0,133,POMCA_252,3,Orinoco,35,Meta,3503,Río Guatiquía,178068.0,1.1751156496777355e-06,-0.4834711282198113,-0.12450477746406931,-0.13158666916196265,0.1393961174409439,-0.47443523807486787,-0.11706433839442779
"POLYGON ((4915910.90498706 2059893.887368091, 4915909.94072801 2058973.0341828407, 4916834.060078515 2058972.0727030763, 4916835.013738256 2059892.9241356484, 4915910.90498706 2059893.887368091))",488065,1,1,0.9625,75.077880859375,3.991468048095703,1.0699999809265135,1321.0,44.63066101074219,3193.0,133,POMCA_252,3,Orinoco,35,Meta,3503,Río Guatiquía,178068.0,1.1751247520278464e-06,-0.4834711282198113,-0.14656405974687736,-0.14960513730649305,0.07816966662699051,-0.4744249555661054,-0.1390197103034196
"POLYGON ((4916835.013738256 2059892.9241356484, 4916834.060078515 2058972.0727030763, 4917758.177679805 2058971.1218504286, 4917759.120740338 2059891.9715496947, 4916835.013738256 2059892.9241356484))",488066,1,5,0.9883333206176758,75.389404296875,3.904154968261719,1.0700000762939452,1278.0,46.48540496826172,3169.6,133,POMCA_252,3,Orinoco,35,Meta,3503,Río Guatiquía,178068.0,1.1751292286086331e-06,-0.4834711282198113,-0.15299927422731852,-0.07753126472837145,0.008020396691110918,-0.47441989857745914,-0.14541975173365532
"POLYGON ((4917759.120740338 2059891.9715496947, 4917758.177679805 2058971.1218504286, 4918682.29355132 2058970.1816247967, 4918683.226012744 2059891.0296101286, 4917759.120740338 2059891.9715496947))",488067,1,2,0.9820833206176758,75.0,4.081322097778321,1.0699999809265135,1398.0,52.66790771484375,3294.0,133,POMCA_252,3,Orinoco,35,Meta,3503,Río Guatiquía,178068.0,1.175133655463912e-06,-0.4834711282198113,-0.17650005619484724,-0.13158666916196265,-0.010876769416389896,-0.47441489776144546,-0.1688113757091372
"POLYGON ((4921455.5316463085 2059888.2676687608, 4921454.63098162 2058967.424709002, 4922378.740128441 2058966.526990445, 4922379.630194411 2059887.3683137556, 4921455.5316463085 2059888.2676687608))",488071,1,2,0.912083339691162,75.33670043945312,4.158552551269532,0.990000057220459,1802.0,65.0048828125,3174.0,133,POMCA_252,3,Orinoco,35,Meta,3503,Río Guatiquía,178068.0,1.175150865588385e-06,-0.4834711282198113,-0.1928191132302803,-0.13158666916196265,-0.06030101521996856,-0.47439545627067214,-0.18503531230823475
"POLYGON ((4878019.301331679 2059021.6062011574, 4878017.904963902 2058100.664678388, 4878942.123358615 2058099.2699331185, 4878943.509141394 2059020.2089086568, 4878019.301331679 2059021.6062011574))",488991,1,5,1.1958333015441895,81.23249816894531,3.0883445739746094,1.1899999618530273,1157.0,31.38851547241211,2910.2,43,POMCA_076,2,Magdalena Cauca,21,Alto Magdalena,2120,Río Bogotá,593295.0,1.1748852028542593e-06,-0.4834711282198113,-0.29100987456731175,-0.07753126472837145,-0.07895174751675295,-0.4746955633153622,-0.2831309015075924
"POLYGON ((4880791.91714082 2059017.4462202068, 4880790.552527598 2058096.5122809843, 4881714.763340768 2058095.1493738263, 4881716.117369431 2059016.0808239637, 4880791.91714082 2059017.4462202068))",488994,1,1,0.9416666984558104,81.1111068725586,3.1358154296875,1.05,1233.0,35.5669059753418,3376.0,43,POMCA_076,2,Magdalena Cauca,21,Alto Magdalena,2120,Río Bogotá,593295.0,1.1749045992075826e-06,-0.4834711282198113,-0.23789535526807326,-0.14960513730649305,-0.11369870909766149,-0.4746736521418106,-0.2302509217606555
"POLYGON ((4883564.510381701 2059013.3819267156, 4883563.17752173 2058092.4553966052, 4884487.3809284195 2058091.1243262554, 4884488.70320426 2059012.0484254237, 4883564.510381701 2059013.3819267156))",488997,1,1,0.8800000190734864,79.37294006347656,3.16945686340332,1.009999942779541,1384.0,50.62862014770508,3387.0,43,POMCA_076,2,Magdalena Cauca,21,Alto Magdalena,2120,Río Bogotá,593295.0,1.1749235481545044e-06,-0.4834711282198113,0.14324111630420114,-0.14960513730649305,0.2327463723494219,-0.4746522463828155,0.14919938657449294
"POLYGON ((4888185.450391118 2059006.8207325095, 4888184.17045041 2058085.9061633067, 4889108.361901961 2058084.6281514887, 4889109.631259229 2059005.5403866498, 4888185.450391118 2059006.8207325095))",489002,2,249,1.0108333587646483,79.01234436035156,3.13218936920166,1.0800000190734864,1746.0,47.93247604370117,3130.5381526104416,138,POMCA_251,3,Orinoco,35,Meta,3502,Río Guayuriba,319907.0,2.349908270945158e-06,0.8499115468308588,0.8819626829795885,4.318974962537046,0.23698922178470958,0.8526742748663718,0.8846711356129272
"POLYGON ((4914985.819608845 2058974.0062898241, 4914984.84653724 2058053.1515406617, 4915908.978236389 2058052.1812058103, 4915909.94072801 2058973.0341828407, 4914985.819608845 2058974.0062898241))",489031,2,121,0.9570833206176758,75.5503158569336,3.945414352416992,1.059999942779541,1190.0,47.65056610107422,3191.603305785124,133,POMCA_252,3,Orinoco,35,Meta,3503,Río Guatiquía,178068.0,2.350214060539906e-06,0.8499115468308588,-0.2691302771575704,2.012611040037155,-0.07574111146375316,0.853019711390914,-0.2610595826892931
"POLYGON ((4915909.94072801 2058973.0341828407, 4915908.978236389 2058052.1812058103, 4916833.1081667775 2058051.2214788052, 4916834.060078515 2058972.0727030763, 4915909.94072801 2058973.0341828407))",489032,1,1,0.9491666793823242,75.71428680419922,3.88957405090332,1.05,1424.0,49.81451416015625,3206.0,133,POMCA_252,3,Orinoco,35,Meta,3503,Río Guatiquía,178068.0,1.1751115566377057e-06,-0.4834711282198113,-0.13515168396745128,-0.14960513730649305,0.11979498923692122,-0.4744398617950566,-0.12767050149968714
"POLYGON ((4916834.060078515 2058972.0727030763, 4916833.1081667775 2058051.2214788052, 4917757.236347849 2058050.2723595435, 4917758.177679805 2058971.1218504286, 4916834.060078515 2058972.0727030763))",489033,2,19,0.9524999618530273,75.55555725097656,4.075982666015625,1.05,1343.0,47.31243133544922,3221.315789473684,133,POMCA_252,3,Orinoco,35,Meta,3503,Río Guatiquía,178068.0,2.3502320665462884e-06,0.8499115468308588,-0.34276246622837103,0.17472728929505416,-0.01117006014552716,0.8530400519530927,-0.3343590220143685
"POLYGON ((4917758.177679805 2058971.1218504286, 4917757.236347849 2058050.2723595435, 4918681.362799045 2058049.3338479248, 4918682.29355132 2058970.1816247967, 4917758.177679805 2058971.1218504286))",489034,1,2,0.9595833778381349,75.4761962890625,4.131136322021485,1.05,1372.0,49.84309387207031,3114.0,133,POMCA_252,3,Orinoco,35,Meta,3503,Río Guatiquía,178068.0,1.1751204601801625e-06,-0.4834711282198113,-0.22712019867842567,-0.13158666916196265,-0.008152401235875427,-0.47442980387021144,-0.2192255093277819
"POLYGON ((4918682.29355132 2058970.1816247967, 4918681.362799045 2058049.3338479248, 4919605.487539807 2058048.4059438496, 4919606.407712501 2058969.2520260806, 4918682.29355132 2058970.1816247967))",489035,1,2,0.9429166793823244,75.40064239501953,4.086887359619141,1.0399999618530271,1558.0,58.355377197265625,3264.0,133,POMCA_252,3,Orinoco,35,Meta,3503,Río Guatiquía,178068.0,1.17512483735852e-06,-0.4834711282198113,-0.2547726742825778,-0.13158666916196265,-0.02451682915482087,-0.47442485917194477,-0.24675392908532318
"POLYGON ((4920530.520182787 2058968.3330541817, 4920529.610589579 2058047.488647219, 4921453.731967798 2058046.5819579354, 4921454.63098162 2058967.424709002, 4920530.520182787 2058968.3330541817))",489037,1,6,0.9587499618530272,75.5718994140625,4.140295028686523,1.0199999809265137,1817.0,60.451847076416016,3062.0,133,POMCA_252,3,Orinoco,35,Meta,3503,Río Guatiquía,178068.0,1.1751334425258111e-06,-0.4834711282198113,-0.2041954093259812,-0.05951279658384105,-0.09154658900694926,-0.4744151383078827,-0.1963886357497648
"POLYGON ((4878017.904963902 2058100.664678388, 4878016.5111603085 2057179.7233593748, 4878940.740120582 2057178.3311614536, 4878942.123358615 2058099.2699331185, 4878017.904963902 2058100.664678388))",489962,1,15,1.1395833015441894,81.3768081665039,2.9577205657958983,1.1500000953674316,1123.0,33.04999542236328,3042.0,43,POMCA_076,2,Magdalena Cauca,21,Alto Magdalena,2120,Río Bogotá,593295.0,1.1748720292682723e-06,-0.4834711282198113,-0.2812735304647779,0.10265341671693255,-0.11964485367181783,-0.4747104449131577,-0.2734428904421125
"POLYGON ((4878942.123358615 2058099.2699331185, 4878940.740120582 2057178.3311614536, 4879864.966534076 2057176.949557, 4879866.339206695 2058097.8858006995, 4878942.123358615 2058099.2699331185))",489963,1,2,1.0929166793823242,81.47321319580078,3.026086616516113,1.1200000762939453,1150.0,36.63304138183594,3102.0,43,POMCA_076,2,Magdalena Cauca,21,Alto Magdalena,2120,Río Bogotá,593295.0,1.1748785445085944e-06,-0.4834711282198113,-0.2722589415486171,-0.13158666916196265,-0.08322353437978752,-0.47470308494404145,-0.26446758245215296
"POLYGON ((4880790.552527598 2058096.5122809843, 4880789.190420248 2057175.5785458677, 4881713.411798542 2057174.21812791, 4881714.763340768 2058095.1493738263, 4880790.552527598 2058096.5122809843))",489965,1,1,0.8791666984558105,80.74433898925781,3.168260765075684,1.0300000190734864,1184.0,40.06150436401367,3443.0,43,POMCA_076,2,Magdalena Cauca,21,Alto Magdalena,2120,Río Bogotá,593295.0,1.174891425853503e-06,-0.4834711282198113,-0.26435901589343147,-0.14960513730649305,-0.11902052345849136,-0.47468853347763085,-0.2565977039704579
"POLYGON ((4883563.17752173 2058092.4553966052, 4883561.847109321 2057171.5290709427, 4884486.061080707 2057170.200431647, 4884487.3809284195 2058091.1243262554, 4883563.17752173 2058092.4553966052))",489968,1,1,0.8433333396911621,79.29293060302734,3.291402816772461,0.9899999618530272,1203.0,44.09514999389648,3443.0,43,POMCA_076,2,Magdalena Cauca,21,Alto Magdalena,2120,Río Bogotá,593295.0,1.1749103750271476e-06,-0.4834711282198113,-0.04923950155955248,-0.14960513730649305,0.09271758002227895,-0.47466712746251744,-0.042438302344199166
"POLYGON ((4914984.84653724 2058053.1515406617, 4914983.875252514 2057132.2969992575, 4915908.01751222 2057131.32843662, 4915908.978236389 2058052.1812058103, 4914984.84653724 2058053.1515406617))",490002,2,4,0.9,76.0517807006836,3.9138442993164064,1.0299999237060546,1226.0,47.69038391113281,3255.5,133,POMCA_252,3,Orinoco,35,Meta,3503,Río Guatiquía,178068.0,2.350187718677985e-06,0.8499115468308588,-0.22440077808700956,-0.09554973287290185,0.14629308331183888,0.852989954193847,-0.2165429118113396
"POLYGON ((4915908.978236389 2058052.1812058103, 4915908.01751222 2057131.32843662, 4916832.158003062 2057130.3704624546, 4916833.1081667775 2058051.2214788052, 4915908.978236389 2058052.1812058103))",490003,1,5,0.9166666984558104,75.16026306152344,4.030189895629883,1.0399999618530271,1526.0,55.70379638671875,3302.6,133,POMCA_252,3,Orinoco,35,Meta,3503,Río Guatiquía,178068.0,1.1750983857604856e-06,-0.4834711282198113,-0.1800138484697518,-0.07753126472837145,0.05777959386469604,-0.474454740332882,-0.17234398740150458
"POLYGON ((4916833.1081667775 2058051.2214788052, 4916832.158003062 2057130.3704624546, 4917756.296744486 2057129.423076659, 4917757.236347849 2058050.2723595435, 4916833.1081667775 2058051.2214788052))",490004,1,3,0.9195833206176758,75.80906677246094,4.008277893066406,1.0299999237060546,1543.0,54.60586929321289,3269.6666666666665,133,POMCA_252,3,Orinoco,35,Meta,3503,Río Guatiquía,178068.0,1.1751028624498588e-06,-0.4834711282198113,-0.2175915173277268,-0.11356820101743226,0.011506834627320345,-0.47444968322157055,-0.20974919823783778
"POLYGON ((4920529.610589579 2058047.488647219, 4920528.702666681 2057126.6444484913, 4921452.834604862 2057125.7394151802, 4921453.731967798 2058046.5819579354, 4920529.610589579 2058047.488647219))",490008,2,4,0.7858333110809326,75.17361450195312,4.160601043701172,0.9600000381469728,1685.0,67.75477600097656,3512.0,133,POMCA_252,3,Orinoco,35,Meta,3503,Río Guatiquía,178068.0,2.350240543821764e-06,0.8499115468308588,-0.42902951374118753,-0.09554973287290185,-0.08184789229784079,0.8530496283436181,-0.4202358688778533
"POLYGON ((4870622.585459696 2057191.242325575, 4870621.109845905 2056270.2801323666, 4871545.370428068 2056268.8058838286, 4871546.835494522 2057189.7653744903, 4870622.585459696 2057191.242325575))",490908,1,2,1.087083339691162,82.09063720703125,2.8719520568847656,1.140000057220459,977.0,28.56562614440918,3108.0,43,POMCA_076,2,Magdalena Cauca,21,Alto Magdalena,2120,Río Bogotá,593295.0,1.174804968123149e-06,-0.4834711282198113,0.36754515083999734,-0.13158666916196265,-0.13810505559579192,-0.47478620082278017,0.3721872192702543
"POLYGON ((4880789.190420248 2057175.5785458677, 4880787.830818797 2056254.645014484, 4881712.062742779 2056253.2870858412, 4881713.411798542 2057174.21812791, 4880789.190420248 2057175.5785458677))",490919,1,1,0.8391666412353516,81.02310180664062,3.239200210571289,1.0100000381469727,1085.0,34.57133865356445,3595.0,43,POMCA_076,2,Magdalena Cauca,21,Alto Magdalena,2120,Río Bogotá,593295.0,1.1748782770149269e-06,-0.4834711282198113,-0.20200381589056546,-0.14960513730649305,-0.11907542164520259,-0.4747033871194079,-0.1945426610185058
"POLYGON ((4913135.585348743 2057134.2658903606, 4913134.594768349 2056213.4079536186, 4914058.751165446 2056212.4200247736, 4914059.731204504 2057133.2761504697, 4913135.585348743 2057134.2658903606))",490954,1,1,0.9104166984558104,76.45630645751953,3.863926696777344,1.0300000190734864,1838.0,58.63715362548828,3372.0,138,POMCA_251,3,Orinoco,35,Meta,3502,Río Guayuriba,319907.0,1.1750715107836134e-06,-0.4834711282198113,-0.05576721772591859,-0.14960513730649305,0.07166235273395169,-0.4744850997655354,-0.04868778207713226
"POLYGON ((4914983.875252514 2057132.2969992575, 4914982.905754686 2056211.442665232, 4915907.05855552 2056210.47587489, 4915908.01751222 2057131.32843662, 4914983.875252514 2057132.2969992575))",490956,1,25,0.8095833778381347,76.3468017578125,4.053384399414062,0.990000057220459,1206.0,46.78883743286133,3559.72,133,POMCA_252,3,Orinoco,35,Meta,3503,Río Guatiquía,178068.0,1.1750807129198438e-06,-0.4834711282198113,-0.10312068562955147,0.28283809816223654,0.015483680966746587,-0.474474704532956,-0.09581480946714904
"POLYGON ((4916832.158003062 2057130.3704624546, 4916831.209587388 2056209.5196536453, 4917755.358869738 2056208.5740013954, 4917756.296744486 2057129.423076659, 4916832.158003062 2057130.3704624546))",490958,1,3,0.8604166984558107,75.66006469726562,4.1145988464355465,1.0100000381469727,1242.0,45.70135116577149,3356.0,133,POMCA_252,3,Orinoco,35,Meta,3503,Río Guatiquía,178068.0,1.1750897161381466e-06,-0.4834711282198113,-0.28157156177523307,-0.11356820101743226,-0.006033650149842098,-0.47446453400886485,-0.27345491001223166
"POLYGON ((4923301.093544057 2057123.9611120964, 4923300.2189128045 2056203.1220312484, 4924224.356492956 2056202.2503592144, 4924225.220583957 2057123.087842135, 4923301.093544057 2057123.9611120964))",490965,1,1,0.8925000190734863,76.4184341430664,4.036763000488281,0.940000057220459,1966.0,64.24534606933594,3362.0,133,POMCA_252,3,Orinoco,35,Meta,3503,Río Guatiquía,178068.0,1.1751196608707608e-06,-0.4834711282198113,-0.2957677207748217,-0.14960513730649305,0.07402832108565638,-0.47443070681349825,-0.28756245986487194
"POLYGON ((4870621.109845905 2056270.2801323666, 4870619.636951863 2055349.3181412013, 4871543.908061925 2055347.8465953346, 4871545.370428068 2056268.8058838286, 4870621.109845905 2056270.2801323666))",491861,2,2,1.0054166793823245,82.34848022460938,3.078210639953613,1.1,915.0,32.90223693847656,3278.5,43,POMCA_076,2,Magdalena Cauca,21,Alto Magdalena,2120,Río Bogotá,593295.0,2.3495836858535266e-06,0.8499115468308588,-0.4834711282198113,-0.13158666916196265,-0.1387595732112227,0.8523076059283269,-0.474818363257789
"POLYGON ((4878015.119920925 2056258.7822437454, 4878013.731245781 2055337.841331128, 4878937.981278865 2055336.4542282557, 4878939.359427324 2056257.3925932902, 4878015.119920925 2056258.7822437454))",491869,1,1,1.167916679382324,80.57909393310547,3.285355377197265,1.1800000190734865,1125.0,33.38444137573242,2949.0,43,POMCA_076,2,Magdalena Cauca,21,Alto Magdalena,2120,Río Bogotá,593295.0,1.1748457556449574e-06,-0.4834711282198113,-0.2059179327086718,-0.14960513730649305,-0.09701467601112701,-0.4747401250241914,-0.1984520847442186
"POLYGON ((4915907.05855552 2056210.47587489, 4915906.1013663085 2055289.6235202411, 4916830.262919774 2055288.6690519971, 4916831.209587388 2056209.5196536453, 4915907.05855552 2056210.47587489))",491909,1,3,0.9041666984558104,75.8169937133789,4.116670227050781,1.0199999809265137,1235.0,45.62321472167969,3256.3333333333335,133,POMCA_252,3,Orinoco,35,Meta,3503,Río Guatiquía,178068.0,1.1750721175416782e-06,-0.4834711282198113,-0.17590990087000835,-0.11356820101743226,0.002487740492929759,-0.4744844143386906,-0.16828300402695567
"POLYGON ((4916831.209587388 2056209.5196536453, 4916830.262919774 2055288.6690519971, 4917754.422723621 2055287.725133373, 4917755.358869738 2056208.5740013954, 4916831.209587388 2056209.5196536453))",491910,1,2,0.8183333396911621,75.58922576904297,4.255122375488281,0.9899999618530272,1225.0,46.48236083984375,3540.0,133,POMCA_252,3,Orinoco,35,Meta,3503,Río Guatiquía,178068.0,1.1750765943369264e-06,-0.4834711282198113,-0.21218377521962525,-0.13158666916196265,-0.019550377918943405,-0.4744793571077769,-0.20439220787454146
"POLYGON ((4923300.2189128045 2056203.1220312484, 4923299.345893619 2055282.2831581004, 4924223.493994594 2055281.4130840676, 4924224.356492956 2056202.2503592144, 4923300.2189128045 2056203.1220312484))",491917,1,26,1.0079166412353515,76.17845153808594,4.008277130126953,0.9899999618530272,2007.0,52.68128204345703,3237.0,133,POMCA_252,3,Orinoco,35,Meta,3503,Río Guatiquía,178068.0,1.1751065394272037e-06,-0.4834711282198113,-0.3091293453960153,0.30085656630676694,-0.12746402378005278,-0.4744455295083747,-0.30086612419916603
"POLYGON ((4865998.240179731 2055356.8342147016, 4865996.71746081 2054435.8586204054, 4866921.01288559 2054434.3370923577, 4866922.52509526 2055355.3098869151, 4865998.240179731 2055356.8342147016))",492809,1,1,1.0054166793823245,82.49235534667969,2.7671636581420898,1.0899999618530274,970.0,34.05216598510742,3286.0,43,POMCA_076,2,Magdalena Cauca,21,Alto Magdalena,2120,Río Bogotá,593295.0,1.1747434308781533e-06,-0.4834711282198113,-0.28008640234767884,-0.14960513730649305,-0.14425341895302915,-0.4748557166349802,-0.2724379465039296
"POLYGON ((4879862.228764876 2055335.077680082, 4879860.863668349 2054414.1420461177, 4880785.1191337025 2054412.7785614254, 4880786.473723273 2055333.7116864608, 4879862.228764876 2055335.077680082))",492824,2,3,1.0341666221618653,80.45455169677734,3.342789840698243,1.1,1193.0,36.06739044189453,3237.6666666666665,43,POMCA_076,2,Magdalena Cauca,21,Alto Magdalena,2120,Río Bogotá,593295.0,2.349691273667806e-06,0.8499115468308588,-0.2273678646833387,-0.11356820101743226,-0.12608647918053448,0.852429142963223,-0.21980988649259897
"POLYGON ((4880786.473723273 2055333.7116864608, 4880785.1191337025 2054412.7785614254, 4881709.372090747 2054411.4256117549, 4881710.7161735045 2055332.3562472472, 4880786.473723273 2055333.7116864608))",492825,2,2,0.9324999809265136,80.03144836425781,3.194455909729004,1.0600000381469727,1176.0,39.98404312133789,3309.5,43,POMCA_076,2,Magdalena Cauca,21,Alto Magdalena,2120,Río Bogotá,593295.0,2.3497041057679413e-06,0.8499115468308588,-0.22648892717665303,-0.13158666916196265,-0.12587556713727427,0.8524436388000647,-0.21893541059834004
"POLYGON ((4912209.437267324 2055293.546891459, 4912208.439835918 2054372.6875374161, 4913132.619084907 2054371.6927002573, 4913133.60601373 2055292.5502237107, 4912209.437267324 2055293.546891459))",492858,1,18,0.9991666793823241,76.72956085205078,3.877870559692383,1.0600000381469727,1953.0,62.24495315551758,3272.5,138,POMCA_251,3,Orinoco,35,Meta,3502,Río Guayuriba,319907.0,1.1750406154844211e-06,-0.4834711282198113,0.138809694771066,0.15670882115052376,0.0010948862817625128,-0.4745200007725055,0.14496239540640157
"POLYGON ((4918678.580797293 2055286.791764268, 4918677.656881795 2054365.9448174348, 4919601.8237466095 2054365.0236927024, 4919602.737160237 2055285.868944583, 4918678.580797293 2055286.791764268))",492865,1,1,0.6945833206176758,75.0,4.319397735595703,0.95,1355.0,55.0368766784668,3666.0,133,POMCA_252,3,Orinoco,35,Meta,3503,Río Guatiquía,178068.0,1.1750723015510756e-06,-0.4834711282198113,-0.28966050912918045,-0.14960513730649305,-0.0821454993938484,-0.47448420647168715,-0.2815222374716724
"POLYGON ((4879860.863668349 2054414.1420461177, 4879859.501097239 2053493.206614653, 4880783.767050112 2053491.8456390041, 4880785.1191337025 2054412.7785614254, 4879860.863668349 2054414.1420461177))",493788,1,1,0.9670833587646483,80.94136047363281,3.2645362854003905,1.079999923706055,1426.0,42.95492935180664,3235.0,43,POMCA_076,2,Magdalena Cauca,21,Alto Magdalena,2120,Río Bogotá,593295.0,1.1748325614607211e-06,-0.4834711282198113,0.055014379091786414,-0.14960513730649305,-0.11909997990742785,-0.47475502989088736,0.061253063909027135
"POLYGON ((4882633.622558941 2054410.083196963, 4882632.291449959 2053489.1552344707, 4883556.549935848 2053487.8258053004, 4883557.870557739 2054408.751316907, 4882633.622558941 2054410.083196963))",493791,1,2,0.9787500381469728,79.32389831542969,3.303751754760742,1.0600000381469727,1645.0,49.43160629272461,3151.0,138,POMCA_251,3,Orinoco,35,Meta,3502,Río Guayuriba,319907.0,1.1748516606873322e-06,-0.4834711282198113,-0.19030604490772524,-0.13158666916196265,-0.14400287495707342,-0.47473345436779796,-0.18292188200824508
"POLYGON ((4912208.439835918 2054372.6875374161, 4912207.444249758 2053451.8283893648, 4913131.633981898 2053450.835382879, 4913132.619084907 2054371.6927002573, 4912208.439835918 2054372.6875374161))",493822,2,11,1.0179166793823242,76.65094757080078,3.991230392456055,1.0600000381469727,1977.0,58.83969879150391,3153.181818181818,138,POMCA_251,3,Orinoco,35,Meta,3502,Río Guayuriba,319907.0,2.350055084855107e-06,0.8499115468308588,0.057133888415553724,0.030579544138810952,-0.05136468725830382,0.852840123828136,0.06363549278539607
"POLYGON ((4913132.619084907 2054371.6927002573, 4913131.633981898 2053450.835382879, 4914055.821886425 2053449.85288767, 4914056.796506386 2054370.7083937535, 4913132.619084907 2054371.6927002573))",493823,1,2,0.85,77.10437774658203,3.9370040893554688,0.9899999618530272,1659.0,66.69195556640625,3272.0,138,POMCA_251,3,Orinoco,35,Meta,3502,Río Guayuriba,319907.0,1.1750322182562386e-06,-0.4834711282198113,0.3271467514660782,-0.13158666916196265,0.020247674071133513,-0.47452948673726353,0.3324446055409203
"POLYGON ((4917753.4883061545 2054366.8764722112, 4917752.555617358 2053446.02801753, 4918676.73467554 2053445.0980771608, 4918677.656881795 2054365.9448174348, 4917753.4883061545 2054366.8764722112))",493828,1,2,0.6345833301544189,75.53763580322266,4.433642959594726,0.9300000190734864,1217.0,49.21880340576172,3742.0,133,POMCA_252,3,Orinoco,35,Meta,3503,Río Guatiquía,178068.0,1.1750548514322951e-06,-0.4834711282198113,-0.19936766553734078,-0.13158666916196265,-0.09883729159690934,-0.4745039190730572,-0.19165283009217332
"POLYGON ((4918677.656881795 2054365.9448174348, 4918676.73467554 2053445.0980771608, 4919600.9120227955 2053444.1786474586, 4919601.8237466095 2054365.0236927024, 4918677.656881795 2054365.9448174348))",493829,1,3,0.7425000190734862,74.65277862548828,4.21307487487793,0.9600000381469728,1329.0,52.53604507446289,3693.0,133,POMCA_252,3,Orinoco,35,Meta,3503,Río Guatiquía,178068.0,1.1750592288716417e-06,-0.4834711282198113,-0.3028644423473169,-0.11356820101743226,-0.08783848170487273,-0.4744989740799631,-0.2946787395696784
"POLYGON ((4883556.549935848 2053487.8258053004, 4883555.231761653 2052566.9004962745, 4884479.498264976 2052565.584013925, 4884480.805971657 2053486.506891339, 4883556.549935848 2053487.8258053004))",494781,1,1,1.0733333587646483,78.93939971923828,3.3325759887695314,1.0999999046325684,1736.0,51.00320053100586,3058.0,138,POMCA_251,3,Orinoco,35,Meta,3502,Río Guayuriba,319907.0,1.1748448771032764e-06,-0.4834711282198113,-0.22250202644352257,-0.14960513730649305,-0.13952268583180766,-0.4747411174725616,-0.21497891184431905
"POLYGON ((4907586.467494131 2053456.951094678, 4907585.421433017 2052536.082707763, 4908509.631059226 2052535.039070943, 4908510.666656079 2053455.9055302027, 4907586.467494131 2053456.951094678))",494807,1,2,1.2550000190734862,78.59195709228516,3.819804000854492,1.159999942779541,2032.0,38.90035629272461,2825.0,138,POMCA_251,3,Orinoco,35,Meta,3502,Río Guayuriba,319907.0,1.174990368501611e-06,-0.4834711282198113,-0.22206510034631954,-0.13158666916196265,-0.057891251716373306,-0.4745767624917032,-0.21433317513386924
"POLYGON ((4908510.666656079 2053455.9055302027, 4908509.631059226 2052535.039070943, 4909433.838760463 2052534.0059265583, 4909434.863893164 2053454.8704775434, 4908510.666656079 2053455.9055302027))",494808,1,4,1.1566666603088378,78.37837219238281,3.86906967163086,1.1100000381469726,2069.0,46.7225227355957,2908.0,138,POMCA_251,3,Orinoco,35,Meta,3502,Río Guayuriba,319907.0,1.1749952930387765e-06,-0.4834711282198113,-0.03795500196848605,-0.09554973287290185,-0.07602247615407588,-0.4745711994672163,-0.03105176350861321
"POLYGON ((4912207.444249758 2053451.8283893648, 4912206.450508861 2052530.969446926, 4913130.650704724 2052529.978271197, 4913131.633981898 2053450.835382879, 4912207.444249758 2053451.8283893648))",494812,2,3,0.9841667175292969,76.9230728149414,3.872005462646485,1.040000057220459,2198.0,54.55365753173828,3060.3333333333335,138,POMCA_251,3,Orinoco,35,Meta,3502,Río Guayuriba,319907.0,2.350028987756495e-06,0.8499115468308588,0.16042507270543552,-0.11356820101743226,-0.03816228510069735,0.8528106431289885,0.16645180772070758
"POLYGON ((4913131.633981898 2053450.835382879, 4913130.650704724 2052529.978271197, 4914054.849072868 2052528.9975873658, 4914055.821886425 2053449.85288767, 4913131.633981898 2053450.835382879))",494813,3,5,0.8708333015441895,77.10437774658203,3.912877655029297,0.9899999618530272,1892.0,50.5955696105957,3316.8,138,POMCA_251,3,Orinoco,35,Meta,3502,Río Guayuriba,319907.0,3.5250575092884167e-06,2.1832942218815288,-0.06661680475072031,-0.07753126472837145,-0.055959425508520594,2.1801866418137155,-0.05955463041131627
"POLYGON ((4916828.374828802 2053446.9684686651, 4916827.433405483 2052526.1184862216, 4917751.624657248 2052525.1797689502, 4917752.555617358 2053446.02801753, 4916828.374828802 2053446.9684686651))",494817,1,1,0.7233333587646484,75.43859100341797,4.239067459106446,0.95,1164.0,44.69086837768555,3752.0,133,POMCA_252,3,Orinoco,35,Meta,3503,Río Guatiquía,178068.0,1.1750373759828281e-06,-0.4834711282198113,-0.0881650877780697,-0.14960513730649305,-0.07863605616951225,-0.47452366028934573,-0.08097652401829038
"POLYGON ((4868766.621246902 2052589.3917443359, 4868765.138331414 2051668.4250931344, 4869689.456823731 2051666.9434020158, 4869690.929288769 2052587.9073112698, 4868766.621246902 2052589.3917443359))",495744,1,1,0.8925000190734863,81.60377502441406,3.1586820602416994,1.0600000381469727,1164.0,38.6067008972168,3443.0,43,POMCA_076,2,Magdalena Cauca,21,Alto Magdalena,2120,Río Bogotá,593295.0,1.1747256113527926e-06,-0.4834711282198113,-0.33627468520534753,-0.14960513730649305,-0.016664942983251937,-0.47487584653807474,-0.3284010310041965
"POLYGON ((4869690.929288769 2052587.9073112698, 4869689.456823731 2051666.9434020158, 4870613.772573787 2051665.472189562, 4870615.234588534 2052586.4333762596, 4869690.929288769 2052587.9073112698))",495745,1,1,0.9175000190734864,81.61993408203125,3.165868759155273,1.0700000762939452,1129.0,38.35877227783203,3353.0,43,POMCA_076,2,Magdalena Cauca,21,Alto Magdalena,2120,Río Bogotá,593295.0,1.1747326241654473e-06,-0.4834711282198113,-0.31346711389486526,-0.14960513730649305,-0.0009067340131489318,-0.4748679244842433,-0.3056965981777914
"POLYGON ((4884479.498264976 2052565.584013925, 4884478.19298658 2051644.6613388285, 4885402.4675070755 2051643.3577644974, 4885403.762337533 2052564.278027258, 4884479.498264976 2052565.584013925))",495761,1,1,1.1220833778381347,78.9822998046875,3.480192947387695,1.1299999237060547,1586.0,32.75275039672852,2891.0,138,POMCA_251,3,Orinoco,35,Meta,3502,Río Guayuriba,319907.0,1.1748380684612844e-06,-0.4834711282198113,-0.29914194771296204,-0.14960513730649305,-0.1427086677336139,-0.4747488088841301,-0.29126865885329967
"POLYGON ((4911282.2484658295 2052531.971114658, 4911281.246125819 2051611.1105272318, 4912205.458613248 2051610.11070972, 4912206.450508861 2052530.969446926, 4911282.2484658295 2052531.971114658))",495790,1,1,0.95,77.45098114013672,3.925441360473633,1.0200000762939454,2098.0,53.51074981689453,3201.0,138,POMCA_251,3,Orinoco,35,Meta,3502,Río Guayuriba,319907.0,1.1749967441629651e-06,-0.4834711282198113,0.19695777502617487,-0.14960513730649305,-0.043713817936090915,-0.47456956019856555,0.20281120205169081
"POLYGON ((4912206.450508861 2052530.969446926, 4912205.458613248 2051610.11070972, 4913129.669253402 2051609.1213648315, 4913130.650704724 2052529.978271197, 4912206.450508861 2052530.969446926))",495791,1,10,0.8641666412353516,77.10437774658203,3.9819667816162103,0.990000057220459,2146.0,56.83544921875,3345.0,138,POMCA_251,3,Orinoco,35,Meta,3502,Río Guayuriba,319907.0,1.1750014698338075e-06,-0.4834711282198113,0.3234860875460107,0.012561075994280552,-0.08647085017635092,-0.4745642218242717,0.3287695216035324
"POLYGON ((4864143.504054695 2051675.9907342542, 4864141.971740569 2050755.0102817426, 4865066.314667948 2050753.4790339507, 4865067.836550268 2051674.4566474257, 4864143.504054695 2051675.9907342542))",496737,1,1,0.9845833778381348,81.72782897949219,2.8955949783325194,1.0899999618530274,1143.0,29.93586540222168,3295.0,43,POMCA_076,2,Magdalena Cauca,21,Alto Magdalena,2120,Río Bogotá,593295.0,1.1746767984341203e-06,-0.4834711282198113,-0.3677415838107618,-0.14960513730649305,-0.1356394535069632,-0.47493098826058106,-0.3597608489371214
"POLYGON ((4866916.493042143 2051671.4199119976, 4866914.992022947 2050750.4479184162, 4867839.3264895 2050748.9480503513, 4867840.817077372 2051669.9172630755, 4866916.493042143 2051671.4199119976))",496740,1,1,0.8875,81.7610092163086,3.173040771484375,1.0600000381469727,1082.0,39.4183464050293,3385.0,43,POMCA_076,2,Magdalena Cauca,21,Alto Magdalena,2120,Río Bogotá,593295.0,1.1746984336282815e-06,-0.4834711282198113,-0.38090350385881794,-0.14960513730649305,0.001100828802210154,-0.4749065479708944,-0.37284841791042095
"POLYGON ((4918674.895390822 2051603.4052147705, 4918673.978312397 2050682.5590918937, 4919598.186990409 2050681.6447477455, 4919599.093644678 2051602.4891753604, 4918674.895390822 2051603.4052147705))",496796,2,2,0.8041666984558106,75.0,4.289698791503906,0.9600000381469728,1564.0,58.50690460205078,3419.0,133,POMCA_252,3,Orinoco,35,Meta,3503,Río Guatiquía,178068.0,2.3500403157246606e-06,0.8499115468308588,-0.4834711282198113,-0.13158666916196265,-0.13496463184947416,0.8528234398167124,-0.4745010202775446
"POLYGON ((4929765.167065616 2051593.1038608733, 4929764.375070949 2050672.276802129, 4930688.564731458 2050671.4878810844, 4930689.346303051 2051592.3134771097, 4929765.167065616 2051593.1038608733))",496808,1,1,1.2045833587646484,77.23765563964844,4.158552551269532,1.079999923706055,1941.0,65.45600891113281,2858.0,133,POMCA_252,3,Orinoco,35,Meta,3503,Río Guatiquía,178068.0,1.1750688095869259e-06,-0.4834711282198113,2.1832942218815288,-0.14960513730649305,0.12067188486146295,-0.4744881511839351,2.1803675136108707
"POLYGON ((4930689.346303051 2051592.3134771097, 4930688.564731458 2050671.4878810844, 4931612.752933595 2050670.7094113934, 4931613.524082199 2051591.5335640775, 4930689.346303051 2051592.3134771097))",496809,3,16,1.0112500190734863,77.63605499267578,4.296536636352539,0.9800000190734864,1889.0,63.58521270751953,3270.4375,133,POMCA_252,3,Orinoco,35,Meta,3503,Río Guatiquía,178068.0,3.525217621811627e-06,2.1832942218815288,-0.4834711282198113,0.12067188486146295,-0.14960513730649305,2.1803675136108707,-0.4744881511839351
"POLYGON ((4865989.146122042 2049830.9836515905, 4865987.640305667 2048910.0092557753, 4866911.998377668 2048908.5045288438, 4866913.493801446 2049829.4761241549, 4865989.146122042 2049830.9836515905))",498713,1,1,0.8574999809265137,81.30841064453125,3.1944555282592773,1.0699999809265135,1087.0,30.857166290283203,3448.0,43,POMCA_076,2,Magdalena Cauca,21,Alto Magdalena,2120,Río Bogotá,593295.0,1.1746653390248254e-06,-0.4834711282198113,-0.31973394556219875,-0.14960513730649305,-0.015366058290375179,-0.4749439334313395,-0.31199838970466476
"POLYGON ((4868762.1807768075 2049826.4923901872, 4868760.7061377475 2048905.5263377014, 4869685.05586476 2048904.0528731735, 4869686.520111697 2049825.016183338, 4868762.1807768075 2049826.4923901872))",498716,1,2,0.8670833587646485,81.8396224975586,3.292265701293945,1.0600000381469727,1224.0,39.15796661376953,3411.5,43,POMCA_076,2,Magdalena Cauca,21,Alto Magdalena,2120,Río Bogotá,593295.0,1.1746866764768547e-06,-0.4834711282198113,-0.27840046520378803,-0.13158666916196265,0.20156262211738854,-0.4749198294873264,-0.270850736308463
"POLYGON ((4871535.1905732155 2049822.0950891236, 4871533.7471100595 2048901.1372054205, 4872458.088667276 2048899.6950018858, 4872459.521738773 2049820.6502014478, 4871535.1905732155 2049822.0950891236))",498719,1,1,1.1225000381469727,80.22598266601562,3.506488037109375,1.180000114440918,1200.0,46.84101486206055,2913.0,43,POMCA_076,2,Magdalena Cauca,21,Alto Magdalena,2120,Río Bogotá,593295.0,1.1747075665373038e-06,-0.4834711282198113,-0.27995191354595145,-0.14960513730649305,0.07932410609839,-0.4748962309411268,-0.2723791405336562
"POLYGON ((4864138.915680414 2048913.0499731577, 4864137.391934446 2047992.070116346, 4865061.766040579 2047990.5473864374, 4865063.279413072 2048911.524403826, 4864138.915680414 2048913.0499731577))",499710,1,1,0.9012499809265136,81.4220199584961,3.0235822677612303,1.0899999618530274,1104.0,28.207763671875,3410.0,43,POMCA_076,2,Magdalena Cauca,21,Alto Magdalena,2120,Río Bogotá,593295.0,1.1746379358156072e-06,-0.4834711282198113,-0.3241898089419246,-0.14960513730649305,-0.025100340746360986,-0.47497488958392353,-0.3164502884245645
"POLYGON ((4865987.640305667 2048910.0092557753, 4865986.137306487 2047989.0350584136, 4866910.505751642 2047987.5331321133, 4866911.998377668 2048908.5045288438, 4865987.640305667 2048910.0092557753))",499712,1,1,0.8108333587646485,80.99688720703125,3.287948608398437,1.0699999809265135,1065.0,31.565052032470703,3502.0,43,POMCA_076,2,Magdalena Cauca,21,Alto Magdalena,2120,Río Bogotá,593295.0,1.1746524094950088e-06,-0.4834711282198113,-0.30536244928299594,-0.14960513730649305,-0.015594975765253632,-0.4749585393300375,-0.2977057849895626
"POLYGON ((4867836.353648538 2048907.0102228723, 4867834.871395508 2047986.0416073776, 4868759.234257556 2047984.560484047, 4868760.7061377475 2048905.5263377014, 4867836.353648538 2048907.0102228723))",499714,2,8,0.7891666889190674,81.5873031616211,3.37661361694336,1.05,1397.0,38.52233505249024,3557.25,43,POMCA_076,2,Magdalena Cauca,21,Alto Magdalena,2120,Río Bogotá,593295.0,2.349333368678626e-06,0.8499115468308588,-0.4238591459419414,-0.02347586029478025,0.1312522636324301,0.8520248340602972,-0.41562384473995473
"POLYGON ((4868760.7061377475 2048905.5263377014, 4868759.234257556 2047984.560484047, 4869683.594357248 2047983.0897619645, 4869685.05586476 2048904.0528731735, 4868760.7061377475 2048905.5263377014))",499715,1,115,0.8516666412353515,80.84112548828125,3.256694793701172,1.0699999809265135,1309.0,37.62318420410156,3414.721739130435,43,POMCA_076,2,Magdalena Cauca,21,Alto Magdalena,2120,Río Bogotá,593295.0,1.1746737471986833e-06,-0.4834711282198113,-0.2578884803826919,1.9045002311699726,-0.12612809019548205,-0.4749344351017523,-0.25044573359942485
"POLYGON ((4869685.05586476 2048904.0528731735, 4869683.594357248 2047983.0897619645, 4870607.951714058 2047981.6294409737, 4870609.402849044 2048902.5898291317, 4869685.05586476 2048904.0528731735))",499716,1,1,0.943333339691162,81.03975677490234,3.413431167602539,1.0899999618530274,1296.0,42.37553405761719,3376.0,43,POMCA_076,2,Magdalena Cauca,21,Alto Magdalena,2120,Río Bogotá,593295.0,1.1746807603420347e-06,-0.4834711282198113,-0.310926580381436,-0.14960513730649305,0.20926227193503535,-0.47492651267434793,-0.30322375228558984
"POLYGON ((4868759.234257556 2047984.560484047, 4868757.765136261 2047063.5948288538, 4869682.135589193 2047062.1268493407, 4869683.594357248 2047983.0897619645, 4868759.234257556 2047984.560484047))",500724,1,2,0.8379166603088379,80.60747528076172,3.4076007843017577,1.0700000762939452,1347.0,38.52069854736328,3470.0,43,POMCA_076,2,Magdalena Cauca,21,Alto Magdalena,2120,Río Bogotá,593295.0,1.1746608424241327e-06,-0.4834711282198113,-0.29103737649453026,-0.13158666916196265,0.12331489616914146,-0.47494901303555825,-0.28344604536371504
"POLYGON ((4875229.69803612 2047974.4838469971, 4875228.301384278 2047053.5369824937, 4876152.653044732 2047052.1416716366, 4876154.039344398 2047973.0859293337, 4875229.69803612 2047974.4838469971))",500731,2,3,0.9612500190734864,80.1051025390625,3.4517791748046878,1.1100000381469726,1463.0,63.15486145019531,3337.0,43,POMCA_076,2,Magdalena Cauca,21,Alto Magdalena,2120,Río Bogotá,593295.0,2.3494177821228264e-06,0.8499115468308588,-0.4834711282198113,-0.11356820101743226,-0.14960513730649305,0.8521201920688432,-0.4748962309411268
"POLYGON ((4864135.871044592 2047071.090457363, 4864134.353010882 2046150.11099584, 4865058.747805633 2046148.5939451624, 4865060.255504756 2047069.5705670058, 4864135.871044592 2047071.090457363))",501730,1,2,0.84375,81.26911163330078,3.255240631103516,1.0899999618530274,1148.0,28.38308334350586,3573.0,42,POMCA_075,2,Magdalena Cauca,21,Alto Magdalena,2119,Río Sumapaz,304832.0,1.1746121499311394e-06,-0.4834711282198113,-0.32406844275397695,-0.13158666916196265,-0.04027348708959223,-0.4750040187186809,-0.316349098446487
"POLYGON ((4868757.765136261 2047063.5948288538, 4868756.298773892 2046142.6293717525, 4869680.67956062 2046141.1641349324, 4869682.135589193 2047062.1268493407, 4868757.765136261 2047063.5948288538))",501735,1,1,0.8399999618530274,80.99687957763672,3.5675308227539064,1.0700000762939452,1373.0,41.61708450317383,3463.0,43,POMCA_076,2,Magdalena Cauca,21,Alto Magdalena,2120,Río Bogotá,593295.0,1.174647962153193e-06,-0.4834711282198113,-0.27031723798614776,-0.14960513730649305,0.010269024181021545,-0.4749635632887552,-0.2628381130039349
"POLYGON ((4869682.135589193 2047062.1268493407, 4869680.67956062 2046141.1641349324, 4870605.0576041555 2046139.709260412, 4870606.503299085 2047060.6692515237, 4869682.135589193 2047062.1268493407))",501736,1,1,0.9145833015441894,80.6574935913086,3.447385787963867,1.0899999618530274,1232.0,38.841590881347656,3307.0,43,POMCA_076,2,Magdalena Cauca,21,Alto Magdalena,2120,Río Bogotá,593295.0,1.1746549754612882e-06,-0.4834711282198113,-0.29596235722304015,-0.14960513730649305,0.028028242371304423,-0.4749556406752472,-0.28835729135576754
"POLYGON ((4864134.353010882 2046150.11099584, 4864132.837833346 2045229.1317314082, 4865057.242943239 2045227.6175205375, 4865058.747805633 2046148.5939451624, 4864134.353010882 2046150.11099584))",502751,1,1,0.777916669845581,81.38629150390625,3.236568832397461,1.0699999809265135,1160.0,28.74640464782715,3726.0,42,POMCA_075,2,Magdalena Cauca,21,Alto Magdalena,2119,Río Sumapaz,304832.0,1.174599293743116e-06,-0.4834711282198113,-0.320180714722141,-0.14960513730649305,-0.133230255302919,-0.4750185417665083,-0.31249072912683146
"POLYGON ((4867831.915224498 2046144.104971028, 4867830.441306576 2045223.1369494337, 4868754.83517048 2045221.664112372, 4868756.298773892 2046142.6293717525, 4867831.915224498 2046144.104971028))",502755,2,4,0.7954166412353516,80.76324462890625,3.608438873291016,1.0699999809265135,1470.0,41.39069747924805,3532.0,43,POMCA_076,2,Magdalena Cauca,21,Alto Magdalena,2120,Río Bogotá,593295.0,2.3492560865517876e-06,0.8499115468308588,-0.40717328396820535,-0.09554973287290185,-0.027425147888832505,0.8519375319749327,-0.3990465502992685
"POLYGON ((4865980.153482332 2044305.1402461177, 4865978.664569583 2043384.1670354838, 4866903.084588855 2043382.6791142328, 4866904.563225668 2044303.6495236051, 4865980.153482332 2044305.1402461177))",504765,1,1,0.7629166603088379,81.05345916748047,3.4275516510009765,1.0600000381469727,1346.0,32.51953125,3564.0,43,POMCA_076,2,Magdalena Cauca,21,Alto Magdalena,2120,Río Bogotá,593295.0,1.1745881293924636e-06,-0.4834711282198113,-0.32525179528769405,-0.14960513730649305,-0.13540229091131822,-0.4750311536230083,-0.3175559819989651
"POLYGON ((4866904.563225668 2044303.6495236051, 4866903.084588855 2043382.6791142328, 4867827.501806048 2043381.2014975552, 4867828.970167084 2044302.1691250661, 4866904.563225668 2044303.6495236051))",504766,1,1,0.8279166221618652,80.94136047363281,3.4275516510009765,1.0800000190734864,1567.0,43.06321716308594,3556.0,43,POMCA_076,2,Magdalena Cauca,21,Alto Magdalena,2120,Río Bogotá,593295.0,1.174595292089454e-06,-0.4834711282198113,-0.3115192655003667,-0.14960513730649305,-0.05841024857796315,-0.47502306225169555,-0.3038871057000964
"POLYGON ((4868753.374326053 2044300.6990503427, 4868751.91624064 2043379.734185294, 4869676.327912099 2043378.2771772929, 4869677.7757220445 2044299.239299279, 4868753.374326053 2044300.6990503427))",504768,1,1,0.9550000190734864,79.91071319580078,3.6618423461914062,1.1200000762939453,1376.0,54.55141830444336,3229.0,43,POMCA_076,2,Magdalena Cauca,21,Alto Magdalena,2120,Río Bogotá,593295.0,1.1746094683427034e-06,-0.4834711282198113,-0.2768806686951207,-0.14960513730649305,-0.0346396142547674,-0.4750070479865353,-0.26940302617961215
"POLYGON ((4870600.736839902 2043376.830473397, 4870599.302025425 2042455.8712719302, 4871523.718484756 2042454.4375763717, 4871525.143043514 2043375.3940734526, 4870600.736839902 2043376.830473397))",505753,1,1,1.0316666603088378,80.11695861816406,3.632764434814453,1.140000057220459,1170.0,47.76872634887695,3084.0,43,POMCA_076,2,Magdalena Cauca,21,Alto Magdalena,2120,Río Bogotá,593295.0,1.1746106636313326e-06,-0.4834711282198113,-0.38344783767757684,-0.14960513730649305,-0.1387600135540413,-0.4750056977236193,-0.375459350338879
"POLYGON ((4871525.143043514 2043375.3940734526, 4871523.718484756 2042454.4375763717, 4872448.132239222 2042453.0141652124, 4872449.5465424135 2043373.9679773068, 4871525.143043514 2043375.3940734526))",505754,1,2,1.0445833206176758,79.78260803222656,3.64603271484375,1.15,1264.0,48.91980743408203,3032.0,43,POMCA_076,2,Magdalena Cauca,21,Alto Magdalena,2120,Río Bogotá,593295.0,1.1746175778370516e-06,-0.4834711282198113,-0.38629101881604594,-0.13158666916196265,-0.1456654505121363,-0.47499788706153473,-0.3782919848863927
"POLYGON ((4865975.69519624 2041542.2212025581, 4865974.214735705 2040621.2485795273, 4866898.665466117 2040619.769062812, 4866900.135709049 2041540.738884206, 4865975.69519624 2041542.2212025581))",507791,1,1,0.7958333492279053,80.52959442138672,3.463007354736328,1.0699999809265135,1561.0,43.5421028137207,3622.0,43,POMCA_076,2,Magdalena Cauca,21,Alto Magdalena,2120,Río Bogotá,593295.0,1.174549855317141e-06,-0.4834711282198113,-0.4309710113550021,-0.14960513730649305,-0.1363844674101955,-0.47507439009601643,-0.4228364301890019
"POLYGON ((4875219.976553717 2041527.859960175, 4875218.598262297 2040606.9144804352, 4876143.021843635 2040605.537420504, 4876144.389918967 2041526.4802926187, 4875219.976553717 2041527.859960175))",507801,1,1,0.9512499809265136,79.7727279663086,3.668818664550781,1.1,1237.0,47.84669494628906,3267.0,43,POMCA_076,2,Magdalena Cauca,21,Alto Magdalena,2120,Río Bogotá,593295.0,1.1746192475599089e-06,-0.4834711282198113,-0.39859662118750566,-0.14960513730649305,-0.147080527616845,-0.47499600085196225,-0.39057297558595194
"POLYGON ((4860427.450409063 2040630.3408624474, 4860425.911573711 2039709.3512164885, 4861350.389727531 2039707.813136407, 4861351.918363767 2040628.7998641778, 4860427.450409063 2040630.3408624474))",508803,2,2,0.8345833778381347,81.85763549804688,2.8401206970214843,0.9600000381469728,1301.0,31.453887939453125,3452.0,42,POMCA_075,2,Magdalena Cauca,21,Alto Magdalena,2119,Río Sumapaz,304832.0,2.3489862483024365e-06,0.8499115468308588,-0.4834711282198113,-0.13158666916196265,-0.14793208275435868,0.8516327080415963,-0.47514291286908705
"POLYGON ((4862276.383399063 2040627.2691132375, 4862274.864961781 2039706.2852842493, 4863199.337295936 2039704.767659853, 4863200.845534425 2040625.7486094635, 4862276.383399063 2040627.2691132375))",508805,1,1,0.7641666889190674,81.81818389892578,2.991149139404297,0.990000057220459,1391.0,33.94594192504883,3691.0,42,POMCA_075,2,Magdalena Cauca,21,Alto Magdalena,2119,Río Sumapaz,304832.0,1.1745079970418426e-06,-0.4834711282198113,-0.2576323895009629,-0.14960513730649305,-0.1402431719848065,-0.4751216754758683,-0.25041329846549937
"POLYGON ((4865049.761183272 2040622.7383427685, 4865048.273341887 2039701.7630937004, 4865972.737092635 2039700.2761516245, 4865974.214735705 2040621.2485795273, 4865049.761183272 2040622.7383427685))",508808,1,2,0.7125,80.60897827148438,3.473929214477539,1.0399999618530271,1510.0,46.56671142578125,3727.5,43,POMCA_076,2,Magdalena Cauca,21,Alto Magdalena,2120,Río Bogotá,593295.0,1.1745299335402577e-06,-0.4834711282198113,-0.42579521160063377,-0.13158666916196265,-0.13851968991827968,-0.4750968948165415,-0.41771529386184536
"POLYGON ((4865974.214735705 2040621.2485795273, 4865972.737092635 2039700.2761516245, 4866897.198021204 2039698.7994366707, 4866898.665466117 2040619.769062812, 4865974.214735705 2040621.2485795273))",508809,1,3,0.8154167175292969,80.76323699951172,3.299161911010742,1.0700000762939452,1475.0,48.437313079833984,3552.3333333333335,43,POMCA_076,2,Magdalena Cauca,21,Alto Magdalena,2120,Río Bogotá,593295.0,1.1745371462794537e-06,-0.4834711282198113,-0.48347112821981136,-0.11356820101743226,-0.14346875384399832,-0.4750887469148369,-0.4750985539523734
"POLYGON ((4875218.598262297 2040606.9144804352, 4875217.2225939045 2039685.9691970313, 4876141.656371888 2039684.594744841, 4876143.021843635 2040605.537420504, 4875218.598262297 2040606.9144804352))",508819,1,1,0.8766666412353515,79.35780334472656,3.767886352539063,1.0899999618530274,1274.0,44.340370178222656,3420.0,43,POMCA_076,2,Magdalena Cauca,21,Alto Magdalena,2120,Río Bogotá,593295.0,1.1746065393243876e-06,-0.4834711282198113,-0.3981475646055455,-0.14960513730649305,-0.14646480410765045,-0.47501035676461245,-0.3901327355851678
"POLYGON ((4857652.459400022 2039714.0268259186, 4857650.892958847 2038793.0285025625, 4858575.390168424 2038791.4627142604, 4858576.946429435 2039712.458061079, 4857652.459400022 2039714.0268259186))",509816,1,1,1.075,82.31291961669922,2.6713977813720704,0.9800000190734864,1548.0,25.80599594116211,2951.0,42,POMCA_075,2,Magdalena Cauca,21,Alto Magdalena,2119,Río Sumapaz,304832.0,1.1744577566770896e-06,-0.4834711282198113,-0.04534393115530404,-0.14960513730649305,-0.14368457069701673,-0.4751784297189495,-0.03919194919487215
"POLYGON ((4861350.389727531 2039707.813136407, 4861348.864006019 2038786.82660276, 4862273.349419776 2038785.301649514, 4862274.864961781 2039706.2852842493, 4861350.389727531 2039707.813136407))",509820,1,1,0.8183333396911621,81.29251098632812,2.902454948425293,0.9800000190734864,1501.0,23.83571052551269,3481.0,42,POMCA_075,2,Magdalena Cauca,21,Alto Magdalena,2119,Río Sumapaz,304832.0,1.174487900484634e-06,-0.4834711282198113,-0.17566269823045721,-0.14960513730649305,-0.1405421186778972,-0.4751443776377359,-0.16885062990021688
"POLYGON ((4877066.087541924 2039683.230518105, 4877064.734850849 2038762.2906269778, 4877989.173609331 2038760.939194605, 4877990.516123492 2039681.8765166784, 4877066.087541924 2039683.230518105))",509837,1,1,0.7800000190734864,79.68254089355469,3.8138507843017577,1.05,1466.0,34.57281494140625,3527.0,43,POMCA_076,2,Magdalena Cauca,21,Alto Magdalena,2120,Río Bogotá,593295.0,1.174607137727049e-06,-0.4834711282198113,-0.3539875162084252,-0.14960513730649305,-0.14785537980482363,-0.4750096807764848,-0.346193186067469
"POLYGON ((4865046.788337441 2038780.7880392664, 4865045.306169964 2037859.8131790964, 4865969.790259004 2037858.3318797264, 4865971.262267058 2038779.3039184809, 4865046.788337441 2038780.7880392664))",510837,1,1,0.7270833492279053,81.31068420410156,3.414263916015625,1.0300000190734864,1490.0,39.182373046875,3662.0,43,POMCA_076,2,Magdalena Cauca,21,Alto Magdalena,2120,Río Bogotá,593295.0,1.174504588777644e-06,-0.4834711282198113,-0.4276004209277197,-0.14960513730649305,-0.13755726226880807,-0.4751255256361082,-0.4195361838277451
"POLYGON ((4873366.953736031 2038767.7984170031, 4873365.562997818 2037846.8482510038, 4874290.022385661 2037845.458640903, 4874291.40296582 2038766.4061601246, 4873366.953736031 2038767.7984170031))",510846,1,1,0.8908333778381348,78.7202377319336,3.77090072631836,1.1199999809265138,1171.0,39.08697128295898,3380.0,43,POMCA_076,2,Magdalena Cauca,21,Alto Magdalena,2120,Río Bogotá,593295.0,1.174567715147132e-06,-0.4834711282198113,-0.33257439657703297,-0.14960513730649305,-0.1436272482758973,-0.4750542146626238,-0.32490567858941444
"POLYGON ((4866894.271525552 2037856.8607686688, 4866892.812474871 2036935.891726068, 4867817.30107807 2036934.4335858943, 4867818.749989085 2037855.399845767, 4866894.271525552 2037856.8607686688))",511885,1,1,0.8070833206176757,80.01542663574219,3.6335453033447274,1.0800000190734864,1367.0,38.46343994140625,3543.0,43,POMCA_076,2,Magdalena Cauca,21,Alto Magdalena,2120,Río Bogotá,593295.0,1.1745063293936454e-06,-0.4834711282198113,-0.48347112821981125,-0.14960513730649305,-0.13776031076964299,-0.4751235593417922,-0.475132960389498
"POLYGON ((4872441.100943313 2037848.2480481956, 4872439.702728339 2036927.2954108848, 4873364.174921601 2036925.8982799915, 4873365.562997818 2037846.8482510038, 4872441.100943313 2037848.2480481956))",511891,1,1,0.84375,78.9039077758789,3.914570236206055,1.1100000381469726,1257.0,36.14836502075195,3496.0,43,POMCA_076,2,Magdalena Cauca,21,Alto Magdalena,2120,Río Bogotá,593295.0,1.174548264979137e-06,-0.4834711282198113,-0.2882389768390814,-0.14960513730649305,-0.14293309999705342,-0.47507618662814965,-0.28079976474805873
"POLYGON ((4874290.022385661 2037845.458640903, 4874288.644448054 2036924.5113167854, 4875213.11132717 2036923.1345211184, 4875214.479126315 2037844.079217745, 4874290.022385661 2037845.458640903))",511893,1,1,0.7695833206176758,78.66972351074219,3.951169967651367,1.0899999618530274,1140.0,41.5789794921875,3577.0,43,POMCA_076,2,Magdalena Cauca,21,Alto Magdalena,2120,Río Bogotá,593295.0,1.174561845755373e-06,-0.4834711282198113,-0.24527437521741108,-0.14960513730649305,-0.14028524248656443,-0.4750608450461463,-0.23803898676915236
"POLYGON ((4875214.479126315 2037844.079217745, 4875213.11132717 2036923.1345211184, 4876137.575578435 2036921.7678928445, 4876138.933239261 2037842.7099813838, 4875214.479126315 2037844.079217745))",511894,1,1,0.7233333110809326,79.24528503417969,3.979112243652344,1.0600000381469727,1213.0,45.52436065673828,3647.0,43,POMCA_076,2,Magdalena Cauca,21,Alto Magdalena,2120,Río Bogotá,593295.0,1.1745685615585318e-06,-0.4834711282198113,-0.27335045229260074,-0.14960513730649305,-0.13978409402093706,-0.4750532585103633,-0.2659747582475123
"POLYGON ((4861345.821307288 2036944.854116364, 4861344.304330128 2036023.868162878, 4862268.820165725 2036022.3519071362, 4862270.327021718 2036943.3349613259, 4861345.821307288 2036944.854116364))",512903,1,1,1.0158333778381348,81.37255096435547,2.975913429260254,1.0200000762939454,1639.0,47.860130310058594,2839.0,42,POMCA_075,2,Magdalena Cauca,21,Alto Magdalena,2119,Río Sumapaz,304832.0,1.17444999253278e-06,-0.4834711282198113,-0.34076229624209026,-0.14960513730649305,-0.1411159372224124,-0.4751872005178009,-0.33315535017787046
"POLYGON ((4865043.826839484 2036938.8385128214, 4865042.350346033 2036017.8640400718, 4865966.854695582 2036016.388383907, 4865968.321068502 2036937.3600349915, 4865043.826839484 2036938.8385128214))",512907,1,2,0.7008333206176758,81.0457534790039,3.4101009368896484,1.0199999809265137,1512.0,40.383522033691406,3760.0,43,POMCA_076,2,Magdalena Cauca,21,Alto Magdalena,2120,Río Bogotá,593295.0,1.174479341972921e-06,-0.4834711282198113,-0.48347112821981136,-0.13158666916196265,-0.13979569464963604,-0.4751540457971246,-0.4751379715504464
"POLYGON ((4865968.321068502 2036937.3600349915, 4865966.854695582 2036016.388383907, 4866891.356222327 2036014.922877241, 4866892.812474871 2036935.891726068, 4865968.321068502 2036937.3600349915))",512908,1,1,0.7949999809265137,80.18868255615234,3.4178680419921874,1.059999942779541,1552.0,49.32271194458008,3520.0,43,POMCA_076,2,Magdalena Cauca,21,Alto Magdalena,2120,Río Bogotá,593295.0,1.174486555042936e-06,-0.4834711282198113,-0.4834711282198113,-0.14960513730649305,-0.13444737600016002,-0.47514589752170877,-0.4751402205335821
"POLYGON ((4867817.30107807 2036934.4335858943, 4867815.854945746 2036013.4675199182, 4868740.350885324 2036012.022311784, 4868741.786897582 2036932.9856143156, 4867817.30107807 2036934.4335858943))",512910,1,1,0.7837500095367431,79.587158203125,3.826491928100586,1.0899999618530274,1364.0,37.72579574584961,3534.0,43,POMCA_076,2,Magdalena Cauca,21,Alto Magdalena,2120,Río Bogotá,593295.0,1.1745008320384134e-06,-0.4834711282198113,-0.48347112821981125,-0.14960513730649305,-0.1370730982006356,-0.4751297694526597,-0.4751284036204716
"POLYGON ((4872439.702728339 2036927.2954108848, 4872438.307194832 2036006.3429680718, 4873362.789507409 2036004.9485035948, 4873364.174921601 2036925.8982799915, 4872439.702728339 2036927.2954108848))",512915,1,1,0.8095833778381347,79.01515197753906,3.875672912597656,1.1,1267.0,37.30573272705078,3543.0,43,POMCA_076,2,Magdalena Cauca,21,Alto Magdalena,2120,Río Bogotá,593295.0,1.1745356544659186e-06,-0.4834711282198113,-0.20416092030990857,-0.14960513730649305,-0.13977046393288156,-0.47509043214838204,-0.19714289050669281
"POLYGON ((4873364.174921601 2036925.8982799915, 4873362.789507409 2036004.9485035948, 4874287.269153027 2036003.5641874, 4874288.644448054 2036924.5113167854, 4873364.174921601 2036925.8982799915))",512916,2,2,0.7900000095367432,78.63636016845703,3.999999237060547,1.1,1191.0,39.693695068359375,3543.0,43,POMCA_076,2,Magdalena Cauca,21,Alto Magdalena,2120,Río Bogotá,593295.0,2.349084939580308e-06,0.8499115468308588,-0.4352303294734348,-0.13158666916196265,-0.14077215981827346,0.8517441950660605,-0.4270696822104188
"POLYGON ((4865966.854695582 2036016.388383907, 4865965.391140273 2035095.416926103, 4866889.902767947 2035093.9542218184, 4866891.356222327 2036014.922877241, 4865966.854695582 2036016.388383907))",513923,1,3,0.7458333492279051,80.0,3.579191207885742,1.05,1630.0,39.90554428100586,3594.6666666666665,43,POMCA_076,2,Magdalena Cauca,21,Alto Magdalena,2120,Río Bogotá,593295.0,1.1744739684546243e-06,-0.4834711282198113,-0.4834711282198113,-0.11356820101743226,-0.13853036443467898,-0.475160116015068,-0.4751485854448207
"POLYGON ((4873362.789507409 2036004.9485035948, 4873361.406755267 2035083.9989214428, 4874285.896500608 2035082.6172523764, 4874287.269153027 2036003.5641874, 4873362.789507409 2036004.9485035948))",513931,1,2,0.7458333492279052,78.44036102294922,4.07226333618164,1.090000057220459,1222.0,43.96461868286133,3648.0,43,POMCA_076,2,Magdalena Cauca,21,Alto Magdalena,2120,Río Bogotá,593295.0,1.1745298838423783e-06,-0.4834711282198113,-0.08960720758212784,-0.13158666916196265,-0.1365211200464742,-0.47509695095796367,-0.08315153706543221
"POLYGON ((4882607.469164437 2035991.5619904047, 4882606.187403081 2035070.6380063244, 4883530.65154874 2035069.3576181175, 4883531.923211785 2035990.279149111, 4882607.469164437 2035991.5619904047))",513941,1,11,0.8212499618530273,79.0453109741211,3.914570999145508,1.0300000190734864,1863.0,51.59348678588867,3484.090909090909,138,POMCA_251,3,Orinoco,35,Meta,3502,Río Guayuriba,319907.0,1.174595303117347e-06,-0.4834711282198113,0.0,0.030579544138810952,0.0,-0.47502304979398885,0.0
"POLYGON ((4865965.391140273 2035095.416926103, 4865963.930402604 2034174.4456612095, 4866888.452111762 2034172.9857594294, 4866889.902767947 2035093.9542218184, 4865965.391140273 2035095.416926103))",514949,1,2,0.7150000095367431,79.52381134033203,3.747726821899414,1.05,1412.0,32.809791564941406,3655.0,43,POMCA_076,2,Magdalena Cauca,21,Alto Magdalena,2120,Río Bogotá,593295.0,1.1744614063510508e-06,-0.4834711282198113,-0.48347112821981136,-0.13158666916196265,-0.13402455532551402,-0.4751743068491379,-0.47516456631495857
"POLYGON ((4871512.419243785 2035086.7926463538, 4871511.018992723 2034165.8379053655, 4872435.524172332 2034164.4386644554, 4872436.91434282 2035085.390719386, 4871512.419243785 2035086.7926463538))",514955,1,3,0.7191666603088379,78.85802459716797,4.061086654663086,1.0800000190734864,1231.0,37.722694396972656,3685.0,43,POMCA_076,2,Magdalena Cauca,21,Alto Magdalena,2120,Río Bogotá,593295.0,1.1745036416908919e-06,-0.4834711282198113,-0.08352259823381303,-0.11356820101743226,-0.14118749359380534,-0.47512659551671155,-0.07713006828343816
"POLYGON ((4877058.010158978 2034157.5941012332, 4877056.672973494 2033236.6553794562, 4877981.172385174 2033235.319363792, 4877982.499510399 2034156.2555158348, 4877058.010158978 2034157.5941012332))",516008,2,6,0.716249990463257,78.38050079345703,4.156730270385742,1.0600000381469727,1631.0,50.80672073364258,3637.0,138,POMCA_251,3,Orinoco,35,Meta,3502,Río Guayuriba,319907.0,2.349063100806151e-06,0.8499115468308588,-0.16887178311059167,-0.05951279658384105,-0.1406036914282528,0.8517195248013602,-0.16202094608826065
"POLYGON ((4862262.82169603 2032338.421614471, 4862261.329317324 2031417.4395204843, 4863185.892565503 2031415.9478162138, 4863187.37492044 2032336.9270296807, 4862262.82169603 2032338.421614471))",518051,1,1,0.8162500381469726,81.12744903564453,3.177513694763184,1.0200000762939454,1438.0,26.848957061767575,3614.0,42,POMCA_075,2,Magdalena Cauca,21,Alto Magdalena,2119,Río Sumapaz,304832.0,1.1743947147018126e-06,-0.4834711282198113,-0.26601356572556684,-0.14960513730649305,-0.13326462256675933,-0.47524964535615233,-0.2588892845428085
"POLYGON ((4866884.116932658 2031410.0815267672, 4866882.677469536 2030489.113832815, 4867807.236505914 2030487.675175165, 4867808.665965491 2031408.640085534, 4866884.116932658 2031410.0815267672))",519093,1,4,0.7079166889190673,78.85220336914062,3.904882049560547,1.0600000381469727,1326.0,38.77492141723633,3690.5,138,POMCA_251,3,Orinoco,35,Meta,3502,Río Guayuriba,319907.0,1.1744185666129284e-06,-0.4834711282198113,0.0860390749852804,-0.09554973287290185,-0.11982635763109407,-0.4752227009426698,0.09140483715713263
"POLYGON ((4869657.755696825 2031405.7873593443, 4869656.34624388 2030484.8279579072, 4870580.896984444 2030483.4193979965, 4870582.296434299 2031404.3760740845, 4869657.755696825 2031405.7873593443))",519096,3,3,0.6875,77.77777862548828,4.245318222045898,1.0800000190734864,1666.0,51.42466354370117,3718.3333333333335,138,POMCA_251,3,Orinoco,35,Meta,3502,Río Guayuriba,319907.0,3.5233192794690563e-06,2.1832942218815288,-0.2837906277296626,-0.11356820101743226,-0.11409035329262703,2.1782230430583347,-0.2765600596724973
"POLYGON ((4864108.983456963 2030493.49000369, 4864107.516838968 2029572.514033331, 4865032.094331114 2029571.0481185075, 4865033.55096455 2030492.0212469227, 4864108.983456963 2030493.49000369))",520104,1,1,0.6900000095367431,80.58251953125,3.717281723022461,1.0300000190734864,1264.0,37.613990783691406,3931.0,42,POMCA_075,2,Magdalena Cauca,21,Alto Magdalena,2119,Río Sumapaz,304832.0,1.1743844860543441e-06,-0.4834711282198113,0.03209657240883665,-0.14960513730649305,-0.12212627600926598,-0.4752612001915455,0.03769391520820932
"POLYGON ((4705946.409321794 2029970.6188983563, 4705943.238349844 2029048.871293331, 4706868.59900757 2029045.6960056606, 4706871.759972306 2029967.4374427027, 4705946.409321794 2029970.6188983563))",520978,1,8,0.8283333778381348,89.06809997558594,1.466804599761963,0.9300000190734864,1527.0,37.52294921875,3591.5,49,POMCA_145,2,Magdalena Cauca,26,Cauca,2612,Río La Vieja,283690.0,1.1723995111856978e-06,-0.4834711282198113,-0.4834711282198113,-0.02347586029478025,-0.14960513730649305,-0.477503535547966,-0.47748574007276734
"POLYGON ((4706871.759972306 2029967.4374427027, 4706868.59900757 2029045.6960056606, 4707793.953482768 2029042.5307544938, 4707797.104440625 2029964.2660430477, 4706871.759972306 2029967.4374427027))",520979,1,1,0.6875,87.99283599853516,1.6854990005493165,0.9299999237060548,1341.0,41.0483283996582,3796.0,49,POMCA_145,2,Magdalena Cauca,26,Cauca,2612,Río La Vieja,283690.0,1.1724152642134257e-06,-0.4834711282198113,-0.4834711282198113,-0.14960513730649305,-0.02347586029478025,-0.47748574007276734,-0.477503535547966
"POLYGON ((4864107.516838968 2029572.514033331, 4864106.053077682 2028651.5382534189, 4865030.640534938 2028650.0751806623, 4865032.094331114 2029571.0481185075, 4864107.516838968 2029572.514033331))",521145,2,2,0.715833330154419,80.60897827148438,3.62336654663086,1.0399999618530271,1128.0,32.351009368896484,3653.0,42,POMCA_075,2,Magdalena Cauca,21,Alto Magdalena,2119,Río Sumapaz,304832.0,2.348744141345036e-06,0.8499115468308588,-0.30265628524183374,-0.13158666916196265,-0.12658430454056022,0.8513592108809068,-0.2953769432004169
"POLYGON ((4865032.094331114 2029571.0481185075, 4865030.640534938 2028650.0751806623, 4865955.225148658 2028648.6221022722, 4865956.668979877 2029569.5922174645, 4865032.094331114 2029571.0481185075))",521146,1,2,0.6954166889190674,79.76190185546875,3.899057388305664,1.05,1210.0,39.7630615234375,3671.0,42,POMCA_075,2,Magdalena Cauca,21,Alto Magdalena,2119,Río Sumapaz,304832.0,1.1743793341248168e-06,-0.4834711282198113,0.1739462490462496,-0.13158666916196265,-0.12047196385104707,-0.47526702009078725,0.17883342235836525
"POLYGON ((4866881.240804753 2029568.146330047, 4866879.806938336 2028647.1790180937, 4867804.38592346 2028645.7459279734, 4867805.809825228 2029566.7104561015, 4866881.240804753 2029568.146330047))",521148,2,7,0.725,79.87421417236328,4.033946990966797,1.0600000381469727,1395.0,47.01058578491211,3708.0,138,POMCA_251,3,Orinoco,35,Meta,3502,Río Guayuriba,319907.0,2.348787423719944e-06,0.8499115468308588,-0.1620365603220434,-0.04149432843931065,-0.13070651711792353,0.8514081050009785,-0.15544115193376215
"POLYGON ((4867805.809825228 2029566.7104561015, 4867804.38592346 2028645.7459279734, 4868728.9621235235 2028644.3228317585, 4868730.376060792 2029565.2845954746, 4867805.809825228 2029566.7104561015))",521149,1,2,0.7395833492279053,79.51713562011719,4.0813232421875,1.0699999809265135,1489.0,50.410194396972656,3577.0,138,POMCA_251,3,Orinoco,35,Meta,3502,Río Guayuriba,319907.0,1.174400826143663e-06,-0.4834711282198113,0.11945379462821178,-0.13158666916196265,-0.11285556282691281,-0.4752427415397078,0.12463851546257046
"POLYGON ((4863181.462757403 2028653.0113206974, 4863179.991907038 2027732.0328692566, 4864104.592173135 2027730.5626635836, 4864106.053077682 2028651.5382534189, 4863181.462757403 2028653.0113206974))",522163,1,2,0.7891666889190674,80.63492584228516,3.710140991210937,1.05,1135.0,25.910402297973636,3492.0,42,POMCA_075,2,Magdalena Cauca,21,Alto Magdalena,2119,Río Sumapaz,304832.0,1.1743523665191358e-06,-0.4834711282198113,0.038669793821129804,-0.13158666916196265,-0.12320822597009008,-0.47529748416197104,0.04421096547787398
"POLYGON ((4867804.38592346 2028645.7459279734, 4867802.964800642 2027724.78159041, 4868727.550945756 2027723.3612587275, 4868728.9621235235 2028644.3228317585, 4867804.38592346 2028645.7459279734))",522168,1,1,0.7683333396911621,79.16666412353516,4.16333236694336,1.0800000190734864,1299.0,38.7795295715332,3556.0,138,POMCA_251,3,Orinoco,35,Meta,3502,Río Guayuriba,319907.0,1.1743884355614427e-06,-0.4834711282198113,0.017524333800675217,-0.14960513730649305,-0.11729793204929916,-0.47525673861394707,0.023211200997712265
"POLYGON ((4874276.361928989 2028635.9941180847, 4874275.010418414 2027715.048724564, 4875199.577612758 2027713.6982101498, 4875200.91917931 2028634.6409750294, 4874276.361928989 2028635.9941180847))",522175,1,1,0.778333330154419,79.24528503417969,4.185110855102539,1.0600000381469727,1785.0,54.42012786865234,3646.0,138,POMCA_251,3,Orinoco,35,Meta,3502,Río Guayuriba,319907.0,1.1744368438649564e-06,-0.4834711282198113,-0.48347112821981136,-0.14960513730649305,1.0047460554906933,-0.47520205396668636,-0.47520041902975785
"POLYGON ((4875200.91917931 2028634.6409750294, 4875199.577612758 2027713.6982101498, 4876124.142177807 2027712.357669048, 4876125.47380048 2028633.2978246985, 4875200.91917931 2028634.6409750294))",522176,1,15,0.8508333206176758,78.66043853759766,3.907064056396485,1.0700000762939452,1817.0,52.37459182739258,3295.4,138,POMCA_251,3,Orinoco,35,Meta,3502,Río Guayuriba,319907.0,1.1744435604333776e-06,-0.4834711282198113,-0.48347112821981125,0.10265341671693255,1.5441332809104296,-0.4751944665664213,-0.4751944946398172
"POLYGON ((4876125.47380048 2028633.2978246985, 4876124.142177807 2027712.357669048, 4877048.704133048 2027711.0271011158, 4877050.025811982 2028631.964666949, 4876125.47380048 2028633.2978246985))",522177,1,189,0.8141666412353515,78.73015594482422,3.830697250366211,1.05,1678.0,49.83660125732422,3482.0158730158732,138,POMCA_251,3,Orinoco,35,Meta,3502,Río Guayuriba,319907.0,1.1744502272801018e-06,-0.4834711282198113,-0.4834711282198113,3.2378668738652223,0.018567311892352494,-0.4751869353344839,-0.4751969956974412
"POLYGON ((4716118.813837514 2028092.8144114586, 4716115.764874032 2027171.133900745, 4717041.078548817 2027168.0809041543, 4717044.1175477775 2028089.7554607764, 4716118.813837514 2028092.8144114586))",523041,1,90,0.740833330154419,86.59420776367188,1.4275425910949706,0.9199999809265135,1324.0,36.13238143920898,3577.5222222222224,47,POMCA_077,2,Magdalena Cauca,21,Alto Magdalena,2121,Río Coello,183194.0,1.1725452709387983e-06,-0.4834711282198113,0.0,1.4540385275567127,0.0,-0.4773388774189978,0.0
"POLYGON ((4863178.523932889 2026811.0546073995, 4863177.058834987 2025890.0765347574, 4864101.678934375 2025888.612052667, 4864103.134125357 2026809.5872634563, 4863178.523932889 2026811.0546073995))",524210,2,4,0.725,80.79364776611328,3.8138507843017577,1.05,1083.0,42.77196502685547,3711.0,42,POMCA_075,2,Magdalena Cauca,21,Alto Magdalena,2119,Río Sumapaz,304832.0,2.348655315929872e-06,0.8499115468308588,-0.23901250153445963,-0.09554973287290185,-0.12921318332970155,0.8512588688704782,-0.23208647049437808
"POLYGON ((4869650.735832362 2026800.9922639055, 4869649.340079689 2025880.033816488, 4870573.940544014 2025878.6388850985, 4870575.326390829 2026799.5946065758, 4869650.735832362 2026800.9922639055))",524217,1,1,0.8100000381469726,79.20489501953125,4.172421264648437,1.0899999618530274,1180.0,39.7650032043457,3459.0,138,POMCA_251,3,Orinoco,35,Meta,3502,Río Guayuriba,319907.0,1.1743778076973048e-06,-0.4834711282198113,-0.26354811313165083,-0.14960513730649305,-0.13983457353589168,-0.4752687444261595,-0.2564630585217402
"POLYGON ((4861327.8099677665 2025893.0353083827, 4861326.327970728 2024972.0516423783, 4862250.963743363 2024970.5701880858, 4862252.435852617 2025891.5509532767, 4861327.8099677665 2025893.0353083827))",525243,1,2,0.6787499904632568,81.95793151855469,3.850177764892578,1.0300000190734864,1273.0,30.151235580444336,3719.0,42,POMCA_075,2,Magdalena Cauca,21,Alto Magdalena,2119,Río Sumapaz,304832.0,1.1743005642451149e-06,-0.4834711282198113,-0.11690724332588268,-0.13158666916196265,0.04547003947085685,-0.475356002822542,-0.11067521164329558
"POLYGON ((4869649.340079689 2025880.033816488, 4869647.947067154 2024959.0755587625, 4870572.55741789 2024957.683353431, 4870573.940544014 2025878.6388850985, 4869649.340079689 2025880.033816488))",525252,1,1,0.8412500381469726,79.16666412353516,3.995024490356445,1.1,1225.0,39.10106658935547,3433.0,138,POMCA_251,3,Orinoco,35,Meta,3502,Río Guayuriba,319907.0,1.1743654906926748e-06,-0.4834711282198113,-0.3590876650878935,-0.14960513730649305,-0.14278195759059667,-0.4752826583831588,-0.35154811606569386
"POLYGON ((4856703.104885649 2024979.6076769123, 4856701.576459764 2024058.609403146, 4857626.236907153 2024057.081358668, 4857627.755463908 2024978.0766343952, 4856703.104885649 2024979.6076769123))",526244,1,1,0.7770833492279052,82.75,3.2505825042724608,1.0,1359.0,24.61010360717773,3548.0,42,POMCA_075,2,Magdalena Cauca,21,Alto Magdalena,2119,Río Sumapaz,304832.0,1.1742504600921157e-06,-0.4834711282198113,-0.2364029192836108,-0.14960513730649305,0.9948996490050274,-0.4754126031934324,-0.22963812214951435
"POLYGON ((4862250.963743363 2024970.5701880858, 4862249.494529862 2024049.589611247, 4863174.137268037 2024048.120955641, 4863175.59661336 2024969.098650961, 4862250.963743363 2024970.5701880858))",526250,1,2,0.6933333396911621,81.1111068725586,3.851406097412109,1.05,1197.0,43.95684051513672,3705.0,42,POMCA_075,2,Magdalena Cauca,21,Alto Magdalena,2119,Río Sumapaz,304832.0,1.1742956840058663e-06,-0.4834711282198113,0.028816353469139556,-0.13158666916196265,-0.047858704797471584,-0.47536151580569747,0.03429401730261479
"POLYGON ((4870572.55741789 2024957.683353431, 4870571.177012485 2024036.7280112016, 4871495.7945028525 2024035.348428425, 4871497.165041439 2024956.301063896, 4870572.55741789 2024957.683353431))",526259,1,1,0.8133333206176758,79.93827056884766,4.00189323425293,1.079999923706055,1248.0,42.8369369506836,3473.0,138,POMCA_251,3,Orinoco,35,Meta,3502,Río Guayuriba,319907.0,1.174360163669494e-06,-0.4834711282198113,-0.40775960994453225,-0.14960513730649305,-0.14858202098306753,-0.47528867607769576,-0.3999887918684638
"POLYGON ((4855776.912992592 2024060.1473463327, 4855775.377729352 2023139.1462422002, 4856700.051046365 2023137.6113166034, 4856701.576459764 2024058.609403146, 4855776.912992592 2024060.1473463327))",527255,2,13,0.8258333206176758,82.01319885253906,3.2462104797363276,1.0100000381469727,1403.0,27.287872314453125,3490.6153846153848,42,POMCA_075,2,Magdalena Cauca,21,Alto Magdalena,2119,Río Sumapaz,304832.0,2.348460958917602e-06,0.8499115468308588,-0.4834711282198113,0.06661648042787176,1.0867813522163052,0.8510393126396837,-0.475437144651212
"POLYGON ((4856701.576459764 2024058.609403146, 4856700.051046365 2023137.6113166034, 4857624.721343435 2023136.086270293, 4857626.236907153 2024057.081358668, 4856701.576459764 2024058.609403146))",527256,1,75,0.7650000095367432,82.34323120117188,3.226312255859375,1.0100000381469727,1259.0,26.55045318603516,3577.7466666666664,42,POMCA_075,2,Magdalena Cauca,21,Alto Magdalena,2119,Río Sumapaz,304832.0,1.1742381908797491e-06,-0.4834711282198113,-0.2256778585671718,1.1837615053887567,0.954193397105727,-0.4754264631616968,-0.21897158393723393
"POLYGON ((4858550.894354264 2024055.5632127353, 4858549.388640065 2023134.5711031065, 4859474.05295575 2023133.065814883, 4859475.5488205915 2024054.0549651869, 4858550.894354264 2024055.5632127353))",527258,1,1,0.7145833492279052,81.97115325927734,3.5576961517333983,1.0399999618530271,1128.0,33.62135314941406,3569.0,42,POMCA_075,2,Magdalena Cauca,21,Alto Magdalena,2119,Río Sumapaz,304832.0,1.1742534645631315e-06,-0.4834711282198113,-0.3711563659083239,-0.14960513730649305,0.8008865051029004,-0.4754092091798897,-0.3636798107288746
"POLYGON ((4859475.5488205915 2024054.0549651869, 4859474.05295575 2023133.065814883, 4860398.714309995 2023131.5704054618, 4860400.200325637 2024052.5566158623, 4859475.5488205915 2024054.0549651869))",527259,1,1,0.6900000095367431,80.95238494873047,3.7537857055664063,1.05,1115.0,36.76858139038086,3669.0,42,POMCA_075,2,Magdalena Cauca,21,Alto Magdalena,2119,Río Sumapaz,304832.0,1.1742610268234202e-06,-0.4834711282198113,-0.2512055644820154,-0.14960513730649305,0.5426261423588723,-0.47540066644018675,-0.24433494781786408
"POLYGON ((4868721.93383026 2024039.5168660423, 4868720.53645042 2023118.5562408783, 4869645.1692626085 2023117.1596109038, 4869646.556794785 2024038.1174903582, 4868721.93383026 2024039.5168660423))",527269,1,1,0.7824999809265136,80.40123748779297,4.103767395019531,1.079999923706055,1394.0,49.243045806884766,3608.0,138,POMCA_251,3,Orinoco,35,Meta,3502,Río Guayuriba,319907.0,1.174333914779975e-06,-0.4834711282198113,-0.3814623078895954,-0.14960513730649305,-0.1450157452353609,-0.47531832824809095,-0.3738444815455819
"POLYGON ((4712402.15532475 2023496.6293193342, 4712399.09676014 2022574.9255832736, 4713324.484038577 2022571.8627721183, 4713327.532734986 2023493.5604748218, 4712402.15532475 2023496.6293193342))",528132,1,9,0.8574999809265137,87.9432601928711,1.530003261566162,0.9399999618530273,1468.0,29.165292739868164,3373.0,44,POMCA_091,2,Magdalena Cauca,22,Saldaña,2207,Rïo Cucuana,186642.0,1.1724223732513896e-06,-0.4834711282198113,-0.4834711282198113,-0.005457392150249848,0.6251889929083142,-0.47747770931760347,-0.4774915366352124
"POLYGON ((4856700.051046365 2023137.6113166034, 4856698.528645486 2022216.6134169172, 4857623.208772783 2022215.0913689032, 4857624.721343435 2023136.086270293, 4856700.051046365 2023137.6113166034))",528281,1,248,0.7237500190734864,82.59075927734375,3.392002487182617,1.0100000381469727,1170.0,30.904266357421875,3723.2741935483873,42,POMCA_075,2,Magdalena Cauca,21,Alto Magdalena,2119,Río Sumapaz,304832.0,1.1742259461372164e-06,-0.4834711282198113,-0.2815248090281863,4.300956494392516,0.47743947021576993,-0.4754402954875086,-0.27453549050013454
"POLYGON ((4857624.721343435 2023136.086270293, 4857623.208772783 2022215.0913689032, 4858547.88589948 2022213.5791805906, 4858549.388640065 2023134.5711031065, 4857624.721343435 2023136.086270293))",528282,1,81,0.684166669845581,81.7152099609375,3.5664676666259765,1.0300000190734864,1186.0,30.716049194335938,3764.0,42,POMCA_075,2,Magdalena Cauca,21,Alto Magdalena,2119,Río Sumapaz,304832.0,1.1742336079212586e-06,-0.4834711282198113,-0.352912051136064,1.291872314255939,1.05342114027427,-0.4754316403203715,-0.34554228183088415
"POLYGON ((4866871.262507136 2023121.379132752, 4866869.8482300835 2022200.413146138, 4867794.496423222 2022198.9995461626, 4867795.900871759 2023119.9627481112, 4866871.262507136 2023121.379132752))",528292,1,1,0.8008333206176758,79.96941375732422,4.088972854614258,1.090000057220459,1481.0,48.9244270324707,3510.0,138,POMCA_251,3,Orinoco,35,Meta,3502,Río Guayuriba,319907.0,1.1743074911418739e-06,-0.4834711282198113,-0.09775001812219801,-0.14960513730649305,-0.13744318812857512,-0.4753481778239698,-0.0916194402594635
"POLYGON ((4870569.799327827 2023115.7728580395, 4870568.424363942 2022194.817893574, 4871493.061529603 2022193.4437246625, 4871494.426665565 2023114.3959821374, 4870569.799327827 2023115.7728580395))",528296,1,1,0.7795833587646485,80.29595184326172,3.991230773925781,1.0700000762939452,1325.0,55.83282470703125,3599.0,138,POMCA_251,3,Orinoco,35,Meta,3502,Río Guayuriba,319907.0,1.1743356521587324e-06,-0.4834711282198113,-0.3996891984602748,-0.14960513730649305,-0.14753823334595648,-0.4753163656107413,-0.3919780251894172
"POLYGON ((4712399.09676014 2022574.9255832736, 4712396.044247759 2021653.2220034746, 4713321.441374871 2021650.1652259354, 4713324.484038577 2022571.8627721183, 4712399.09676014 2022574.9255832736))",529168,1,44,0.8654167175292968,87.45613861083984,1.5877129554748537,0.95,1553.0,24.120323181152344,3374.5,44,POMCA_091,2,Magdalena Cauca,22,Saldaña,2207,Rïo Cucuana,186642.0,1.1724101329422512e-06,-0.4834711282198113,-0.4834711282198113,0.6251889929083142,-0.005457392150249848,-0.4774915366352124,-0.47747770931760347
"POLYGON ((4866869.8482300835 2022200.413146138, 4866868.4367516255 2021279.4473473777, 4867793.094753831 2021278.0365321871, 4867794.496423222 2022198.9995461626, 4866869.8482300835 2022200.413146138))",529332,2,2,0.8208333015441894,79.96942138671875,4.088972854614258,1.0899999618530274,1245.0,42.7518424987793,3473.5,138,POMCA_251,3,Orinoco,35,Meta,3502,Río Guayuriba,319907.0,2.3485905435455912e-06,0.8499115468308588,-0.3252720679961827,-0.13158666916196265,-0.1402370762350093,0.8511856984693377,-0.317981064764079
"POLYGON ((4868719.141830248 2022197.5958041763, 4868717.749969773 2021276.6355555654, 4869642.402418949 2021275.2444173635, 4869643.784470654 2022196.2019200295, 4868719.141830248 2022197.5958041763))",529334,1,1,0.8329166412353516,80.19877624511719,3.991230392456055,1.0899999618530274,1238.0,45.52729034423828,3411.0,138,POMCA_251,3,Orinoco,35,Meta,3502,Río Guayuriba,319907.0,1.1743094518911538e-06,-0.4834711282198113,-0.32345543532638316,-0.14960513730649305,-0.14334822605982908,-0.47534596285515335,-0.31615333403689977
"POLYGON ((4869643.784470654 2022196.2019200295, 4869642.402418949 2021275.2444173635, 4870567.052120859 2021273.8631174336, 4870568.424363942 2022194.817893574, 4869643.784470654 2022196.2019200295))",529335,1,1,0.8145833015441895,80.3240737915039,4.008277893066406,1.079999923706055,1363.0,57.95408248901367,3636.0,138,POMCA_251,3,Orinoco,35,Meta,3502,Río Guayuriba,319907.0,1.1743164673575043e-06,-0.4834711282198113,-0.39482849629966926,-0.14960513730649305,-0.14457506209717305,-0.4753380378035631,-0.3871530254135661
"POLYGON ((4852073.513872748 2021303.358561537, 4852071.948537935 2020382.3457503254, 4852996.663564503 2020380.7805925766, 4852998.219107175 2021301.7903081102, 4852073.513872748 2021303.358561537))",530334,1,1,0.8933333396911621,83.33333587646484,2.855086326599121,0.9600000381469728,1604.0,57.813663482666016,3439.0,42,POMCA_075,2,Magdalena Cauca,21,Alto Magdalena,2119,Río Sumapaz,304832.0,1.1741624744951896e-06,-0.4834711282198113,-0.35218657471202613,-0.14960513730649305,0.2781827027051095,-0.47551199649959436,-0.3449036653991486
"POLYGON ((4853922.921243326 2021300.2318957804, 4853921.37549263 2020379.2252564991, 4854846.084341821 2020377.6797419274, 4854847.620300706 2021298.6833243817, 4853922.921243326 2021300.2318957804))",530336,1,1,0.8237500190734863,83.248291015625,2.993364143371582,0.9800000190734864,1468.0,21.48915100097656,3493.0,42,POMCA_075,2,Magdalena Cauca,21,Alto Magdalena,2119,Río Sumapaz,304832.0,1.1741782458692922e-06,-0.4834711282198113,-0.3755222362315476,-0.14960513730649305,0.4132273730799609,-0.475494180299335,-0.3681016124786089
"POLYGON ((4863169.7764901845 2021285.188996849, 4863168.328650368 2020364.2120517443, 4864093.007782843 2020362.7647433553, 4864094.445832435 2021283.7388258707, 4863169.7764901845 2021285.188996849))",530346,2,4,0.7224999904632569,79.32098388671875,4.120348358154297,1.0800000190734864,1233.0,47.81119537353516,3619.75,138,POMCA_251,3,Orinoco,35,Meta,3502,Río Guayuriba,319907.0,2.348508239208053e-06,0.8499115468308588,0.1719098940714869,-0.09554973287290185,-0.13109026935244125,0.8510927230221599,0.176606833722043
"POLYGON ((4864094.445832435 2021283.7388258707, 4864093.007782843 2020362.7647433553, 4865017.6840509055 2020361.3272547205, 4865019.112310427 2021282.2984940677, 4864094.445832435 2021283.7388258707))",530347,2,2,0.7254166603088379,79.24382781982422,4.174915313720703,1.0800000190734864,1272.0,44.090328216552734,3550.5,138,POMCA_251,3,Orinoco,35,Meta,3502,Río Guayuriba,319907.0,2.348522867011095e-06,0.8499115468308588,0.05901142690054482,-0.13158666916196265,-0.12093262876935798,0.851109247382476,0.06429286437550374
"POLYGON ((4865019.112310427 2021282.2984940677, 4865017.6840509055 2020361.3272547205, 4865942.357474053 2020359.8995856864, 4865943.775943656 2021280.8680012876, 4865019.112310427 2021282.2984940677))",530348,1,4,0.7891666889190674,79.35779571533203,4.116669464111328,1.0899999618530274,1226.0,43.22796249389648,3587.5,138,POMCA_251,3,Orinoco,35,Meta,3502,Río Guayuriba,319907.0,1.174268697687405e-06,-0.4834711282198113,0.11700502383262122,-0.09554973287290185,-0.13438722323473695,-0.4753920010158537,0.12199890402227245
"POLYGON ((4866868.4367516255 2021279.4473473777, 4866867.028071789 2020358.4817361012, 4867791.695863612 2020357.073705814, 4867793.094753831 2021278.0365321871, 4866868.4367516255 2021279.4473473777))",530350,1,1,0.8725000381469726,79.69697570800781,4.042388534545898,1.1,1223.0,41.0413703918457,3327.0,138,POMCA_251,3,Orinoco,35,Meta,3502,Río Guayuriba,319907.0,1.174283076868758e-06,-0.4834711282198113,-0.11097681780397955,-0.14960513730649305,-0.1350741936233462,-0.47537575751209266,-0.10479304328186317
"POLYGON ((4867793.094753831 2021278.0365321871, 4867791.695863612 2020357.073705814, 4868716.360869023 2020355.675494675, 4868717.749969773 2021276.6355555654, 4867793.094753831 2021278.0365321871))",530351,1,1,0.9595832824707032,79.6875,4.16401481628418,1.1199999809265138,1188.0,36.027767181396484,3241.0,138,POMCA_251,3,Orinoco,35,Meta,3502,Río Guayuriba,319907.0,1.1742901918687913e-06,-0.4834711282198113,-0.19845300433528154,-0.14960513730649305,-0.1387514945254347,-0.4753677200218515,-0.19181084748597005
"POLYGON ((4853921.37549263 2020379.2252564991, 4853919.832812902 2019458.2188025832, 4854844.551434451 2019456.6763449686, 4854846.084341821 2020377.6797419274, 4853921.37549263 2020379.2252564991))",531370,1,1,0.8412500381469726,83.24829864501953,2.962838363647461,0.9800000190734864,1421.0,22.856565475463867,3416.0,42,POMCA_075,2,Magdalena Cauca,21,Alto Magdalena,2119,Río Sumapaz,304832.0,1.1741660742688392e-06,-0.4834711282198113,-0.3916060968323618,-0.14960513730649305,0.35890128548083083,-0.47550792999988334,-0.3841095129266407
"POLYGON ((4863168.328650368 2020364.2120517443, 4863166.883687003 2019443.23529327, 4864091.57259025 2019441.790847593, 4864093.007782843 2020362.7647433553, 4863168.328650368 2020364.2120517443))",531380,2,2,0.7295833110809327,78.93518829345703,4.277096557617187,1.079999923706055,1358.0,53.8381233215332,3612.0,138,POMCA_251,3,Orinoco,35,Meta,3502,Río Guayuriba,319907.0,2.348483897687914e-06,0.8499115468308588,0.23065236876371983,-0.13158666916196265,-0.11778162135671001,0.8510652255197488,0.23504088576812426
"POLYGON ((4866867.028071789 2020358.4817361012, 4866865.622190604 2019437.5163119382, 4867790.299752595 2019436.1110666734, 4867791.695863612 2020357.073705814, 4866867.028071789 2020358.4817361012))",531384,1,2,0.8362500190734863,79.43424987792969,4.1127574920654295,1.0899999618530274,1311.0,47.703392028808594,3471.0,138,POMCA_251,3,Orinoco,35,Meta,3502,Río Guayuriba,319907.0,1.1742709064291048e-06,-0.4834711282198113,-0.134220535418012,-0.13158666916196265,-0.13634028475895119,-0.4753895059013386,-0.12792692352177307
"POLYGON ((4865940.941822549 2019438.9313570792, 4865939.528989173 2018517.9633150965, 4866864.219108096 2018516.5510745188, 4866865.622190604 2019437.5163119382, 4865940.941822549 2019438.9313570792))",532403,1,2,0.7795833110809326,78.93518829345703,4.158552932739258,1.079999923706055,1458.0,59.90615081787109,3576.0,138,POMCA_251,3,Orinoco,35,Meta,3502,Río Guayuriba,319907.0,1.1742515955637057e-06,-0.4834711282198113,0.0015080593404754386,-0.13158666916196265,-0.13066037300647684,-0.4754113205030907,0.007090943133934345
"POLYGON ((4852993.561750457 2018538.7617168468, 4852992.015479144 2017617.7525559182, 4853916.756666474 2017616.2064493827, 4853918.293204173 2018537.2125336668, 4852993.561750457 2018538.7617168468))",533402,1,1,0.8929166793823242,82.56802368164062,2.9958934783935547,0.9800000190734864,1365.0,24.96068572998047,3305.0,42,POMCA_075,2,Magdalena Cauca,21,Alto Magdalena,2119,Río Sumapaz,304832.0,1.1741339433768573e-06,-0.4834711282198113,-0.48347112821981136,-0.14960513730649305,-0.14960513730649305,-0.4755442267995368,-0.47553418662221725
"POLYGON ((4852990.472298346 2016696.7435791246, 4852988.932208094 2015775.7347860998, 4853913.692804289 2015774.1948332447, 4853915.223199836 2016695.2005493643, 4852990.472298346 2016696.7435791246))",535468,1,1,0.8625,82.31292724609375,3.026398277282715,0.9800000190734864,1217.0,25.908447265625,3374.0,42,POMCA_075,2,Magdalena Cauca,21,Alto Magdalena,2119,Río Sumapaz,304832.0,1.174109771248047e-06,-0.4834711282198113,-0.48347112821981125,-0.14960513730649305,-0.14960513730649302,-0.4755715329483086,-0.4755495619675754
"POLYGON ((4853915.223199836 2016695.2005493643, 4853913.692804289 2015774.1948332447, 4854838.450320733 2015772.6646047556, 4854839.971021737 2016693.6672633998, 4853915.223199836 2016695.2005493643))",535469,1,1,0.81875,82.73809051513672,3.016055679321289,0.9800000190734864,1032.0,33.93858337402344,3441.0,42,POMCA_075,2,Magdalena Cauca,21,Alto Magdalena,2119,Río Sumapaz,304832.0,1.1741176325063547e-06,-0.4834711282198113,-0.4834711282198113,-0.14960513730649305,-0.14960513730649305,-0.4755626524442136,-0.4755533610605075
"POLYGON ((4862236.401922095 2015760.772834696, 4862234.961667734 2014839.7941210927, 4863159.702017917 2014838.3542874386, 4863161.132598606 2015759.330118297, 4862236.401922095 2015760.772834696))",536520,2,6,0.6379166603088379,78.17459869384766,4.058987426757812,1.05,1117.0,41.58855438232422,3777.3333333333335,138,POMCA_251,3,Orinoco,35,Meta,3502,Río Guayuriba,319907.0,2.3483481957088912e-06,0.8499115468308588,0.07013729813484715,-0.05951279658384105,-0.13412553987580383,0.8509119291983166,0.07523274828053449
"POLYGON ((4866860.026652922 2015753.656479019, 4866858.634765406 2014832.6919848714, 4867783.360886497 2014831.3006664887, 4867784.743101092 2015752.2623750244, 4866860.026652922 2015753.656479019))",536525,2,3,0.8249999999999998,77.93209838867188,4.332751083374023,1.079999923706055,1452.0,52.99650192260742,3470.0,138,POMCA_251,3,Orinoco,35,Meta,3502,Río Guayuriba,319907.0,2.3484208422854203e-06,0.8499115468308588,-0.20586945856114833,-0.11356820101743226,-0.12251517736412149,0.8509939947144332,-0.1992867222019564
"POLYGON ((4869632.804786285 2014828.5471373936, 4869631.444657559 2013907.591127046, 4870556.172128301 2013906.2316434907, 4870557.522603995 2014827.184926388, 4869632.804786285 2014828.5471373936))",537561,1,1,1.0020833015441897,78.97554016113281,4.142124938964844,1.0899999618530274,1623.0,62.63102340698242,3087.0,138,POMCA_251,3,Orinoco,35,Meta,3502,Río Guayuriba,319907.0,1.1742195949097912e-06,-0.4834711282198113,0.0008706253220443216,-0.14960513730649305,-0.13651497703884402,-0.47544747017875394,0.006366130792197333
"POLYGON ((4862232.089847261 2012997.8372463984, 4862230.658281206 2012076.8590845696, 4863155.427535692 2012075.4278998778, 4863156.849486432 2012996.4031785983, 4862232.089847261 2012997.8372463984))",539624,1,1,0.6970833301544189,78.2232666015625,3.979827117919922,1.0600000381469727,1061.0,36.88108825683594,3692.0,138,POMCA_251,3,Orinoco,35,Meta,3502,Río Guayuriba,319907.0,1.1741380989757149e-06,-0.4834711282198113,-0.19998640918484784,-0.14960513730649305,-0.11944673914847292,-0.47553953240950064,-0.19356623353786456
"POLYGON ((4871479.558748903 2012983.9314529032, 4871478.223329317 2012062.9812478563, 4872402.964608852 2012061.6465071777, 4872404.290414589 2012982.5940234, 4871479.558748903 2012983.9314529032))",539634,1,1,0.6974999904632568,78.87788391113281,4.087119293212891,1.0100000381469727,1272.0,45.02236175537109,3601.0,138,POMCA_251,3,Orinoco,35,Meta,3502,Río Guayuriba,319907.0,1.174209504649678e-06,-0.4834711282198113,-0.48347112821981136,-0.14960513730649305,-0.14960513730649308,-0.47545886868427895,-0.4754527388510149
"POLYGON ((4852982.802753153 2012091.7014443602, 4852981.278116088 2011170.693564682, 4853906.086893989 2011169.1689982933, 4853907.601933623 2012090.1738004198, 4852982.802753153 2012091.7014443602))",540626,1,1,0.8274999618530273,82.5,2.927145576477051,1.0,1300.0,29.297725677490234,3462.0,42,POMCA_075,2,Magdalena Cauca,21,Alto Magdalena,2119,Río Sumapaz,304832.0,1.1740497689467613e-06,-0.4834711282198113,-0.4834711282198113,-0.14960513730649305,-0.14960513730649305,-0.4756393148047766,-0.4756564029114535
"POLYGON ((4860381.111038331 2012079.7503897734, 4860379.663176251 2011158.7665863808, 4861304.44785601 2011157.319033182, 4861305.886121922 2012078.2999144837, 4860381.111038331 2012079.7503897734))",540634,1,2,0.63125,78.92628479003906,3.7180454254150392,1.0399999618530271,1009.0,31.689868927001957,3772.5,42,POMCA_075,2,Magdalena Cauca,21,Alto Magdalena,2119,Río Sumapaz,304832.0,1.1741112702037437e-06,-0.4834711282198113,-0.37525684744833054,-0.13158666916196265,-0.12705272604089238,-0.4755698396465899,-0.36793799753229756
"POLYGON ((4873327.703198185 2012060.321410102, 4873326.389668905 2011139.3767478578, 4874251.135181665 2011138.063944326, 4874252.439116827 2012059.0059564882, 4873327.703198185 2012060.321410102))",540648,1,1,0.8020833015441895,78.67646789550781,4.019601821899414,1.0200000762939454,1500.0,56.98832702636719,3444.0,138,POMCA_251,3,Orinoco,35,Meta,3502,Río Guayuriba,319907.0,1.1742112392002836e-06,-0.4834711282198113,-0.48347112821981125,-0.14960513730649305,-0.14960513730649305,-0.4754569092417631,-0.4754553447457749
"POLYGON ((4689223.237630104 2011592.3942706562, 4689220.017284629 2010670.5352832435, 4690145.688740741 2010667.309718494, 4690148.899463615 2011589.1621813348, 4689223.237630104 2011592.3942706562))",541470,1,4,0.775,91.20879364013672,1.5225582122802734,0.9100000381469726,1424.0,35.65617752075195,3826.0,49,POMCA_145,2,Magdalena Cauca,26,Cauca,2612,Río La Vieja,283690.0,1.1718638144465676e-06,-0.4834711282198113,0.0,-0.09554973287290185,0.0,-0.4781086876622041,0.0
"POLYGON ((4859454.8755525155 2011160.2237656785, 4859453.421048659 2010239.2372032152, 4860378.218249263 2010237.782965563, 4860379.663176251 2011158.7665863808, 4859454.8755525155 2011160.2237656785))",541648,1,2,0.6004166603088379,79.5307388305664,3.5768081665039064,1.0300000190734864,974.0,29.923192977905277,3858.0,42,POMCA_075,2,Magdalena Cauca,21,Alto Magdalena,2119,Río Sumapaz,304832.0,1.174091830072436e-06,-0.4834711282198113,-0.4834711282198113,-0.13158666916196265,-0.13167072856707912,-0.4755918002741289,-0.4755995463754431
"POLYGON ((4854829.390200779 2010246.6524969272, 4854827.89086208 2009325.6511162021, 4855752.712634217 2009324.1518818128, 4855754.2024147175 2010245.1502236, 4854829.390200779 2010246.6524969272))",542663,1,1,0.7462500095367431,82.59075927734375,3.068350410461426,1.0100000381469727,1240.0,27.62625312805176,3553.0,42,POMCA_075,2,Magdalena Cauca,21,Alto Magdalena,2119,Río Sumapaz,304832.0,1.1740416132087165e-06,-0.4834711282198113,-0.4834711282198113,-0.14960513730649305,-0.13449432950231904,-0.475648527969167,-0.475666947896094
"POLYGON ((4859453.421048659 2010239.2372032152, 4859451.9694993775 2009318.2508228356, 4860376.776257398 2009316.7995269508, 4860378.218249263 2010237.782965563, 4859453.421048659 2010239.2372032152))",542668,1,2,0.6458333015441895,79.93527221679688,3.6045001983642577,1.0300000190734864,981.0,29.227025985717773,3747.0,42,POMCA_075,2,Magdalena Cauca,21,Alto Magdalena,2119,Río Sumapaz,304832.0,1.1740799280136702e-06,-0.4834711282198113,-0.48347112821981136,-0.13158666916196265,-0.13149140876361162,-0.4756052454857567,-0.47560044739097596
"POLYGON ((4860378.218249263 2010237.782965563, 4860376.776257398 2009316.7995269508, 4861301.580071135 2009315.3578182997, 4861303.012505738 2010236.3383345772, 4860378.218249263 2010237.782965563))",542669,1,1,0.6462500095367432,79.24679565429688,3.754542922973633,1.040000057220459,1022.0,30.835695266723636,3831.0,42,POMCA_075,2,Magdalena Cauca,21,Alto Magdalena,2119,Río Sumapaz,304832.0,1.1740874417979806e-06,-0.4834711282198113,-0.4834711282198113,-0.14960513730649305,-0.1277212341943408,-0.47559675750715014,-0.47559782771997305
"POLYGON ((4852053.407099379 2009330.2063490676, 4852051.882195368 2008409.1959156268, 4852976.722749391 2008407.6710135997, 4852978.238114177 2009328.6783496684, 4852053.407099379 2009330.2063490676))",543690,1,1,0.8970833778381347,83.41836547851562,2.864027214050293,0.9800000190734864,1394.0,26.166934967041016,3317.0,42,POMCA_075,2,Magdalena Cauca,21,Alto Magdalena,2119,Río Sumapaz,304832.0,1.1740061493447476e-06,-0.4834711282198113,-0.4834711282198113,-0.14960513730649305,-0.1474608153364577,-0.4756885898748913,-0.475686717251561
"POLYGON ((4852978.238114177 2009328.6783496684, 4852976.722749391 2008407.6710135997, 4853901.560202847 2008406.1556806343, 4853903.066028571 2009327.159938767, 4852978.238114177 2009328.6783496684))",543691,1,1,0.8933333396911621,83.16667175292969,3.002524185180664,1.0,1341.0,28.62255096435547,3391.0,42,POMCA_075,2,Magdalena Cauca,21,Alto Magdalena,2119,Río Sumapaz,304832.0,1.1740140610172034e-06,-0.4834711282198113,-0.4834711282198113,-0.14960513730649305,-0.14324098181896236,-0.4756796524202382,-0.4756848322476902
"POLYGON ((4857602.347072445 2009321.1821769238, 4857600.87940138 2008400.1900361767, 4858525.701644774 2008398.7225461197, 4858527.159777567 2009319.7117061082, 4857602.347072445 2009321.1821769238))",543696,1,6,0.6800000190734862,81.0457534790039,3.3642505645751952,1.0199999809265137,1100.0,41.620487213134766,3780.0,42,POMCA_075,2,Magdalena Cauca,21,Alto Magdalena,2119,Río Sumapaz,304832.0,1.1740528734978662e-06,-0.4834711282198113,-0.4834711282198113,-0.05951279658384105,-0.14088742711148047,-0.475635807735333,-0.4756414143692798
"POLYGON ((4609577.571770932 2009139.0977611712, 4609573.547162297 2008216.6048989277, 4610499.883494317 2008212.5724474525, 4610503.89850585 2009135.0571022658, 4609577.571770932 2009139.0977611712))",544442,2,5,0.7795833110809326,92.5595245361328,1.7380542755126949,0.8399999618530274,1859.0,42.93333053588867,3484.0,200,POMCA_388,5,Pacifico,54,San Juán,5405,Río Capoma y otros directos al San Juan,242731.0,2.3404222510197905e-06,0.8499115468308588,0.8499115468308588,-0.07753126472837145,-0.07753126472837145,0.8419583518557864,0.8420055801297959
"POLYGON ((4610503.89850585 2009135.0571022658, 4610499.883494317 2008212.5724474525, 4611426.211594336 2008208.5496230433, 4611430.217009199 2009131.0260900196, 4610503.89850585 2009135.0571022658))",544443,2,5,0.8129166603088379,92.1626968383789,1.9709060668945315,0.8399999618530274,1812.0,38.69548034667969,3492.0,200,POMCA_388,5,Pacifico,54,San Juán,5405,Río Capoma y otros directos al San Juan,242731.0,2.340464058743479e-06,0.8499115468308588,0.8499115468308588,-0.07753126472837145,-0.07753126472837145,0.8420055801297959,0.8419583518557864
"POLYGON ((4852051.882195368 2008409.1959156268, 4852050.360401634 2007488.185662527, 4852975.210475424 2007486.6638580007, 4852976.722749391 2008407.6710135997, 4852051.882195368 2008409.1959156268))",544689,1,1,0.8850000381469727,82.99320220947266,2.938768577575684,0.9799999237060548,1361.0,32.90411376953125,3373.0,42,POMCA_075,2,Magdalena Cauca,21,Alto Magdalena,2119,Río Sumapaz,304832.0,1.1739942955164149e-06,-0.4834711282198113,-0.48347112821981125,-0.14960513730649305,-0.14707783308591502,-0.4757019806028039,-0.47568625091244593
"POLYGON ((4852976.722749391 2008407.6710135997, 4852975.210475424 2007486.6638580007, 4853900.057448488 2007485.1516030987, 4853901.560202847 2008406.1556806343, 4852976.722749391 2008407.6710135997))",544690,1,1,0.8316666603088378,83.5016860961914,2.9567590713500977,0.9899999618530272,1370.0,31.38559913635254,3452.0,42,POMCA_075,2,Magdalena Cauca,21,Alto Magdalena,2119,Río Sumapaz,304832.0,1.1740022072740086e-06,-0.4834711282198113,-0.4834711282198113,-0.14960513730649305,-0.1429738733532137,-0.47569304305197446,-0.4756867873911769
"POLYGON ((4859449.075264658 2007476.2786068534, 4859447.632579277 2006555.292770514, 4860372.467892822 2006553.850300665, 4860373.901079148 2007474.8331948707, 4859449.075264658 2007476.2786068534))",545696,1,1,0.5550000190734863,80.69306945800781,3.4771987915039064,1.009999942779541,1016.0,33.73789978027344,3916.0,42,POMCA_075,2,Magdalena Cauca,21,Alto Magdalena,2119,Río Sumapaz,304832.0,1.1740443685297009e-06,-0.4834711282198113,-0.48347112821981125,-0.14960513730649305,-0.124244709276739,-0.4756454154090238,-0.47563442260298167
"POLYGON ((4854823.4111573715 2006562.6480591088, 4854821.924026364 2005641.647400547, 4855746.783836741 2005640.160323169, 4855748.261487372 2006561.1579422893, 4854823.4111573715 2006562.6480591088))",546684,1,3,0.7349999904632568,82.50825500488281,3.0151138305664062,1.009999942779541,1357.0,36.409706115722656,3587.0,42,POMCA_075,2,Magdalena Cauca,21,Alto Magdalena,2119,Río Sumapaz,304832.0,1.1739942478061533e-06,-0.4834711282198113,-0.4834711282198113,-0.11356820101743226,-0.14424592683256574,-0.4757020344989051,-0.4756952645205923
"POLYGON ((4855748.261487372 2006561.1579422893, 4855746.783836741 2005640.160323169, 4856671.640604633 2005638.682756061, 4856673.108775046 2006559.6773551772, 4855748.261487372 2006561.1579422893))",546685,1,1,0.7199999809265136,82.83333587646484,3.12613582611084,1.0,1204.0,35.14632797241211,3620.0,42,POMCA_075,2,Magdalena Cauca,21,Alto Magdalena,2119,Río Sumapaz,304832.0,1.1740020105528228e-06,-0.4834711282198113,-0.4834711282198113,-0.14960513730649305,-0.1335679079526189,-0.47569326527890393,-0.4756959812523104
"POLYGON ((4679017.378480355 2005175.0643626242, 4679014.099560241 2004253.133308565, 4679939.911109067 2004249.8487274644, 4679943.180539619 2005171.7730401861, 4679017.378480355 2005175.0643626242))",548513,1,1,1.1470833778381349,92.1617202758789,1.8763877868652343,1.0100000381469727,1501.0,28.776899337768555,3006.0,30,POMCA_173,2,Magdalena Cauca,26,Cauca,2635,Río Bugalagrande,83494.0,1.1715944295171138e-06,-0.4834711282198113,0.0,-0.14960513730649305,0.0,-0.4784129995007782,0.0
"POLYGON ((4692903.70852427 2005126.6959718638, 4692900.571911408 2004204.8639867937, 4693826.284118943 2004201.722162652, 4693829.411247371 2005123.5476993672, 4692903.70852427 2005126.6959718638))",548528,1,1,0.6620833396911621,88.40206146240234,1.7117015838623046,0.9699999809265136,1267.0,37.174652099609375,3796.0,30,POMCA_173,2,Magdalena Cauca,26,Cauca,2635,Río Bugalagrande,83494.0,1.1718471472243472e-06,-0.4834711282198113,0.0,-0.14960513730649305,0.0,-0.47812751586112406,0.0
"POLYGON ((4853895.567613891 2004722.1404504084, 4853894.077145286 2003801.137091594, 4854818.958920371 2003799.6466219258, 4854820.439947354 2004720.6469216086, 4853895.567613891 2004722.1404504084))",548695,1,1,0.778333330154419,83.5,3.002523994445801,1.0,1314.0,39.12392044067383,3587.0,42,POMCA_075,2,Magdalena Cauca,21,Alto Magdalena,2119,Río Sumapaz,304832.0,1.1739628991372584e-06,-0.4834711282198113,-0.4834711282198113,-0.14960513730649305,-0.14315873237763316,-0.47573744765690024,-0.4757069703627934
"POLYGON ((4855745.309218651 2004719.1628837974, 4855743.837633131 2003798.1656238064, 4856668.713303093 2003796.6940970784, 4856670.175447306 2004717.688336817, 4855745.309218651 2004719.1628837974))",548697,1,1,0.8320833206176758,81.63430786132812,3.100280952453613,1.0300000190734864,1175.0,31.552122116088867,3412.0,42,POMCA_075,2,Magdalena Cauca,21,Alto Magdalena,2119,Río Sumapaz,304832.0,1.1739784746950055e-06,-0.4834711282198113,-0.4834711282198113,-0.14960513730649305,-0.13662911358064617,-0.47571985266142497,-0.47570599387244383
"POLYGON ((4855742.369080211 2002877.1685428286, 4855740.90355992 2001956.1716404962, 4856665.798054128 2001954.7061546447, 4856667.254172024 2002875.700036477, 4855742.369080211 2002877.1685428286))",550721,1,1,0.8287500381469727,81.6343002319336,3.1703523635864257,1.0300000190734864,1152.0,35.53065872192383,3406.0,42,POMCA_075,2,Magdalena Cauca,21,Alto Magdalena,2119,Río Sumapaz,304832.0,1.173955036605915e-06,-0.4834711282198113,-0.48347112821981125,-0.14960513730649305,-0.14292313008692722,-0.47574632959908547,-0.47575787384786544
"POLYGON ((4844641.926682635 2001974.4932521358, 4844640.351587312 2001053.4587640418, 4845565.293272384 2001051.88333143, 4845566.858982834 2001972.9145655765, 4844641.926682635 2001974.4932521358))",551730,1,1,0.9641666412353516,82.62411499023438,2.819037437438965,0.9399999618530274,1354.0,44.333770751953125,3167.0,42,POMCA_075,2,Magdalena Cauca,21,Alto Magdalena,2119,Río Sumapaz,304832.0,1.1738469142941276e-06,-0.4834711282198113,0.0,-0.14960513730649305,0.0,-0.47586847043137925,0.0
"POLYGON ((4688262.400448367 2001455.1231350903, 4688259.242654478 2000533.2591869866, 4689185.025234414 2000530.0959724272, 4689188.173620376 2001451.953373458, 4688262.400448367 2001455.1231350903))",552604,1,13,0.7983333587646484,91.15646362304688,1.387170600891113,0.9800000190734864,1316.0,36.677345275878906,3634.923076923077,30,POMCA_173,2,Magdalena Cauca,26,Cauca,2635,Río Bugalagrande,83494.0,1.1717172738582917e-06,-0.4834711282198113,0.0,0.06661648042787176,0.0,-0.47827422786497037,0.0
"POLYGON ((4871461.1087344205 2000090.6452234285, 4871459.811140326 1999169.6975655593, 4872384.6849714685 1999168.4004801277, 4872385.973224022 2000089.3454476187, 4871461.1087344205 2000090.6452234285))",553821,1,1,0.5991666793823243,77.61904907226562,4.456014251708984,1.05,1456.0,58.58385467529297,3990.0,369,POMCA_224,3,Orinoco,32,Guaviare,3206,Río Ariari,273081.0,1.1740444299406424e-06,-0.4834711282198113,-0.4834711282198113,-0.14960513730649305,-0.1445570176725506,-0.4756453460358908,-0.47568755640033916
"POLYGON ((4877010.255682294 2000082.987430554, 4877009.014135403 1999162.0556233888, 4877933.8721064795 1999160.814765179, 4877935.104312639 2000081.7439985904, 4877010.255682294 2000082.987430554))",553827,1,5,0.7162499904632569,77.32371520996094,4.538346481323242,1.040000057220459,1627.0,62.55949783325195,3502.0,369,POMCA_224,3,Orinoco,32,Guaviare,3206,Río Ariari,273081.0,1.1740848922197874e-06,-0.4834711282198113,-0.4834711282198113,-0.07753126472837145,-0.14960513730649305,-0.4755996376490687,-0.4756484363938686
"POLYGON ((4852961.739101585 1999197.6075182525, 4852960.257737469 1998276.602147184, 4853885.198836469 1998275.120679883, 4853886.670875551 1999196.1229716253, 4852961.739101585 1999197.6075182525))",554816,1,1,0.8645833015441895,82.7669906616211,3.0855844497680662,1.0299999237060546,1138.0,34.920989990234375,3387.0,42,POMCA_075,2,Magdalena Cauca,21,Alto Magdalena,2119,Río Sumapaz,304832.0,1.1738850142845581e-06,-0.4834711282198113,-0.2937148937318924,-0.14960513730649305,-0.13503105815644342,-0.4758254306141145,-0.2871208111533413
"POLYGON ((4856661.447779767 1999191.7255780883, 4856660.003714852 1998270.7324076567, 4857584.932599864 1998269.2883596206, 4857586.367340365 1999190.2785285038, 4856661.447779767 1999191.7255780883))",554820,1,1,0.6608333587646484,81.53594970703125,3.4432628631591795,1.0199999809265137,1200.0,40.38386154174805,3547.0,42,POMCA_075,2,Magdalena Cauca,21,Alto Magdalena,2119,Río Sumapaz,304832.0,1.1739161673785723e-06,-0.4834711282198113,-0.38398481302606596,-0.14960513730649305,-0.1428831304074405,-0.4757902383881205,-0.37687748303283714
"POLYGON ((4669735.510946436 1998754.50840331, 4669732.185780532 1997832.509819814, 4670658.131913277 1997829.178588998, 4670661.447723009 1998751.1702337584, 4669735.510946436 1998754.50840331))",555649,1,10,0.8162500381469726,91.39492797851562,1.6939064025878907,0.9200000762939451,1308.0,36.29745864868164,3677.0,30,POMCA_173,2,Magdalena Cauca,26,Cauca,2635,Río Bugalagrande,83494.0,1.1713379644266168e-06,-0.4834711282198113,-0.4834711282198113,0.012561075994280552,-0.11356820101743226,-0.4787027163879754,-0.478695118903602
"POLYGON ((4676216.922942301 1998731.3387261806, 4676213.663262204 1997809.388303312, 4677139.561095665 1997806.1227689458, 4677142.811422046 1998728.0663899125, 4676216.922942301 1998731.3387261806))",555656,1,1,0.7516666412353515,91.83673095703124,1.585923004150391,0.9800000190734864,1408.0,45.43609619140625,3511.0,30,POMCA_173,2,Magdalena Cauca,26,Cauca,2635,Río Bugalagrande,83494.0,1.171460762222983e-06,-0.4834711282198113,-0.4834711282198113,-0.14960513730649305,-0.11356820101743226,-0.4785639973317134,-0.47854440410206023
"POLYGON ((4677142.811422046 1998728.0663899125, 4677139.561095665 1997806.1227689458, 4678065.452107754 1997802.8666183834, 4678068.693080766 1998724.8034569938, 4677142.811422046 1998728.0663899125))",555657,1,3,0.7962500095367432,91.83501434326172,1.5539539337158204,0.9899999618530272,1407.0,38.30634307861328,3593.6666666666665,30,POMCA_173,2,Magdalena Cauca,26,Cauca,2635,Río Bugalagrande,83494.0,1.1714781066707462e-06,-0.4834711282198113,-0.4834711282198113,-0.11356820101743226,-0.14960513730649305,-0.47854440410206023,-0.4785639973317134
"POLYGON ((4853885.198836469 1998275.120679883, 4853883.729869077 1997354.118564702, 4854808.677190711 1997352.6495124567, 4854810.136852683 1998273.6485676325, 4853885.198836469 1998275.120679883))",555841,1,1,0.7883333206176758,82.36245727539062,3.3393886566162108,1.0300000190734864,1147.0,36.55131912231445,3513.0,42,POMCA_075,2,Magdalena Cauca,21,Alto Magdalena,2119,Río Sumapaz,304832.0,1.1738812923514488e-06,-0.4834711282198113,-0.301645796996302,-0.14960513730649305,-0.13485098976371132,-0.475829635111782,-0.29500784555449705
"POLYGON ((4854810.136852683 1998273.6485676325, 4854808.677190711 1997352.6495124567, 4855733.621448926 1997351.1897956599, 4855735.071805633 1998272.1858102758, 4854810.136852683 1998273.6485676325))",555842,1,3,0.7387499809265137,81.95792388916016,3.296865081787109,1.0300000190734864,1140.0,34.34485626220703,3546.3333333333335,42,POMCA_075,2,Magdalena Cauca,21,Alto Magdalena,2119,Río Sumapaz,304832.0,1.1738891055759232e-06,-0.4834711282198113,-0.34775112342018893,-0.11356820101743226,-0.1444880796230516,-0.47582080886931244,-0.3408540151732878
"POLYGON ((4856660.003714852 1998270.7324076567, 4856658.562663254 1997349.739414156, 4857583.500853223 1997348.29836779, 4857584.932599864 1998269.2883596206, 4856660.003714852 1998270.7324076567))",555844,1,1,0.7029166698455811,81.14886474609375,3.434175491333008,1.0300000190734864,1066.0,40.41245269775391,3715.0,42,POMCA_075,2,Magdalena Cauca,21,Alto Magdalena,2119,Río Sumapaz,304832.0,1.1739045828239951e-06,-0.4834711282198113,-0.3795881322086854,-0.14960513730649305,-0.14241468540490387,-0.47580332492978256,-0.3725029367755884
"POLYGON ((4868683.850439635 1998252.6893856858, 4868682.530340862 1997331.7338973237, 4869607.430991128 1997330.4141941527, 4869608.741786849 1998251.3669335977, 4868683.850439635 1998252.6893856858))",555857,1,1,0.6708333492279053,77.06422424316406,4.491574478149414,1.0899999618530274,1646.0,63.7889404296875,3862.0,369,POMCA_224,3,Orinoco,32,Guaviare,3206,Río Ariari,273081.0,1.1740003357595187e-06,-0.4834711282198113,-0.4834711282198113,-0.14960513730649305,-0.14399324917478604,-0.4756951572163283,-0.47569096923945864
"POLYGON ((4874233.15765061 1998244.8949581878, 4874231.893368074 1997323.9556717265, 4875156.777805249 1997322.6919649641, 4875158.032785556 1998243.6286191468, 4874233.15765061 1998244.8949581878))",555863,1,1,0.6833333492279052,76.9230728149414,4.427872848510742,1.040000057220459,1436.0,52.91178131103516,3669.0,369,POMCA_224,3,Orinoco,32,Guaviare,3206,Río Ariari,273081.0,1.1740416942736051e-06,-0.4834711282198113,-0.3578065345698131,-0.14960513730649305,-0.13026782490687924,-0.4756484363938686,-0.4756770836541179
"POLYGON ((4852958.7794645 1997355.596952552, 4852957.30428271 1996434.591933989, 4853882.263973405 1996433.1166257146, 4853883.729869077 1997354.118564702, 4852958.7794645 1997355.596952552))",556856,2,2,0.8545833587646484,82.13140869140625,3.326602935791016,1.0399999618530271,1165.0,33.52375411987305,3400.5,42,POMCA_075,2,Magdalena Cauca,21,Alto Magdalena,2119,Río Sumapaz,304832.0,2.3477237379063198e-06,0.8499115468308588,-0.48347112821981125,-0.13158666916196265,-0.1366535965873699,0.8502065077688485,-0.47584587925370414
"POLYGON ((4853883.729869077 1997354.118564702, 4853882.263973405 1996433.1166257146, 4854807.220581001 1996431.6506335984, 4854808.677190711 1997352.6495124567, 4853883.729869077 1997354.118564702))",556857,1,1,0.7895833492279053,82.60517120361328,3.299161911010742,1.0300000190734864,1147.0,30.98416519165039,3530.0,42,POMCA_075,2,Magdalena Cauca,21,Alto Magdalena,2119,Río Sumapaz,304832.0,1.1738697319846736e-06,-0.4834711282198113,-0.23990870267986467,-0.14960513730649305,-0.13500061861778606,-0.4758426943295901,-0.23361905605820582
"POLYGON ((4869607.430991128 1997330.4141941527, 4869606.122936381 1996409.4616328985, 4870531.030119118 1996408.1539923947, 4870532.328890406 1997329.103824062, 4869607.430991128 1997330.4141941527))",556874,1,1,0.7737500190734863,77.2935791015625,4.452399826049804,1.0899999618530274,1619.0,60.6243896484375,3464.0,369,POMCA_224,3,Orinoco,32,Guaviare,3206,Río Ariari,273081.0,1.1739957941555941e-06,-0.4834711282198113,-0.4834711282198113,-0.14960513730649305,-0.14291088227438922,-0.47570028765864064,-0.47568787640688787
"POLYGON ((4872382.116514079 1997326.5110825645, 4872380.836309296 1996405.5666517485, 4873305.735355788 1996404.2869513303, 4873307.006277524 1997325.2287108814, 4872382.116514079 1997326.5110825645))",556877,1,1,0.6416666507720947,77.5641098022461,4.529364776611328,1.0399999618530271,1223.0,43.61061477661133,3700.0,369,POMCA_224,3,Orinoco,32,Guaviare,3206,Río Ariari,273081.0,1.1740165482510807e-06,-0.4834711282198113,-0.37450152064498077,-0.14960513730649305,-0.13851042353165705,-0.47567684270584293,-0.47568808180100675
"POLYGON ((4853882.263973405 1996433.1166257146, 4853880.801149481 1995512.1148625538, 4854805.76702358 1995510.6519306903, 4854807.220581001 1996431.6506335984, 4853882.263973405 1996433.1166257146))",557871,1,1,0.7795833587646485,82.44336700439453,3.292266082763672,1.0300000190734864,1134.0,33.18352127075195,3555.0,42,POMCA_075,2,Magdalena Cauca,21,Alto Magdalena,2119,Río Sumapaz,304832.0,1.173858196051376e-06,-0.4834711282198113,-0.2650294595851169,-0.14960513730649305,-0.13318867544230717,-0.47585572594601555,-0.2586043813012431
"POLYGON ((4871455.934570246 1996406.8556653908, 4871454.647784374 1995485.908721909, 4872379.558787154 1995484.6223990803, 4872380.836309296 1996405.5666517485, 4871455.934570246 1996406.8556653908))",557890,1,2,0.7341666698455811,77.5157241821289,4.409872055053711,1.059999942779541,1353.0,44.35245895385742,3482.0,369,POMCA_224,3,Orinoco,32,Guaviare,3206,Río Ariari,273081.0,1.1739981454962987e-06,-0.4834711282198113,-0.3748663553563562,-0.13158666916196265,-0.14152772705819758,-0.47569763145654953,-0.4756905622803197
"POLYGON ((4851105.88494952 1995516.5594390386, 4851104.397455304 1994595.5485535203, 4852029.381885281 1994594.0608497732, 4852030.860131984 1995515.0686165707, 4851105.88494952 1995516.5594390386))",558887,1,5,0.8725000381469726,83.16993713378906,3.306329345703125,1.0199999809265137,1125.0,34.923221588134766,3406.0,42,POMCA_075,2,Magdalena Cauca,21,Alto Magdalena,2119,Río Sumapaz,304832.0,1.1738229457610652e-06,-0.4834711282198113,-0.2719650915735966,-0.07753126472837145,-0.12303323692081851,-0.4758955465873428,-0.26555257053759773
"POLYGON ((4870529.734069377 1995487.2043386574, 4870528.440741208 1994566.2548624787, 4871453.36370062 1994564.9619560947, 4871454.647784374 1995485.908721909, 4870529.734069377 1995487.2043386574))",558908,1,2,0.8179166793823243,77.95950317382812,4.350852584838867,1.0700000762939452,1504.0,52.24419784545898,3418.0,369,POMCA_224,3,Orinoco,32,Guaviare,3206,Río Ariari,273081.0,1.1739797172860222e-06,-0.4834711282198113,-0.3576462570027369,-0.13158666916196265,-0.1403668080215278,-0.4757184489631645,-0.47568886853505854
"POLYGON ((4672500.15339294 1995056.6116268116, 4672496.883872225 1994134.6343458013, 4673422.846412327 1994131.3587958599, 4673426.106656173 1995053.3291956685, 4672500.15339294 1995056.6116268116))",559717,1,3,1.0545833587646485,92.5084228515625,1.4531830787658688,0.9899999618530272,1410.0,43.18363952636719,3103.0,29,POMCA_143,2,Magdalena Cauca,26,Cauca,2610,Ríos Tulua y Morales,107835.0,1.1713446899217587e-06,-0.4834711282198113,-0.4834711282198113,-0.11356820101743226,0.012561075994280552,-0.478695118903602,-0.4787027163879754
"POLYGON ((4851104.397455304 1994595.5485535203, 4851102.913091272 1993674.537842721, 4852027.906749304 1993673.0532578204, 4852029.381885281 1994594.0608497732, 4851104.397455304 1994595.5485535203))",559900,1,4,0.8783332824707031,82.68608856201172,3.1212854385375977,1.0300000190734864,1093.0,33.495811462402344,3368.0,42,POMCA_075,2,Magdalena Cauca,21,Alto Magdalena,2119,Río Sumapaz,304832.0,1.173811458442406e-06,-0.4834711282198113,-0.29167090675238827,-0.09554973287290185,-0.11898191967335561,-0.4759085232860339,-0.2851640940329986
"POLYGON ((4875153.028609989 1994559.8830739746, 4875151.784126874 1993638.9471329225, 4876076.702944067 1993637.7032108316, 4876077.938202894 1994558.6365386224, 4875153.028609989 1994559.8830739746))",559926,1,3,0.6416666507720947,77.39273834228516,4.339738845825195,1.009999942779541,1591.0,60.96055221557617,3893.0,369,POMCA_224,3,Orinoco,32,Guaviare,3206,Río Ariari,273081.0,1.1740023253867751e-06,-0.4834711282198113,-0.045586753224524254,-0.11356820101743226,-0.13669749135601,-0.47569290962538213,-0.4756981310451334
"POLYGON ((4846477.897277867 1993682.0996447061, 4846476.36999869 1992761.073221637, 4847401.388772312 1992759.5455599348, 4847402.906842096 1993680.5687667762, 4846477.897277867 1993682.0996447061))",560913,1,4,0.9350000381469726,83.16667175292969,2.992414283752441,1.0,1304.0,34.45210266113281,3187.0,42,POMCA_075,2,Magdalena Cauca,21,Alto Magdalena,2119,Río Sumapaz,304832.0,1.1737594354525136e-06,-0.4834711282198113,-0.11000320208349762,-0.09554973287290185,0.054496091205363646,-0.4759672912792339,-0.10460445882524605
"POLYGON ((4847402.906842096 1993680.5687667762, 4847401.388772312 1992759.5455599348, 4848326.404325463 1992758.0271377086, 4848327.913186016 1993679.0471477744, 4847402.906842096 1993680.5687667762))",560914,1,1,0.9020833015441896,82.75577545166016,3.048533821105957,1.0100000381469727,1267.0,35.59098052978516,3382.0,42,POMCA_075,2,Magdalena Cauca,21,Alto Magdalena,2119,Río Sumapaz,304832.0,1.1737676469302667e-06,-0.4834711282198113,-0.14070120465539793,-0.14960513730649305,0.04875010841987083,-0.4759580151482435,-0.13512623887605446
"POLYGON ((4851102.913091272 1993674.537842721, 4851101.431857455 1992753.527306274, 4852026.434724082 1992752.0458403449, 4852027.906749304 1993673.0532578204, 4851102.913091272 1993674.537842721))",560918,1,2,0.8512499809265137,82.28155517578125,3.3986976623535154,1.0299999237060546,1116.0,37.97142028808594,3372.0,42,POMCA_075,2,Magdalena Cauca,21,Alto Magdalena,2119,Río Sumapaz,304832.0,1.1737999955518667e-06,-0.4834711282198113,-0.24066520196139912,-0.13158666916196265,-0.11238126085015529,-0.475921472389395,-0.2344625670171734
"POLYGON ((4873301.938569815 1993641.462740723, 4873300.678300987 1992720.5216919621, 4875150.542268118 1992718.0113692216, 4875151.784126874 1993638.9471329225, 4873301.938569815 1993641.462740723))",560942,2,2,0.7391666412353516,78.38284301757812,4.305562973022461,1.0100000381469727,1528.0,59.71304702758789,3533.0,369,POMCA_224,3,Orinoco,32,Guaviare,3206,Río Ariari,273081.0,1.173980754437829e-06,0.8499115468308588,-0.4834711282198113,-0.13158666916196265,-0.13030724188107845,-0.47571727734018676,-0.4756918544907382
"POLYGON ((4845551.347985059 1992762.6101229782, 4845549.814743336 1991841.5806374499, 4846474.845947062 1991840.046971918, 4846476.36999869 1992761.073221637, 4845551.347985059 1992762.6101229782))",561921,1,1,0.9137499809265136,83.58585357666016,3.0235809326171874,0.990000057220459,1285.0,35.64705276489258,3369.0,42,POMCA_075,2,Magdalena Cauca,21,Alto Magdalena,2119,Río Sumapaz,304832.0,1.1737397352756124e-06,-0.4834711282198113,0.09363287316461628,-0.14960513730649305,0.22828371128417407,-0.4759895456683907,0.09786725942487479
"POLYGON ((4844624.780279905 1991843.123523331, 4844623.241114429 1990922.0909552658, 4845548.284748657 1990920.5513247775, 4845549.814743336 1991841.5806374499, 4844624.780279905 1991843.123523331))",562906,3,32,0.8837499618530273,83.92256164550781,3.031089019775391,0.9899999618530272,1315.0,32.737850189208984,3364.34375,42,POMCA_075,2,Magdalena Cauca,21,Alto Magdalena,2119,Río Sumapaz,304832.0,3.5211600288906303e-06,2.1832942218815288,-0.2080105374746417,0.4089673751739494,0.34325087245346825,2.17578383640043,-0.20209740868150422
"POLYGON ((4845549.814743336 1991841.5806374499, 4845548.284748657 1990920.5513247775, 4846473.325123014 1990919.0208951843, 4846474.845947062 1991840.046971918, 4845549.814743336 1991841.5806374499))",562907,1,1,0.8524999618530273,84.00672912597656,2.965712356567382,0.9899999618530272,1250.0,35.37175750732422,3424.0,42,POMCA_075,2,Magdalena Cauca,21,Alto Magdalena,2119,Río Sumapaz,304832.0,1.173728320734578e-06,-0.4834711282198113,0.18179775973745269,-0.14960513730649305,0.2828294638922605,-0.47600244015352644,0.18553184953282367
"POLYGON ((4846474.845947062 1991840.046971918, 4846473.325123014 1990919.0208951843, 4847398.362257037 1990917.499666323, 4847399.873910615 1991838.522526572, 4846474.845947062 1991840.046971918))",562908,1,1,0.8166666984558105,83.5,3.025146484375,1.0,1310.0,34.455894470214844,3540.0,42,POMCA_075,2,Magdalena Cauca,21,Alto Magdalena,2119,Río Sumapaz,304832.0,1.1737365821146197e-06,-0.4834711282198113,-0.03562187665373359,-0.14960513730649305,0.19903956502151995,-0.4759931076502022,-0.030660682736266445
"POLYGON ((4850174.938555635 1991834.00451003, 4850173.454412504 1990912.9911825159, 4851098.4787805835 1990911.506754972, 4851099.953753882 1991832.516943813, 4850174.938555635 1991834.00451003))",562912,2,4,0.8804166793823243,82.61217498779297,3.2505825042724608,1.040000057220459,1117.0,33.74702835083008,3397.0,42,POMCA_075,2,Magdalena Cauca,21,Alto Magdalena,2119,Río Sumapaz,304832.0,2.347538260659093e-06,0.8499115468308588,-0.48347112821981125,-0.09554973287290185,-0.12794456444548896,0.8499969826026426,-0.47596561267324117
"POLYGON ((4877924.106830163 1991793.3873430348, 4877922.897717608 1990872.459715311, 4878847.836303794 1990871.2512213388, 4878849.0362508055 1991792.176293819, 4877924.106830163 1991793.3873430348))",562941,1,2,0.8100000381469726,77.0,4.295875167846679,1.0,1612.0,51.48206329345703,3105.0,369,POMCA_224,3,Orinoco,32,Guaviare,3206,Río Ariari,273081.0,1.1739878758902666e-06,-0.4834711282198113,0.13315377261661082,-0.13158666916196265,-0.12190086975592707,-0.4757092325609594,-0.47570417851315616
"POLYGON ((4844623.241114429 1990922.0909552658, 4844621.7052154895 1990001.0585595625, 4845546.758001049 1989999.5221845966, 4845548.284748657 1990920.5513247775, 4844623.241114429 1990922.0909552658))",563898,2,57,0.8483333587646484,84.16666412353516,2.9720924377441404,1.0,1243.0,32.06839370727539,3416.842105263158,42,POMCA_075,2,Magdalena Cauca,21,Alto Magdalena,2119,Río Sumapaz,304832.0,2.3474172388608195e-06,0.8499115468308588,0.0721602793664202,0.8594290787872094,0.4688120377293011,0.8498602698102273,0.0764984011926685
"POLYGON ((4844621.7052154895 1990001.0585595625, 4844620.172583116 1989080.026335856, 4845545.234500545 1989078.493216542, 4845546.758001049 1989999.5221845966, 4844621.7052154895 1990001.0585595625))",564888,1,91,0.8141666412353515,84.32343292236328,3.0956960678100587,1.0100000381469727,1190.0,33.37499237060547,3507.4065934065934,42,POMCA_075,2,Magdalena Cauca,21,Alto Magdalena,2119,Río Sumapaz,304832.0,1.1736972536563486e-06,-0.4834711282198113,0.11451603577853665,1.472056995701243,0.41566366513607256,-0.476037535211421,0.11860070355614563
"POLYGON ((4850171.973419137 1989991.9780281303, 4850170.495575565 1989070.9650465068, 4851095.538224925 1989069.4868966837, 4851097.006937589 1989990.4967393845, 4850171.973419137 1989991.9780281303))",564894,1,2,0.9083333015441896,82.70440673828125,3.43334846496582,1.0600000381469727,1061.0,30.15787696838379,3402.0,42,POMCA_075,2,Magdalena Cauca,21,Alto Magdalena,2119,Río Sumapaz,304832.0,1.17374637537161e-06,-0.4834711282198113,-0.2922893382465267,-0.13158666916196265,-0.1313330952143942,-0.4759820446555262,-0.2858711382978767
"POLYGON ((4681740.417719831 1989492.752944503, 4681737.281147309 1988570.8444209648, 4682663.230787938 1988567.7020454835, 4682666.358204357 1989489.603881692, 4681740.417719831 1989492.752944503))",565729,1,1,0.6929166793823243,90.46392059326172,1.711701774597168,0.9699999809265136,1319.0,36.15205001831055,3783.0,29,POMCA_143,2,Magdalena Cauca,26,Cauca,2610,Ríos Tulua y Morales,107835.0,1.1714493403684788e-06,-0.4834711282198113,0.0,-0.14960513730649305,0.0,-0.4785769000785417,0.0
"POLYGON ((4843695.107385946 1989081.5686173178, 4843693.568907601 1988160.5332900055, 4844618.643217339 1988158.9942837816, 4844620.172583116 1989080.026335856, 4843695.107385946 1989081.5686173178))",565889,1,97,0.775,84.48844909667969,3.082206916809082,1.0100000381469727,1206.0,31.51449584960937,3586.896907216495,42,POMCA_075,2,Magdalena Cauca,21,Alto Magdalena,2119,Río Sumapaz,304832.0,1.173677551209988e-06,-0.4834711282198113,-0.051904652927379884,1.5801678045684255,0.38181319370068767,-0.47605979216428235,-0.04690413028630012
"POLYGON ((4851095.538224925 1989069.4868966837, 4851094.072642625 1988148.4772265032, 4852019.121260323 1988147.0113572984, 4852020.57773133 1989068.0179078858, 4851095.538224925 1989069.4868966837))",565897,1,2,0.8179166793823243,82.15408325195312,3.564078140258789,1.0600000381469727,1046.0,32.4999885559082,3514.0,42,POMCA_075,2,Magdalena Cauca,21,Alto Magdalena,2119,Río Sumapaz,304832.0,1.1737430475047629e-06,-0.4834711282198113,-0.3295708193144199,-0.13158666916196265,-0.13276566145045693,-0.47598580399455387,-0.32295645801084844
"POLYGON ((4850169.020881815 1988149.952237279, 4850167.549337918 1987228.9396000814, 4851092.610190716 1987227.4677284774, 4851094.072642625 1988148.4772265032, 4850169.020881815 1988149.952237279))",566870,1,2,0.8420833587646485,83.09969329833984,3.2645362854003905,1.0699999809265135,1032.0,33.514801025390625,3487.0,42,POMCA_075,2,Magdalena Cauca,21,Alto Magdalena,2119,Río Sumapaz,304832.0,1.1737237181084684e-06,-0.4834711282198113,-0.38010636817510457,-0.13158666916196265,-0.1386790050772974,-0.47600763952981123,-0.37322870703984923
"POLYGON ((4840916.763631002 1987244.1600674414, 4840915.204502961 1986323.1151387969, 4841840.306937389 1986321.555371129, 4841841.856991297 1987242.5969658995, 4840916.763631002 1987244.1600674414))",567872,1,1,0.8958333015441895,83.16498565673828,2.914176368713379,0.9899999618530272,1413.0,38.76699447631836,3280.0,42,POMCA_075,2,Magdalena Cauca,21,Alto Magdalena,2119,Río Sumapaz,304832.0,1.1736295594441051e-06,-0.4834711282198113,-0.48347112821981125,-0.14960513730649305,0.20189049464419004,-0.47611400626802547,-0.4761139566040324
"POLYGON ((4845542.197240967 1987236.4357953526, 4845540.683481955 1986315.4073414884, 4846465.769417533 1986313.8930935173, 4846467.274103227 1987234.9183108008, 4845542.197240967 1987236.4357953526))",567877,1,1,0.8920833587646484,82.793212890625,3.2505821228027343,1.079999923706055,1142.0,37.68581771850586,3371.0,42,POMCA_075,2,Magdalena Cauca,21,Alto Magdalena,2119,Río Sumapaz,304832.0,1.17367161441066e-06,-0.4834711282198113,-0.2747355403506926,-0.14960513730649305,0.21749676532097473,-0.4760664986950538,-0.26849960373229076
"POLYGON ((4849242.485322311 1987230.4205939572, 4849241.007855613 1986309.4049696713, 4850166.080943903 1986307.9271345474, 4850167.549337918 1987228.9396000814, 4849242.485322311 1987230.4205939572))",567881,1,1,0.8754166603088379,82.64525604248047,3.3808177947998046,1.0899999618530274,1088.0,31.149864196777344,3411.0,42,POMCA_075,2,Magdalena Cauca,21,Alto Magdalena,2119,Río Sumapaz,304832.0,1.1737043632339536e-06,-0.4834711282198113,-0.4125624145601094,-0.14960513730649305,-0.13813131444211196,-0.47602950384664927,-0.40552229511763466
"POLYGON ((4841840.306937389 1986321.555371129, 4841838.760208563 1985400.5139465076, 4842763.868358637 1985398.966597653, 4842765.406032959 1986320.004707729, 4841840.306937389 1986321.555371129))",568850,1,1,0.7837500095367431,83.91666412353516,3.0460479736328123,1.0,1398.0,37.94724655151367,3604.0,42,POMCA_075,2,Magdalena Cauca,21,Alto Magdalena,2119,Río Sumapaz,304832.0,1.1736268015519495e-06,-0.4834711282198113,-0.3999923667831762,-0.14960513730649305,0.11399258791550163,-0.4761171217327033,-0.39311968180721024
"POLYGON ((4848315.931584818 1986310.8919077686, 4848314.448234116 1985389.8732763215, 4849239.533558288 1985388.389516558, 4849241.007855613 1986309.4049696713, 4848315.931584818 1986310.8919077686))",568857,1,1,0.9037500381469726,83.25687408447266,3.205995559692383,1.090000057220459,1127.0,37.1143684387207,3330.0,42,POMCA_075,2,Magdalena Cauca,21,Alto Magdalena,2119,Río Sumapaz,304832.0,1.173684982885541e-06,-0.4834711282198113,-0.4834711282198113,-0.14960513730649305,-0.1431301818049589,-0.476051396940185,-0.4760532177497231
"POLYGON ((4841838.760208563 1985400.5139465076, 4841837.216804849 1984479.4726916712, 4842762.333989963 1984477.9286574926, 4842763.868358637 1985398.966597653, 4841838.760208563 1985400.5139465076))",569848,1,1,0.7829166412353515,83.7458724975586,3.107603454589844,1.009999942779541,1351.0,37.45714569091797,3477.0,42,POMCA_075,2,Magdalena Cauca,21,Alto Magdalena,2119,Río Sumapaz,304832.0,1.1736155576309172e-06,-0.4834711282198113,-0.3968061401633738,-0.14960513730649305,-0.03661482127906858,-0.4761298234762235,-0.3899693731921445
"POLYGON ((4849239.533558288 1985388.389516558, 4849238.062430366 1984467.374234252, 4850163.153605635 1984465.9027170055, 4850164.615699799 1985386.9148403108, 4849239.533558288 1985388.389516558))",569856,1,1,0.8495833396911621,83.41049194335938,3.4997291564941406,1.0800000190734864,1106.0,32.62633514404297,3425.0,42,POMCA_075,2,Magdalena Cauca,21,Alto Magdalena,2119,Río Sumapaz,304832.0,1.1736818523289714e-06,-0.4834711282198113,-0.48347112821981136,-0.14960513730649305,-0.1421163640816167,-0.4760549333868132,-0.4760596787609287
"POLYGON ((4847387.870511822 1984470.3444610757, 4847386.38452427 1983549.3229725838, 4848311.491099335 1983547.8365251075, 4848312.968072278 1984468.8548155562, 4847387.870511822 1984470.3444610757))",570834,1,1,0.8925000190734863,83.18042755126953,3.387812042236328,1.0899999618530274,1135.0,33.51861572265625,3369.0,42,POMCA_075,2,Magdalena Cauca,21,Alto Magdalena,2119,Río Sumapaz,304832.0,1.1736543580585318e-06,-0.4834711282198113,-0.4834711282198113,-0.14960513730649305,-0.14141151229609247,-0.4760859924070958,-0.47608557026781273
"POLYGON ((4674313.493886368 1983986.5025511, 4674310.325189059 1983064.5406269454, 4675236.383734548 1983061.3658171818, 4675239.5433904175 1983983.3208959703, 4674313.493886368 1983986.5025511))",571640,1,1,1.0408332824707032,92.51700592041016,1.3455877304077148,0.9799999237060548,1494.0,32.66048812866211,2978.0,29,POMCA_143,2,Magdalena Cauca,26,Cauca,2610,Ríos Tulua y Morales,107835.0,1.1712434836584743e-06,-0.4834711282198113,0.0,-0.14960513730649305,0.0,-0.47880944699210254,0.0
"POLYGON ((4839060.278009898 1983563.108040346, 4839058.714267187 1982642.0570624056, 4839983.859541185 1982640.492578206, 4839985.414287293 1983561.540182822, 4839060.278009898 1983563.108040346))",571812,1,1,0.8229166984558105,84.28819274902344,2.911250114440918,0.9600000381469728,1316.0,41.75927734375,3372.0,42,POMCA_075,2,Magdalena Cauca,21,Alto Magdalena,2119,Río Sumapaz,304832.0,1.1735674614633625e-06,-0.4834711282198113,-0.3834050312316856,-0.14960513730649305,-0.13559164849715694,-0.47618415551776205,-0.3766789678115879
"POLYGON ((4839985.414287293 1983561.540182822, 4839983.859541185 1982640.492578206, 4840909.001436567 1982638.9371207594, 4840910.547186238 1983559.9813715145, 4839985.414287293 1983561.540182822))",571813,1,2,0.8037500381469727,84.43878173828125,3.008510780334473,0.9799999237060548,1325.0,37.7845458984375,3516.5,42,POMCA_075,2,Magdalena Cauca,21,Alto Magdalena,2119,Río Sumapaz,304832.0,1.1735760717195047e-06,-0.4834711282198113,-0.36678656358839595,-0.13158666916196265,-0.1403799769500773,-0.4761744289050575,-0.36015647233502884
"POLYGON ((4846461.274727137 1983550.8184649746, 4846459.782952666 1982629.7939286795, 4847384.901745104 1982628.3016539174, 4847386.38452427 1983549.3229725838, 4846461.274727137 1983550.8184649746))",571820,1,2,0.9166666984558104,82.7272720336914,3.379977798461914,1.1,1243.0,36.417964935302734,3301.0,42,POMCA_075,2,Magdalena Cauca,21,Alto Magdalena,2119,Río Sumapaz,304832.0,1.1736349510789978e-06,-0.4834711282198113,-0.41683815079852365,-0.13158666916196265,-0.14016838623486833,-0.47610791558459176,-0.4098588129405652
"POLYGON ((4845534.660918452 1982631.2952290548, 4845533.163395862 1981710.2676248776, 4846458.294406077 1981708.7695617185, 4846459.782952666 1982629.7939286795, 4845534.660918452 1982631.2952290548))",572801,1,1,0.9162500381469728,82.80303192138672,3.4780162811279296,1.1,1207.0,38.48828506469727,3295.0,42,POMCA_075,2,Magdalena Cauca,21,Alto Magdalena,2119,Río Sumapaz,304832.0,1.1736155186089066e-06,-0.4834711282198113,-0.38852172201824586,-0.14960513730649305,-0.1357241877195408,-0.4761298675576048,-0.38172651703975213
"POLYGON ((4847384.901745104 1982628.3016539174, 4847383.422174356 1981707.2805047107, 4848308.546720251 1981705.8004536962, 4848310.017315317 1982626.8184046093, 4847384.901745104 1982628.3016539174))",572803,1,2,0.84375,82.645263671875,3.4451873779296878,1.0899999618530274,1135.0,34.87742614746094,3464.0,42,POMCA_075,2,Magdalena Cauca,21,Alto Magdalena,2119,Río Sumapaz,304832.0,1.1736319933255086e-06,-0.4834711282198113,-0.41815300486917706,-0.13158666916196265,-0.13890657705318246,-0.4761112568234806,-0.41116733297058067
"POLYGON ((4839057.153908079 1981721.0062527657, 4839055.596932603 1980799.9556110639, 4839980.760141408 1980798.397873908, 4839982.308159213 1981719.445142022, 4839057.153908079 1981721.0062527657))",573770,1,1,0.6866666793823242,83.50515747070312,3.1646732330322265,0.9699999809265136,1094.0,29.56144142150879,3655.0,42,POMCA_075,2,Magdalena Cauca,21,Alto Magdalena,2119,Río Sumapaz,304832.0,1.1735451440252455e-06,-0.4834711282198113,-0.3529108500091561,-0.14960513730649305,-0.13590420769660422,-0.4762093665072536,-0.3463746591937753
"POLYGON ((4842757.750718128 1981714.8158528658, 4842756.229572347 1980793.7785887278, 4843681.379382672 1980792.2568018835, 4843682.891571436 1981713.2907702902, 4842757.750718128 1981714.8158528658))",573774,2,6,0.778749990463257,83.73015594482422,3.445188522338867,1.05,1264.0,37.21212005615234,3487.0,42,POMCA_075,2,Magdalena Cauca,21,Alto Magdalena,2119,Río Sumapaz,304832.0,2.3471585747422783e-06,0.8499115468308588,-0.4834711282198113,-0.05951279658384105,-0.142320706810588,0.8495680687815877,-0.4761722754407668
"POLYGON ((4839980.760141408 1980798.397873908, 4839979.2154878015 1979877.3507735, 4840904.384255699 1979875.8053784221, 4840905.919971267 1980796.8491245767, 4839980.760141408 1980798.397873908))",574717,1,1,0.6254166603088379,83.9285659790039,3.151177978515625,0.9800000190734864,1024.0,36.74616622924805,3781.0,42,POMCA_075,2,Magdalena Cauca,21,Alto Magdalena,2119,Río Sumapaz,304832.0,1.1735426324452134e-06,-0.4834711282198113,-0.34717827631504816,-0.14960513730649305,-0.13650654807263704,-0.47621220372438694,-0.3406771666897648
"POLYGON ((4842756.229572347 1980793.7785887278, 4842754.711732367 1979872.7414926856, 4843679.870480242 1979871.2230017006, 4843681.379382672 1980792.2568018835, 4842756.229572347 1980793.7785887278))",574720,1,2,0.8,83.49057006835938,3.343922424316406,1.059999942779541,1224.0,39.96159362792969,3430.0,42,POMCA_075,2,Magdalena Cauca,21,Alto Magdalena,2119,Río Sumapaz,304832.0,1.1735681656199209e-06,-0.4834711282198113,-0.2040880979039773,-0.13158666916196265,-0.12763719336165735,-0.47618336006429196,-0.1983943473898927
"POLYGON ((4847381.945812054 1980786.259524599, 4847380.472658228 1979865.238713216, 4848305.6150971 1979863.765059162, 4848307.0793141695 1980784.7826720022, 4847381.945812054 1980786.259524599))",574725,1,2,0.775,83.02180480957031,3.5032459259033204,1.0699999809265135,1105.0,34.15875244140625,3534.0,42,POMCA_075,2,Magdalena Cauca,21,Alto Magdalena,2119,Río Sumapaz,304832.0,1.1736097262506428e-06,-0.4834711282198113,-0.40612989684779527,-0.13158666916196265,-0.13894599790557946,-0.47613641091990994,-0.3992435387804681
"POLYGON ((4844605.025927217 1979869.713478421, 4844603.529229076 1978948.6831226198, 4845528.690312461 1978947.185823944, 4845530.178092837 1979868.2129226872, 4844605.025927217 1979869.713478421))",575700,1,1,0.8683333396911621,82.2727279663086,3.632764053344727,1.1,1116.0,34.38236999511719,3375.0,42,POMCA_075,2,Magdalena Cauca,21,Alto Magdalena,2119,Río Sumapaz,304832.0,1.173573841905368e-06,-0.4834711282198113,-0.3622529621985024,-0.14960513730649305,-0.1357536071133849,-0.476176947824141,-0.3556497417928691
"POLYGON ((4849230.75433282 1979862.300372019, 4849229.302221929 1978941.28610687, 4850154.4471910335 1978939.8335462234, 4850155.890384944 1979860.8446516315, 4849230.75433282 1979862.300372019))",575705,1,1,0.6487499713897705,81.52516174316406,3.7302513122558594,1.059999942779541,1099.0,37.11852645874024,3813.0,42,POMCA_075,2,Magdalena Cauca,21,Alto Magdalena,2119,Río Sumapaz,304832.0,1.1736149056017092e-06,-0.4834711282198113,-0.4834711282198113,-0.14960513730649305,-0.13857353679524684,-0.47613056004380916,-0.47612628911567145
"POLYGON ((4842753.197198217 1978951.7045643744, 4842751.685969926 1978030.6678034302, 4843676.862534505 1978029.1559045473, 4843678.364864176 1978950.1893693765, 4842753.197198217 1978951.7045643744))",576643,1,1,0.8362500190734863,82.94392395019531,3.568326187133789,1.0700000762939452,1128.0,33.498291015625,3466.0,42,POMCA_075,2,Magdalena Cauca,21,Alto Magdalena,2119,Río Sumapaz,304832.0,1.1735459953548098e-06,-0.4834711282198113,-0.36774350132238803,-0.14960513730649305,-0.13857213208655794,-0.4762084047991675,-0.3611248853073119
"POLYGON ((4843678.364864176 1978950.1893693765, 4843676.862534505 1978029.1559045473, 4844602.035797863 1978027.6529344402, 4844603.529229076 1978948.6831226198, 4843678.364864176 1978950.1893693765))",576644,1,1,0.8316666603088378,82.72171783447266,3.556896591186524,1.0899999618530274,1123.0,30.69046974182129,3452.0,42,POMCA_075,2,Magdalena Cauca,21,Alto Magdalena,2119,Río Sumapaz,304832.0,1.1735544071145133e-06,-0.4834711282198113,-0.3814953685729499,-0.14960513730649305,-0.13979562740431345,-0.4761989024188145,-0.3747990812369882
"POLYGON ((4843676.862534505 1978029.1559045473, 4843675.363491259 1977108.1226068486, 4844600.54563361 1977106.6229135175, 4844602.035797863 1978027.6529344402, 4843676.862534505 1978029.1559045473))",577613,1,1,0.7775000095367431,83.17900848388672,3.6275463104248047,1.0800000190734864,1091.0,32.484458923339844,3575.0,42,POMCA_075,2,Magdalena Cauca,21,Alto Magdalena,2119,Río Sumapaz,304832.0,1.1735433586829241e-06,-0.4834711282198113,-0.38536027602484374,-0.14960513730649305,-0.14015733268814848,-0.47621138332684854,-0.37863911893779734
"POLYGON ((4655748.052287847 1972064.7169555288, 4655744.796914182 1971142.6156466175, 4656671.112756358 1971139.3534339531, 4656674.359336151 1972061.4475025232, 4655748.052287847 1972064.7169555288))",584196,1,2,0.8925000190734863,93.0851058959961,1.6445505142211914,0.9399999618530274,1668.0,31.569929122924805,3600.0,5,POMCA_142,2,Magdalena Cauca,26,Cauca,2609,Ríos Amaime y Cerrito,112446.0,1.1707404886381379e-06,-0.4834711282198113,-0.4834711282198113,-0.13158666916196265,-0.11356820101743226,-0.4793776574697359,-0.47946503765904835
"POLYGON ((4652962.531158216 1970230.3322079312, 4652959.264015448 1969308.2093056445, 4653885.6192980595 1969304.9352176327, 4653888.877685072 1970227.050820267, 4652962.531158216 1970230.3322079312))",586188,1,3,0.8037500381469727,92.2042999267578,1.5244222640991214,0.9300000190734864,1584.0,33.8140754699707,3759.0,4,POMCA_170,2,Magdalena Cauca,26,Cauca,2632,"Ríos Guabas,Sabaletas y Sonso",55657.0,1.1706631373716085e-06,-0.4834711282198113,-0.4834711282198113,-0.11356820101743226,-0.13158666916196265,-0.47946503765904835,-0.4793776574697359
"POLYGON ((4826058.903617539 1955953.0714601972, 4826057.323603966 1955031.976046995, 4826982.779147129 1955030.3946106061, 4826984.350745905 1955951.4863738194, 4826058.903617539 1955953.0714601972))",601546,1,1,0.7929166793823242,82.01754760742188,3.2922664642333985,0.95,1189.0,27.11830711364746,3426.0,25,POMCA_071,2,Magdalena Cauca,21,Alto Magdalena,2114,Río Cabrera,280622.0,1.1731171480118767e-06,-0.4834711282198113,0.0,-0.14960513730649305,0.0,-0.47669285403565664,0.0
"POLYGON ((4657524.942167301 1949928.1362390264, 4657521.87742365 1949006.0522935095, 4658448.383920412 1949002.980637781, 4658451.44034081 1949925.0573757065, 4657524.942167301 1949928.1362390264))",608712,1,16,0.8183333396911621,91.93548583984376,1.6143291473388672,0.9300000190734864,1491.0,29.89120864868164,3563.6875,5,POMCA_142,2,Magdalena Cauca,26,Cauca,2609,Ríos Amaime y Cerrito,112446.0,1.1705229519761576e-06,-0.4834711282198113,0.0,0.12067188486146295,0.0,-0.4796233986910385,0.0
"POLYGON ((4658391.678352683 1931483.5446733367, 4658388.765770185 1930561.4702377608, 4659315.427380587 1930558.5507486595, 4659318.332031827 1931480.617991178, 4658391.678352683 1931483.5446733367))",629799,1,1,0.7066666603088378,90.27777862548828,1.9578903198242188,0.959999942779541,1376.0,31.085325241088867,3541.0,3,POMCA_140,2,Magdalena Cauca,26,Cauca,2607,Río Guachal (Bolo - Fraile y Párraga),118608.0,1.17034007956278e-06,-0.4834711282198113,0.0,-0.14960513730649305,0.0,-0.4798299812955377,0.0
"POLYGON ((4641502.442184027 1862372.3258756113, 4641499.9528353335 1861450.1259476703, 4642427.287167372 1861447.629771129, 4642429.770049447 1862369.8221351865, 4641502.442184027 1862372.3258756113))",709017,1,8,0.8479166984558105,90.60457611083984,2.8401205062866213,1.0199999809265137,1657.0,29.111297607421875,3521.0,13,POMCA_060,2,Magdalena Cauca,21,Alto Magdalena,2105,Río Páez,520347.0,1.169334373733313e-06,-0.4834711282198113,0.0,-0.02347586029478025,0.0,-0.48096608119039924,0.0
"POLYGON ((4641458.78900698 1845772.7403791563, 4641456.435555139 1844850.5419897605, 4642383.882932765 1844848.1819986142, 4642386.2302709995 1845770.3728204232, 4641458.78900698 1845772.7403791563))",728913,1,1,0.8512499809265137,88.22116088867188,3.24124755859375,1.0399999618530271,1600.0,27.0838565826416,3279.0,13,POMCA_060,2,Magdalena Cauca,21,Alto Magdalena,2105,Río Páez,520347.0,1.1691944771589279e-06,-0.4834711282198113,-0.4834711282198113,-0.14960513730649305,-0.14960513730649305,-0.4811241159544363,-0.48119805094152035
"POLYGON ((4638674.047618929 1844857.6587963803, 4638671.683433882 1843935.4376684632, 4639599.15982772 1843933.0668873147, 4639601.517918018 1844855.2803883895, 4638674.047618929 1844857.6587963803))",730070,1,1,0.8274999618530273,87.2274169921875,3.3810962677001952,1.0700000762939452,1623.0,31.19383811950684,3400.0,96,POMCA_165,2,Magdalena Cauca,26,Cauca,2627,Río Piendamo,60147.0,1.1691290279428437e-06,-0.4834711282198113,-0.4834711282198113,-0.14960513730649305,-0.14960513730649305,-0.48119805094152035,-0.4811241159544363
"POLYGON ((4650712.495805071 1837450.2325189223, 4650710.269667445 1836528.1096742356, 4651637.696044647 1836525.8774020255, 4651639.916247603 1837447.9928741932, 4650712.495805071 1837450.2325189223))",739321,1,1,1.193333339691162,90.952392578125,2.8311029434204102,1.0499999046325683,1668.0,29.05276298522949,2933.0,13,POMCA_060,2,Magdalena Cauca,21,Alto Magdalena,2105,Río Páez,520347.0,1.1693173032123746e-06,-0.4834711282198113,0.0,-0.14960513730649305,0.0,-0.4809853649774423,0.0
"POLYGON ((4640485.5871433625 1827331.0099824765, 4640483.378984575 1826408.8056103392, 4641410.952141007 1826406.591267098, 4641413.154578236 1827328.788048083, 4640485.5871433625 1827331.0099824765))",752136,1,1,0.9679166793823242,88.1289291381836,3.3605880737304688,1.0600000381469727,1652.0,27.56096839904785,3104.0,13,POMCA_060,2,Magdalena Cauca,21,Alto Magdalena,2105,Río Páez,520347.0,1.1690290265411048e-06,-0.4834711282198113,0.0,-0.14960513730649305,0.0,-0.481311017953019,0.0
"POLYGON ((4620995.60890004 1823689.529746187, 4620993.312464979 1822767.1617011183, 4621921.073045891 1822764.8586806406, 4621923.363832826 1823687.2187200042, 4620995.60890004 1823689.529746187))",756819,1,1,0.9399999618530274,90.17857360839844,2.9076696395874024,1.1199999809265138,1595.0,23.085041046142575,3228.0,7,POMCA_134,2,Magdalena Cauca,26,Cauca,2601,Alto Río Cauca,85431.0,1.168585132190764e-06,-0.4834711282198113,-0.4834711282198113,-0.14960513730649305,-0.13011751512140934,-0.48181246510583003,-0.48177092511167624
"POLYGON ((4623772.034889302 1820915.5816974281, 4623769.779170761 1819993.2378284798, 4624697.532507352 1819990.975661646, 4624699.782637398 1820913.3115834487, 4623772.034889302 1820915.5816974281))",760331,1,3,0.8679166793823242,89.06727600097656,3.229539489746094,1.0899999618530274,1615.0,18.22019386291504,3335.0,7,POMCA_134,2,Magdalena Cauca,26,Cauca,2601,Alto Río Cauca,85431.0,1.1686250670154832e-06,-0.4834711282198113,-0.4834711282198113,-0.11356820101743226,-0.14111730582398826,-0.48176735256015774,-0.5514903383767082
"POLYGON ((4627482.978058613 1820906.5350266192, 4627478.519172462 1819061.910702316, 4628406.246260035 1819059.6788477264, 4628410.693990748 1820904.2874352376, 4627482.978058613 1820906.5350266192))",761239,1,2,0.8162500381469726,88.39564514160156,3.438584899902344,1.0699999809265135,1761.0,30.117825508117676,3403.0,13,POMCA_060,2,Magdalena Cauca,21,Alto Magdalena,2105,Río Páez,520347.0,5.843509627963584e-07,-0.4834711282198113,-0.48347112821981125,-0.13158666916196265,-0.13355466109057423,-1.1417950951909275,-0.4817100330499594
"POLYGON ((4616347.462675405 1820011.5371992332, 4616345.17032161 1819089.1291140285, 4617272.993814693 1819086.8301530702, 4617275.280597678 1820009.230133204, 4616347.462675405 1820011.5371992332))",761522,1,1,1.0570833206176755,91.52173614501952,2.5624774932861327,1.15,1507.0,23.035659790039062,3024.0,7,POMCA_134,2,Magdalena Cauca,26,Cauca,2601,Alto Río Cauca,85431.0,1.1684552119370467e-06,-0.4834711282198113,0.0,-0.14960513730649305,0.0,-0.48195923007652425,0.0
"POLYGON ((4623769.779170761 1819993.2378284798, 4623767.531376604 1819070.8940317386, 4624695.2902820585 1819068.6398122422, 4624697.532507352 1819990.975661646, 4623769.779170761 1819993.2378284798))",761530,1,1,0.8162500381469726,89.12036895751953,3.184657096862793,1.079999923706055,1728.0,18.85490608215332,3380.0,7,POMCA_134,2,Magdalena Cauca,26,Cauca,2601,Alto Río Cauca,85431.0,1.1686181804796566e-06,-0.4834711282198113,-0.4834711282198113,-0.14960513730649305,-0.12561507896280696,-0.48177513196482996,-0.5491690676852569
"POLYGON ((4625625.277859973 1819988.7191061133, 4625623.041203302 1819066.3911843337, 4626550.7841601595 1819064.1481477718, 4626553.015248448 1819986.4681616393, 4625625.277859973 1819988.7191061133))",761532,1,2,0.8133333206176758,88.2716064453125,3.4597244262695312,1.079999923706055,1745.0,22.894886016845703,3412.0,7,POMCA_134,2,Magdalena Cauca,26,Cauca,2601,Alto Río Cauca,85431.0,1.1686584274747533e-06,-0.4834711282198113,-0.4834711282198113,-0.13158666916196265,-0.1320696441771937,-0.4817296667745545,-0.6460206841065864
"POLYGON ((4628406.246260035 1819059.6788477264, 4628404.034134073 1818137.374663454, 4629331.758864779 1818135.1562484608, 4629333.965442703 1819057.4525837635, 4628406.246260035 1819059.6788477264))",762735,1,2,0.8154167175292969,87.92835235595703,3.744440841674805,1.0699999809265135,1814.0,32.12870407104492,3384.5,13,POMCA_060,2,Magdalena Cauca,21,Alto Magdalena,2105,Río Páez,520347.0,1.1687115649631736e-06,-0.4834711282198113,-0.4834711282198113,-0.13158666916196265,-0.13497323056846158,-0.48166963978332233,-0.7214939713289349
"POLYGON ((4621907.495559663 1817230.6999598085, 4621905.2605182845 1816308.3404232056, 4622833.052041887 1816306.0989812515, 4622835.281572822 1817228.4505305153, 4621907.495559663 1817230.6999598085))",765141,1,2,0.5729166507720947,88.80952453613281,3.4142635345458983,1.05,1817.0,28.049320220947266,3840.5,7,POMCA_134,2,Magdalena Cauca,26,Cauca,2601,Alto Río Cauca,85431.0,1.1685572209599883e-06,-0.4834711282198113,-0.4834711282198113,-0.13158666916196265,-0.13296500792878324,-0.481843995147141,-0.4817596961569641
"POLYGON ((4631184.99697496 1817208.4555069897, 4631182.81702733 1816286.1749566556, 4632110.52919735 1816283.9888332342, 4632112.7036369 1817206.2615933516, 4631184.99697496 1817208.4555069897))",765151,1,1,0.8833333015441894,87.2274169921875,3.576014328002929,1.0699999809265135,1770.0,36.22677230834961,3228.0,13,POMCA_060,2,Magdalena Cauca,21,Alto Magdalena,2105,Río Páez,520347.0,1.1687574691755073e-06,-0.4834711282198113,-0.48347112821981125,-0.14960513730649305,-0.13744373968795137,-0.4816177838933812,-0.6618375740401832
"POLYGON ((4629320.843076479 1813523.6756592959, 4629318.683339393 1812601.3797571287, 4630246.4330594195 1812599.2138922864, 4630248.587366469 1813521.5019640794, 4629320.843076479 1813523.6756592959))",769927,1,1,0.6829166889190674,86.48867797851562,4.030893325805664,1.0300000190734864,2078.0,47.06468200683594,3551.0,13,POMCA_060,2,Magdalena Cauca,21,Alto Magdalena,2105,Río Páez,520347.0,1.1686908074944292e-06,-0.4834711282198113,-0.4834711282198113,-0.14960513730649305,-0.14960513730649305,-0.48169308854673526,-0.4816177838933812
"POLYGON ((4637661.862434146 1809815.4052541559, 4637659.78208073 1808893.1794059235, 4638587.483228178 1808891.0932162185, 4638589.558232098 1809813.3114107347, 4637661.862434146 1809815.4052541559))",774713,1,2,0.8545833587646484,89.23948669433594,3.744440460205078,1.0299999237060546,1966.0,40.84775161743164,3271.0,13,POMCA_060,2,Magdalena Cauca,21,Alto Magdalena,2105,Río Páez,520347.0,1.1688410769732301e-06,-0.4834711282198113,-0.4834711282198113,-0.13158666916196265,-0.14960513730649305,-0.48152333598682695,-0.4815088609106097
"POLYGON ((4638587.483228178 1808891.0932162185, 4638585.415835146 1807968.8750937444, 4639513.11462288 1807966.8019095236, 4639515.17668626 1808889.0123978108, 4638587.483228178 1808891.0932162185))",775915,1,1,0.9895833015441896,89.22956085205078,3.525609970092773,1.059999942779541,1753.0,35.790557861328125,3238.0,13,POMCA_060,2,Magdalena Cauca,21,Alto Magdalena,2105,Río Páez,520347.0,1.1688538906955089e-06,-0.4834711282198113,-0.4834711282198113,-0.14960513730649305,-0.13158666916196265,-0.4815088609106097,-0.48152333598682695
"POLYGON ((4613534.5769419605 1808026.8747114763, 4613532.37370359 1807104.4430812297, 4614460.292387027 1807102.2334908203, 4614462.490309198 1808024.6569543364, 4613534.5769419605 1808026.8747114763))",777083,1,1,1.0070833206176757,89.70588684082031,3.7505046844482415,1.1899999618530273,1662.0,18.249197006225582,3122.0,7,POMCA_134,2,Magdalena Cauca,26,Cauca,2601,Alto Río Cauca,85431.0,1.1683059517349163e-06,-0.4834711282198113,-0.4834711282198113,-0.14960513730649305,-0.14960513730649305,-0.4821278425027218,-0.4821628966496419
"POLYGON ((4620027.632866336 1807089.0880349183, 4620025.474839983 1806166.71322544, 4620953.341796445 1806164.549023854, 4620955.494527875 1807086.915804499, 4620027.632866336 1807089.0880349183))",778282,1,1,0.7900000095367432,88.43843841552734,4.0,1.1100000381469726,1749.0,23.50353240966797,3517.0,7,POMCA_134,2,Magdalena Cauca,26,Cauca,2601,Alto Río Cauca,85431.0,1.1684432269293722e-06,-0.4834711282198113,0.0,-0.14960513730649305,0.0,-0.4819727689917418,0.0
"POLYGON ((4606104.259797323 1805277.316841879, 4606102.038915566 1804354.8193620662, 4607030.0397941135 1804352.592035193, 4607032.255416714 1805275.0811898462, 4606104.259797323 1805277.316841879))",780654,1,1,1.0641666412353517,89.65516662597656,3.604500961303711,1.1600000381469726,1697.0,24.106142044067383,2946.0,7,POMCA_134,2,Magdalena Cauca,26,Cauca,2601,Alto Río Cauca,85431.0,1.1681190413265408e-06,-0.4834711282198113,-0.4834711282198113,-0.14960513730649305,-0.14960513730649305,-0.48233898664555375,-0.48223502032644927
"POLYGON ((4613527.991650002 1805259.5800203574, 4613525.812834874 1804337.148589239, 4614453.747349051 1804334.9635001402, 4614455.920906909 1805257.386763969, 4613527.991650002 1805259.5800203574))",780662,1,1,1.0375,89.4444351196289,3.828719329833985,1.2000000953674317,1658.0,23.42645835876465,3044.0,7,POMCA_134,2,Magdalena Cauca,26,Cauca,2601,Alto Río Cauca,85431.0,1.1682863822068023e-06,-0.4834711282198113,-0.4834711282198113,-0.14960513730649305,-0.14960513730649305,-0.48214994930391686,-0.4821782797564005
"POLYGON ((4612597.870094629 1804339.3389572324, 4612595.694182811 1803416.899404792, 4613523.642160916 1803414.7172240042, 4613525.812834874 1804337.148589239, 4612597.870094629 1804339.3389572324))",781873,1,1,1.0537500381469729,89.51390075683594,3.784688186645508,1.1999999046325684,1597.0,22.64698028564453,3012.0,7,POMCA_134,2,Magdalena Cauca,26,Cauca,2601,Alto Río Cauca,85431.0,1.1682591631656814e-06,-0.4834711282198113,-0.48347112821981125,-0.14960513730649305,-0.1448886025554068,-0.4821806974102215,-0.5397517166567967
"POLYGON ((4610739.7734683 1803421.2795447968, 4610737.595280211 1802498.8236238295, 4611665.56498915 1802496.639150867, 4611667.737958557 1803419.086844978, 4610739.7734683 1803421.2795447968))",783073,1,1,1.065000057220459,89.35575103759766,3.795930862426758,1.1899999618530273,1593.0,21.135400772094727,2980.0,7,POMCA_134,2,Magdalena Cauca,26,Cauca,2601,Alto Río Cauca,85431.0,1.1682110750760944e-06,-0.4834711282198113,-0.4834711282198113,-0.14960513730649305,-0.14274308346977232,-0.48223502032644927,-0.5659601806277907
"POLYGON ((4613521.479628172 1802492.2859244065, 4613519.3252366865 1801569.8546902002, 4614447.275404813 1801567.6941040773, 4614449.424597959 1802490.1171704412, 4613521.479628172 1802492.2859244065))",784298,1,1,1.055833339691162,89.16667175292969,3.970535659790039,1.2,1600.0,20.352895736694336,2999.0,7,POMCA_134,2,Magdalena Cauca,26,Cauca,2601,Alto Río Cauca,85431.0,1.1682670314794944e-06,-0.4834711282198113,-0.4834711282198113,-0.14960513730649305,-0.1403655255092422,-0.4821718089358449,-0.594977461647601
"POLYGON ((4613517.178986502 1800647.4235211385, 4613515.040877664 1799724.992416975, 4614443.001383539 1799722.8481670853, 4614445.134333326 1800645.271103041, 4613517.178986502 1800647.4235211385))",786700,1,1,1.0516666412353517,89.21569061279297,4.035824966430664,1.1899999618530273,1683.0,21.668228149414062,3007.0,7,POMCA_134,2,Magdalena Cauca,26,Cauca,2601,Alto Río Cauca,85431.0,1.1682542525405393e-06,-0.4834711282198113,-0.48347112821981136,-0.14960513730649305,-0.12628537604315093,-0.4821862447189316,-0.7668557286147022
"POLYGON ((4612587.072144566 1799727.1418470996, 4612584.937037481 1798804.7026194658, 4614440.876555499 1798800.4252959634, 4614443.001383539 1799722.8481670853, 4612587.072144566 1799727.1418470996))",787907,1,4,1.0545833587646485,88.55042457580566,3.901711082458496,1.1899999618530273,1646.0,22.594520568847656,2990.0,7,POMCA_134,2,Magdalena Cauca,26,Cauca,2601,Alto Río Cauca,85431.0,5.841187603405255e-07,-0.4834711282198113,-0.4834711282198113,-0.09554973287290185,-0.14960513730649305,-1.142057403689028,-0.48218898448275405
"POLYGON ((4620913.95690056 1788639.5927969234, 4620911.963856429 1787717.2273255286, 4621839.924516122 1787715.2286601113, 4621841.912658309 1788637.5861188695, 4620913.95690056 1788639.5927969234))",802153,1,2,1.0579166412353516,88.3027572631836,4.030893707275391,1.0899999618530274,1664.0,27.055334091186523,3003.0,81,POMCA_055,2,Magdalena Cauca,21,Alto Magdalena,2101,Alto Magdalena,178802.0,1.1683377487145594e-06,-0.4834711282198113,0.0,-0.13158666916196265,0.0,-0.48209192290857106,0.0
"POLYGON ((4619046.124422018 1783109.3325752243, 4619044.169718444 1782186.9513904755, 4619972.175542365 1782184.9911971316, 4619974.125461408 1783107.36432877, 4619046.124422018 1783109.3325752243))",809268,1,1,1.1008333206176757,87.92048645019531,4.055486679077148,1.090000057220459,1856.0,32.32173156738281,2901.0,81,POMCA_055,2,Magdalena Cauca,21,Alto Magdalena,2101,Alto Magdalena,178802.0,1.1682611445307686e-06,-0.4834711282198113,0.0,-0.14960513730649305,0.0,-0.48217845915267016,0.0
"POLYGON ((4586554.49486425 1780413.235382632, 4586552.398703209 1779490.5600631824, 4587480.714535622 1779488.4578367935, 4587482.805963493 1780411.1244113108, 4586554.49486425 1780413.235382632))",812738,1,2,0.8008333206176758,89.50617218017578,3.8068916320800783,1.0800000190734864,1848.0,20.202362060546875,3541.0,351,POMCA_365,5,Pacifico,52,Patía,5202,Río Guachicono,119481.0,1.167498328694394e-06,-0.4834711282198113,0.0,-0.13158666916196265,0.0,-0.4830401773272216,0.0
"POLYGON ((4598607.794412952 1773928.2238380935, 4598605.818963941 1773005.6610518214, 4599534.054657364 1773003.6800064945, 4599536.025513713 1773926.2343035468, 4598607.794412952 1773928.2238380935))",820751,1,1,0.7758333206176757,88.46154022216797,4.420166778564453,1.0399999618530271,1928.0,22.986433029174805,3488.0,81,POMCA_055,2,Magdalena Cauca,21,Alto Magdalena,2101,Alto Magdalena,178802.0,1.167741969215157e-06,-0.4834711282198113,-0.4834711282198113,-0.14960513730649305,-0.14418974189338452,-0.48276494777011586,-0.48274289859939346
"POLYGON ((4599532.092238405 1772081.1257644799, 4599530.138256876 1771158.5715772663, 4600458.374544612 1771156.6120822898, 4600460.323973012 1772079.1577997077, 4599532.092238405 1772081.1257644799))",823017,1,1,0.7791666507720947,88.83495330810547,4.506728744506836,1.0299999237060546,1866.0,20.377275466918945,3550.0,81,POMCA_055,2,Magdalena Cauca,21,Alto Magdalena,2101,Alto Magdalena,178802.0,1.167752184270647e-06,-0.4834711282198113,-0.48347112821981136,-0.14960513730649305,-0.026648015510410197,-0.48275340828895924,-0.4827581454850699
"POLYGON ((4601388.547195683 1772077.1944258919, 4601386.602320204 1771154.6571585108, 4602314.821603531 1771152.7068057195, 4602316.7619263 1772075.235642821, 4601388.547195683 1772077.1944258919))",823019,1,2,0.7900000095367432,88.02588653564453,4.472135925292969,1.0300000190734864,2174.0,28.47786903381348,3452.0,81,POMCA_055,2,Magdalena Cauca,21,Alto Magdalena,2101,Alto Magdalena,178802.0,1.167795017717614e-06,-0.4834711282198113,-0.4834711282198113,-0.13158666916196265,-0.14960513730649305,-0.4827050213022579,-0.4827614268961167
"POLYGON ((4594884.900546898 1769323.2441232658, 4594882.949404041 1768400.6474511626, 4595811.242095291 1768398.6908038366, 4595813.188742959 1769321.2789068373, 4594884.900546898 1769323.2441232658))",826388,1,2,0.9725000381469726,87.90560150146484,4.454313659667969,1.1300000190734862,1925.0,19.83759307861328,3146.0,373,POMCA_323,4,Amazonas,44,Caquetá,4401,Alto Caqueta,514462.0,1.1676275017273207e-06,-0.4834711282198113,-0.4834711282198113,-0.13158666916196265,2.99992731229658,-0.48289425645769174,-0.4828912089220735
"POLYGON ((4599526.255606267 1769313.463366302, 4599524.326937266 1768390.9093420787, 4600452.576766427 1768388.9752574807, 4600454.50094128 1769311.520811413, 4599526.255606267 1769313.463366302))",826393,1,1,0.6716666698455811,88.77887725830078,4.458563995361328,1.0100000381469727,1847.0,24.69010353088379,3808.0,373,POMCA_323,4,Amazonas,44,Caquetá,4401,Alto Caqueta,514462.0,1.1677354529627621e-06,-0.4834711282198113,-0.4834711282198113,-0.14960513730649305,1.2273056468200108,-0.48277230888252437,-0.4828029336267389
"POLYGON ((4590241.356068908 1768410.4983896296, 4590239.3910812 1767487.8586277196, 4591167.73160828 1767485.888080514, 4591169.692119417 1768408.5191743197, 4590241.356068908 1768410.4983896296))",827478,1,1,1.0883333206176755,88.55073547363281,4.391796493530274,1.1499999046325684,1871.0,28.10277938842773,2912.0,373,POMCA_323,4,Amazonas,44,Caquetá,4401,Alto Caqueta,514462.0,1.1675127839377874e-06,-0.4834711282198113,-0.48347112821981125,-0.14960513730649305,-0.13766771041203285,-0.4830238478996511,-0.48299707098203115
"POLYGON ((4592098.019458295 1768406.5444730301, 4592096.063423519 1767483.9220275595, 4593024.386546806 1767481.960468645, 4593026.338105431 1768404.5742855484, 4592098.019458295 1768406.5444730301))",827480,1,2,1.0637499809265136,88.04347229003906,4.462597274780274,1.15,1865.0,25.962722778320312,2965.0,373,POMCA_323,4,Amazonas,44,Caquetá,4401,Alto Caqueta,514462.0,1.167556607850913e-06,-0.4834711282198113,-0.4834711282198113,-0.13158666916196265,1.270037686251537,-0.48297434202861433,-0.48295774334127994
"POLYGON ((4595811.242095291 1768398.6908038366, 4595809.303963862 1767476.1027540343, 4596737.592518238 1767474.1591691761, 4596739.526174352 1768396.7386694746, 4595811.242095291 1768398.6908038366))",827484,1,431,0.9008333206176756,88.37920379638672,4.675045776367187,1.0899999618530274,2020.0,19.653160095214844,3194.663573085847,373,POMCA_323,4,Amazonas,44,Caquetá,4401,Alto Caqueta,514462.0,1.1676436619893687e-06,-0.4834711282198113,-0.4834711282198113,7.598336164841579,0.2510361661656743,-0.48287600094850036,-0.4828705188002239
"POLYGON ((4596739.526174352 1768396.7386694746, 4596737.592518238 1767474.1591691761, 4597665.872480106 1767472.2200773086, 4597667.801661111 1768394.7910478672, 4596739.526174352 1768396.7386694746))",827485,1,49,0.8920833587646484,88.19444274902344,4.550017166137695,1.0800000190734864,1965.0,19.31984519958496,3194.0,373,POMCA_323,4,Amazonas,44,Caquetá,4401,Alto Caqueta,514462.0,1.167665301827613e-06,-0.4834711282198113,-0.4834711282198113,0.7152813336309662,3.4345472503758696,-0.4828515554126051,-0.48286233574613
"POLYGON ((4588380.718544088 1766569.1560999372, 4588378.761949901 1765646.4990455504, 4589307.128855314 1765644.536925, 4589309.081011851 1766567.1852714065, 4588380.718544088 1766569.1560999372))",829671,1,1,1.1279166221618653,88.33332824707031,4.158552551269532,1.1500000953674316,1838.0,30.500701904296875,2877.0,373,POMCA_323,4,Amazonas,44,Caquetá,4401,Alto Caqueta,514462.0,1.1674577753905733e-06,-0.4834711282198113,-0.4834711282198114,-0.14960513730649305,-0.14263217116211152,-0.4830859885404581,-0.4830046896249345
"POLYGON ((4597650.744205594 1760091.6542117652, 4597648.891318551 1759169.0837124207, 4598577.202097062 1759167.2257104204, 4598579.050686172 1760089.7876983387, 4597650.744205594 1760091.6542117652))",837288,1,1,0.9145833015441894,87.7062759399414,4.845138931274414,1.009999942779541,1927.0,18.62330436706543,3340.0,373,POMCA_323,4,Amazonas,44,Caquetá,4401,Alto Caqueta,514462.0,1.16763822673668e-06,-0.4834711282198113,0.0,-0.14960513730649305,0.0,-0.482882140904964,0.0
"POLYGON ((4489839.96268315 1733550.5783278085, 4489837.921966688 1732626.8869419766, 4490767.477089308 1732624.8405581783, 4490769.514055367 1733548.5211276333, 4489839.96268315 1733550.5783278085))",866770,1,325,0.9070833206176758,90.1268081665039,2.919047164916992,0.9200000762939451,1528.0,31.812711715698235,3457.230769230769,237,POMCA_371,5,Pacifico,52,Patía,5207,Río Patia Medio,238986.0,1.1646602707519784e-06,-0.4834711282198113,0.0,5.688378541521357,0.0,-0.48624620162927645,0.0
"POLYGON ((4561372.987542401 1726942.8146563014, 4561371.299717282 1726019.8982666477, 4562300.101542512 1726018.2061272399, 4562301.785770863 1726941.1132282035, 4561372.987542401 1726942.8146563014))",873419,1,17,0.8137499809265136,90.14423370361328,4.034651184082032,1.0399999618530271,1973.0,17.83763313293457,3587.3529411764707,233,POMCA_367,5,Pacifico,52,Patía,5203,Río Mayo,87397.0,1.1665843830965234e-06,-0.4834711282198113,0.0,0.13869035300599336,0.0,-0.48407261988370975,0.0
"POLYGON ((4561333.565872041 1703869.9156551505, 4561332.109213548 1702947.0001382825, 4562260.994554125 1702945.540260715, 4562262.448108462 1703868.4464855418, 4561333.565872041 1703869.9156551505))",896566,1,1,1.0320833206176758,88.58333587646484,4.8498279571533205,1.0,2554.0,23.75289726257324,3085.0,234,POMCA_368,5,Pacifico,52,Patía,5204,Río Juananbú,208370.0,1.1664812854983232e-06,-0.4834711282198113,0.0,-0.14960513730649305,0.0,-0.4841890845267931,0.0
"POLYGON ((4527879.672124616 1699308.5784885958, 4527878.153395532 1698385.3153845782, 4528807.403607342 1698383.7933200707, 4528808.919325128 1699307.046417119, 4527879.672124616 1699308.5784885958))",901133,1,219,0.8720833778381347,90.41667175292967,3.8521450042724608,1.0,1740.0,20.09250259399414,3505.904109589041,234,POMCA_368,5,Pacifico,52,Patía,5204,Río Juananbú,208370.0,1.1655844242606955e-06,-0.4834711282198113,-0.4834711282198113,3.7784209182011343,-0.14960513730649305,-0.48520222766260873,-0.48517369856310644
"POLYGON ((4528808.919325128 1699307.046417119, 4528807.403607342 1698383.7933200707, 4529736.64375717 1698382.2742763886, 4529738.15646382 1699305.5173863282, 4528808.919325128 1699307.046417119))",901134,1,1,0.9183333396911622,91.0774383544922,4.00189323425293,0.990000057220459,1750.0,18.475887298583984,3390.0,234,POMCA_368,5,Pacifico,52,Patía,5204,Río Juananbú,208370.0,1.165609678978004e-06,-0.4834711282198113,-0.4834711282198113,-0.14960513730649305,3.7784209182011343,-0.48517369856310644,-0.48520222766260873
"POLYGON ((4515793.890764468 1696558.5872634128, 4515792.36351577 1695635.1923355795, 4516721.755274717 1695633.6617818587, 4516723.279569235 1696557.046444042, 4515793.890764468 1696558.5872634128))",903847,1,2,1.0487500190734864,90.48822021484376,3.536336898803711,0.9899999618530272,1506.0,25.151172637939453,3033.0,234,POMCA_368,5,Pacifico,52,Patía,5204,Río Juananbú,208370.0,1.1652406229223533e-06,-0.4834711282198113,-0.3218746928230079,-0.13158666916196265,-0.14369459992096284,-0.48559060431599943,-0.3260681192083137
"POLYGON ((4515792.36351577 1695635.1923355795, 4515790.846481228 1694711.7974322783, 4516720.241174597 1694710.277144337, 4516721.755274717 1695633.6617818587, 4515792.36351577 1695635.1923355795))",904766,1,1,0.9054166793823242,90.82491302490234,3.7322811126708975,0.9899999618530272,1562.0,18.374658584594727,3138.0,234,POMCA_368,5,Pacifico,52,Patía,5204,Río Juananbú,208370.0,1.1652370049115877e-06,-0.4834711282198113,-0.3224752672139706,-0.14960513730649305,-0.13611878727649082,-0.4855946914173465,-0.32666493234069127
"POLYGON ((4515790.846481228 1694711.7974322783, 4515789.339660874 1693788.4025533446, 4516718.737268908 1693786.8925313125, 4516720.241174597 1694710.277144337, 4515790.846481228 1694711.7974322783))",905647,1,1,0.7329166889190674,91.4983139038086,3.816580963134766,0.9899999618530272,1529.0,15.967400550842283,3683.0,234,POMCA_368,5,Pacifico,52,Patía,5204,Río Juananbú,208370.0,1.1652334112027901e-06,-0.4834711282198113,-0.26524773766652604,-0.14960513730649305,-0.05434911501151578,-0.4855987510658714,-0.2701691277281002
"POLYGON ((4513001.08470012 1693792.9501627008, 4512999.579408289 1692869.52439059, 4513929.011000051 1692868.0159224374, 4513930.5133964885 1693791.4313688756, 4513001.08470012 1693792.9501627008))",906552,1,1,0.7900000095367432,90.27777862548828,3.8316856384277354,0.9600000381469728,1527.0,16.904489517211914,3663.0,288,POMCA_369,5,Pacifico,52,Patía,5205,Río Guáitara,365006.0,1.1651518559946471e-06,-0.4834711282198113,-0.350754063425621,-0.14960513730649305,0.011961390002592626,-0.48569088025582136,-0.35460402425627774
"POLYGON ((4515789.339660874 1693788.4025533446, 4515787.843054737 1692865.0076986137, 4516717.2435576795 1692863.5079426188, 4516718.737268908 1693786.8925313125, 4515789.339660874 1693788.4025533446))",906555,1,1,0.6525000095367431,91.16666412353516,3.951409912109375,1.0,1535.0,17.519088745117188,3961.0,234,POMCA_368,5,Pacifico,52,Patía,5204,Río Juananbú,208370.0,1.1652298417935926e-06,-0.4834711282198113,-0.17739403228436393,-0.14960513730649305,-0.03161005817595185,-0.4856027832642491,-0.18343255837926
"POLYGON ((4516718.737268908 1693786.8925313125, 4516717.2435576795 1692863.5079426188, 4517646.633737695 1692862.011090353, 4517648.124554176 1693785.3854328855, 4516718.737268908 1693786.8925313125))",906556,2,3,0.8362500190734862,90.67656707763672,3.955001831054688,1.009999942779541,1587.0,18.42751884460449,3648.0,234,POMCA_368,5,Pacifico,52,Patía,5204,Río Juananbú,208370.0,2.330511476835316e-06,0.8499115468308588,-0.4834711282198113,-0.11356820101743226,-0.037088939308404026,0.8307626033783753,-0.48559641630493944
"POLYGON ((4517646.633737695 1692862.011090353, 4517645.15309595 1691938.6367721132, 4518574.535847881 1691937.1530498276, 4518576.013614794 1692860.5171416546, 4517646.633737695 1692862.011090353))",907447,1,2,0.9774999618530272,90.03267669677734,3.798923110961914,1.0200000762939454,1618.0,20.992061614990234,3356.0,234,POMCA_368,5,Pacifico,52,Patía,5204,Río Juananbú,208370.0,1.165278040767023e-06,-0.4834711282198113,-0.17240892971411922,-0.13158666916196265,0.027049341778762892,-0.4855483350876132,-0.17850951684946556
"POLYGON ((4512998.0843899865 1691946.0986421339, 4512996.599645243 1691022.6729171702, 4513926.036968509 1691021.1851007459, 4513927.518857381 1691944.6004997818, 4512998.0843899865 1691946.0986421339))",908343,1,4,0.7729166507720947,89.26116943359375,4.058987045288086,0.9700000762939454,1551.0,17.239538192749023,3550.0,288,POMCA_369,5,Pacifico,52,Patía,5205,Río Guáitara,365006.0,1.165144789576388e-06,-0.4834711282198113,-0.3608826563674674,-0.09554973287290185,0.06404315198249844,-0.48569886286545333,-0.36462786997429353
"POLYGON ((4519502.443559748 1691012.3183501642, 4519500.98893805 1690088.9645134641, 4520430.3568336 1690087.5069317904, 4520431.808620291 1691010.8505815747, 4519502.443559748 1691012.3183501642))",909264,1,1,1.1949999809265135,89.20634460449219,4.017008590698242,1.05,1404.0,30.855329513549805,2834.0,234,POMCA_368,5,Pacifico,52,Patía,5204,Río Juananbú,208370.0,1.1653225708786627e-06,-0.4834711282198113,-0.17861475677217892,-0.14960513730649305,0.2832796346519821,-0.48549803145640236,-0.18462218553924897
"POLYGON ((4539946.139500302 1690980.6886322713, 4539944.747213107 1690057.5543188197, 4540873.894372924 1690056.1592577302, 4540875.283828482 1690979.283821213, 4539946.139500302 1690980.6886322713))",909285,1,3,0.8433333396911621,89.5188980102539,4.78792724609375,0.9700000762939455,2036.0,22.780200958251957,3420.0,249,POMCA_348,4,Amazonas,47,Putumayo,4701,Alto Río Putumayo,698232.0,1.165876561389906e-06,-0.4834711282198113,-0.4834711282198113,-0.11356820101743226,-0.14086271184705712,-0.4848722137041961,-0.4848525391370975
"POLYGON ((4515783.414521945 1690094.8232779927, 4515781.958772988 1689171.4285184278, 4516711.37065799 1689169.9698278466, 4516712.823591068 1690093.3543208702, 4515783.414521945 1690094.8232779927))",910133,1,100,0.7699999809265137,89.05229187011719,4.237281036376953,1.0199999809265137,1755.0,24.875154495239254,3624.0,234,POMCA_368,5,Pacifico,52,Patía,5204,Río Juananbú,208370.0,1.1652158071540867e-06,-0.4834711282198113,-0.31571095589400283,1.6342232090020166,-0.13248385041129168,-0.4856186375548378,-0.320002371870564
"POLYGON ((4512064.207597236 1689177.291526116, 4512062.7508766055 1688253.8555244724, 4512992.20705267 1688252.3958816165, 4512993.660976554 1689175.8215370737, 4512064.207597236 1689177.291526116))",910989,1,2,0.7320833206176758,88.91667175292969,4.308861923217774,1.0,1546.0,18.223237991333008,3734.0,288,POMCA_369,5,Pacifico,52,Patía,5205,Río Guáitara,365006.0,1.1651082778952606e-06,-0.4834711282198113,-0.4834711282198113,-0.13158666916196265,0.23696615412203337,-0.4857401084423155,-0.48572012149407023
"POLYGON ((4510203.807233172 1688256.783225725, 4510202.355251548 1687333.3264945312, 4511131.835072449 1687331.8716273403, 4511133.284276776 1688255.317972456, 4510203.807233172 1688256.783225725))",911835,1,3,0.8458333015441895,90.40404510498048,3.9990528106689447,0.9899999618530272,1458.0,18.44017791748047,3630.6666666666665,288,POMCA_369,5,Pacifico,52,Patía,5205,Río Guáitara,365006.0,1.1650525172213215e-06,-0.4834711282198113,-0.4834711282198113,-0.11356820101743226,-0.12042857914109202,-0.4858030987262966,-0.4857273376047532
"POLYGON ((4540871.144505633 1688209.9102110588, 4540869.7840939555 1687286.7857274953, 4541798.929826268 1687285.4226975623, 4541800.287465644 1688208.5374506542, 4540871.144505633 1688209.9102110588))",911868,1,2,0.9712499618530274,89.37074279785156,4.83418197631836,0.9800000190734864,2145.0,21.34197998046875,3158.0,249,POMCA_348,4,Amazonas,47,Putumayo,4701,Alto Río Putumayo,698232.0,1.1658908377381007e-06,-0.4834711282198113,-0.48347112821981136,-0.13158666916196265,-0.13217464537376425,-0.4848560863663524,-0.4848205752556058
"POLYGON ((4542729.420641738 1688207.1674904954, 4542728.065774518 1687284.0624480261, 4543657.191958686 1687282.7049787408, 4543658.544053897 1688205.8003304345, 4542729.420641738 1688207.1674904954))",911870,1,2,0.9054166793823242,87.96295928955078,4.905740356445312,0.9899999618530272,2105.0,24.169479370117188,3253.0,249,POMCA_348,4,Amazonas,47,Putumayo,4701,Alto Río Putumayo,698232.0,1.1659399174358804e-06,-0.4834711282198113,-0.48347112821981136,-0.13158666916196265,-0.1286528364419891,-0.48480064327568556,-0.4848043340465236
"POLYGON ((4545516.761666307 1688203.0744100187, 4545515.415114678 1687279.9983803367, 4546444.512126453 1687278.649250927, 4546445.855906509 1688201.7156493703, 4545516.761666307 1688203.0744100187))",911873,1,3,0.9375,88.21549224853516,4.802935028076172,0.9899999618530272,2378.0,30.686920166015625,3261.0,249,POMCA_348,4,Amazonas,47,Putumayo,4701,Alto Río Putumayo,698232.0,1.1660131665820997e-06,-0.4834711282198113,-0.48347112821981136,-0.11356820101743226,-0.1297008025294025,-0.4847178970641392,-0.48478689655564944
"POLYGON ((4537153.102924501 1687292.2656541374, 4537151.741182425 1686369.10207598, 4538080.929003938 1686367.7377329816, 4538082.287992857 1687290.8915011457, 4537153.102924501 1687292.2656541374))",912732,1,1,1.16875,89.08332824707031,4.734424591064453,1.0,1754.0,16.07428741455078,2807.0,249,POMCA_348,4,Amazonas,47,Putumayo,4701,Alto Río Putumayo,698232.0,1.1657886882551665e-06,-0.4834711282198113,-0.48347112821981125,-0.14960513730649305,-0.1369524761747977,-0.48497147996696743,-0.48486720257888094
"POLYGON ((4542728.065774518 1687284.0624480261, 4542726.72054919 1686360.957432053, 4543655.849485641 1686359.6096536578, 4543657.191958686 1687282.7049787408, 4542728.065774518 1687284.0624480261))",912738,1,1,0.89375,88.468017578125,4.815340042114258,0.9899999618530272,2168.0,25.362768173217773,3343.0,249,POMCA_348,4,Amazonas,47,Putumayo,4701,Alto Río Putumayo,698232.0,1.1659365203728773e-06,-0.4834711282198113,-0.4834711282198113,-0.14960513730649305,-0.12546088077120401,-0.4848044807824471,-0.484799475436373
"POLYGON ((4543657.191958686 1687282.7049787408, 4543655.849485641 1686359.6096536578, 4544584.968677841 1686358.2646355203, 4544586.308398748 1687281.3502895595, 4543657.191958686 1687282.7049787408))",912739,1,5,0.875,88.0471420288086,4.977220916748047,0.9899999618530272,2196.0,27.20650291442871,3398.0,249,POMCA_348,4,Amazonas,47,Putumayo,4701,Alto Río Putumayo,698232.0,1.1659609862193683e-06,-0.4834711282198113,-0.48347112821981125,-0.07753126472837145,-0.1367692787461418,-0.4847768428342403,-0.48479312641179045
"POLYGON ((4541797.581848513 1686362.3079708507, 4541796.243532407 1685439.1932703315, 4542725.384965785 1685437.8524423866, 4542726.72054919 1686360.957432053, 4541797.581848513 1686362.3079708507))",913598,1,1,0.9758333206176758,89.22559356689453,4.912105178833008,0.9899999618530272,2173.0,22.071887969970703,3112.0,249,POMCA_348,4,Amazonas,47,Putumayo,4701,Alto Río Putumayo,698232.0,1.1659086322855184e-06,-0.4834711282198113,-0.48347112821981136,-0.14960513730649305,-0.1309237621271895,-0.48483598467969813,-0.4848097879440389
"POLYGON ((4543655.849485641 1686359.6096536578, 4543654.516634791 1685436.5143549964, 4544583.638559403 1685435.1790080164, 4544584.968677841 1686358.2646355203, 4543655.849485641 1686359.6096536578))",913600,1,2,0.8725000381469726,87.83332824707031,4.961213684082031,1.0,2200.0,27.80697250366211,3324.0,249,POMCA_348,4,Amazonas,47,Putumayo,4701,Alto Río Putumayo,698232.0,1.1659576135129486e-06,-0.4834711282198113,-0.4834711282198113,-0.13158666916196265,-0.12730911498662037,-0.4847806528264831,-0.48479307972892666
"POLYGON ((4545514.078145767 1686356.9223774953, 4545512.750759597 1685433.8464013033, 4546441.853255347 1685432.516534713, 4546443.177909391 1686355.5828794385, 4545514.078145767 1686356.9223774953))",913602,1,1,0.9679166793823242,88.63636016845703,4.910371017456055,0.990000057220459,2393.0,31.47477531433105,3227.0,249,POMCA_348,4,Amazonas,47,Putumayo,4701,Alto Río Putumayo,698232.0,1.1660063971879062e-06,-0.4834711282198113,-0.48347112821981125,-0.14960513730649305,-0.12666388199979836,-0.4847255441392642,-0.48478388797896027
"POLYGON ((4539937.9312926205 1685441.8831484627, 4539936.597211817 1684518.7489924645, 4540865.760947133 1684517.4124336436, 4540867.092314678 1685440.5368389753, 4539937.9312926205 1685441.8831484627))",914466,1,1,1.0945833206176758,88.69637298583984,4.942663192749023,1.009999942779541,1980.0,16.207149505615234,3025.0,249,POMCA_348,4,Amazonas,47,Putumayo,4701,Alto Río Putumayo,698232.0,1.1658561047940588e-06,-0.4834711282198113,-0.4834711282198113,-0.14960513730649305,-0.13354494428718083,-0.4848953225852527,-0.48482772258304746
"POLYGON ((4542725.384965785 1685437.8524423866, 4542724.0590243265 1684514.7474788376, 4543653.193406162 1684513.4190825657, 4543654.516634791 1685436.5143549964, 4542725.384965785 1685437.8524423866))",914469,1,3,0.9787500381469728,88.25,5.068283462524414,1.0,2200.0,23.001405715942383,3233.0,249,POMCA_348,4,Amazonas,47,Putumayo,4701,Alto Río Putumayo,698232.0,1.1659297990910164e-06,-0.4834711282198113,-0.48347112821981125,-0.11356820101743226,-0.13637087387124966,-0.48481207350726957,-0.48479900061719633
"POLYGON ((4542724.0590243265 1684514.7474788376, 4542722.742724843 1683591.6425412174, 4543651.87979978 1683590.3238361762, 4543653.193406162 1684513.4190825657, 4542724.0590243265 1684514.7474788376))",915358,1,1,0.9858333587646484,88.16667175292969,5.035480499267578,1.0,2176.0,22.40934181213379,3196.0,249,POMCA_348,4,Amazonas,47,Putumayo,4701,Alto Río Putumayo,698232.0,1.165926474871439e-06,-0.4834711282198113,-0.4834711282198113,-0.14960513730649305,-0.1301084422405737,-0.4848158287261435,-0.48479663271544915
"POLYGON ((4543651.87979978 1683590.3238361762, 4543650.575815676 1682667.228615638, 4544579.705819168 1682665.922282808, 4544581.00713004 1683589.007831851, 4543651.87979978 1683590.3238361762))",916239,1,2,0.9983333587646483,88.16666412353516,4.996968460083008,1.0,2197.0,22.81864356994629,3160.0,249,POMCA_348,4,Amazonas,47,Putumayo,4701,Alto Río Putumayo,698232.0,1.165947641074649e-06,-0.4834711282198113,-0.48347112821981125,-0.13158666916196265,-0.13593260428537207,-0.48479191823409196,-0.48478776064691625
"POLYGON ((4545510.1247355975 1683587.6945280996, 4545508.82609782 1682664.6186307052, 4546437.936671606 1682663.317659189, 4546439.232636428 1683586.3839247806, 4545510.1247355975 1683587.6945280996))",916241,1,2,1.0699999809265135,88.72053527832031,4.977220916748047,0.990000057220459,2308.0,28.762725830078125,3042.0,249,POMCA_348,4,Amazonas,47,Putumayo,4701,Alto Río Putumayo,698232.0,1.1659964251907048e-06,-0.4834711282198113,-0.4834711282198113,-0.13158666916196265,-0.13496866842562766,-0.4847368090485847,-0.48478078926453283
"POLYGON ((4531570.991718595 1682684.4549530053, 4531569.662848393 1681761.2322207, 4532498.923748484 1681759.9009552216, 4532500.249963342 1682683.1137578147, 4531570.991718595 1682684.4549530053))",917079,1,138,0.8762499809265136,88.75,4.866980361938476,1.0,1833.0,20.031761169433597,3524.7246376811595,288,POMCA_369,5,Pacifico,52,Patía,5205,Río Guáitara,365006.0,1.1656224530930084e-06,-0.4834711282198113,0.0,2.3189249984941718,0.0,-0.4851592682294162,0.0
"POLYGON ((4544579.705819168 1682665.922282808, 4544578.414110874 1681742.836759537, 4545507.537042894 1681741.542759193, 4545508.82609782 1682664.6186307052, 4544579.705819168 1682665.922282808))",917093,1,1,1.0404166221618651,87.91667175292969,5.020224380493164,1.0,2204.0,25.63581275939941,3055.0,249,POMCA_348,4,Amazonas,47,Putumayo,4701,Alto Río Putumayo,698232.0,1.1659687823137965e-06,-0.4834711282198113,-0.48347112821981125,-0.14960513730649305,-0.13225351299410285,-0.48476803594280077,-0.484780486783563
"POLYGON ((4472999.348294783 1678154.9230436487, 4472997.907461112 1677231.0347332223, 4473927.850777966 1677229.5913330694, 4473929.289045764 1678153.4684596898, 4472999.348294783 1678154.9230436487))",921295,1,1,0.7304166793823242,90.65656280517578,3.822530746459961,0.9899999618530272,1221.0,22.89268493652344,3837.0,241,POMCA_360,5,Pacifico,51,Mira,5102,Río Mira,237190.0,1.1639282883469425e-06,-0.4834711282198113,0.0,-0.14960513730649305,0.0,-0.48707308868614335,0.0
"POLYGON ((4514834.506515964 1677168.62649229, 4514833.191231426 1676245.221756992, 4515762.650809794 1676243.9042645476, 4515763.963554924 1677167.2987117672, 4514834.506515964 1677168.62649229))",922206,1,1,0.9958333015441896,89.32038879394531,4.127696990966797,1.0300000190734864,1429.0,18.84797477722168,3370.0,288,POMCA_369,5,Pacifico,52,Patía,5205,Río Guáitara,365006.0,1.1651438000411825e-06,-0.4834711282198113,0.0,-0.14960513730649305,0.0,-0.48569998069813364,0.0
"POLYGON ((4467415.131511951 1675391.8375499372, 4467413.709011089 1674467.881762899, 4468343.727814071 1674466.4568345607, 4468345.147807579 1675390.401317798, 4467415.131511951 1675391.8375499372))",923936,1,2,1.021666622161865,91.33333587646484,3.0698925018310548,1.0,1052.0,40.67927551269531,3302.0,241,POMCA_360,5,Pacifico,51,Mira,5102,Río Mira,237190.0,1.1637489318348307e-06,-0.4834711282198113,-0.4834711282198113,-0.13158666916196265,-0.14960513730649305,-0.487275699537729,-0.48727915978739417
"POLYGON ((4467413.709011089 1674467.881762899, 4467412.2977540605 1673543.9259905913, 4468342.319044579 1673542.5123661754, 4468343.727814071 1674466.4568345607, 4467413.709011089 1674467.881762899))",924842,1,1,0.9350000381469726,91.83333587646484,3.1694561004638677,1.0,1077.0,36.58645248413086,3348.0,241,POMCA_360,5,Pacifico,51,Mira,5102,Río Mira,237190.0,1.1637458687298384e-06,-0.4834711282198113,-0.4834711282198113,-0.14960513730649305,-0.13158666916196265,-0.48727915978739417,-0.487275699537729
"POLYGON ((4528768.998268008 1672532.7168619507, 4528767.7707513645 1671609.4644720946, 4529697.08963618 1671608.235107222, 4529698.314714225 1672531.4775065735, 4528768.998268008 1672532.7168619507))",926748,1,1,0.8916666984558106,87.80068969726562,5.001515579223633,0.9700000762939454,1775.0,22.384519577026367,3388.0,288,POMCA_369,5,Pacifico,52,Patía,5205,Río Guáitara,365006.0,1.165512539247097e-06,-0.4834711282198113,-0.4834711282198113,-0.14960513730649305,-0.14960513730649305,-0.4852834328759012,-0.48517323608093565
"POLYGON ((4532484.986093053 1671604.5616798666, 4532483.77818942 1670681.3491549871, 4533413.059427505 1670680.1394789987, 4533414.2649128055 1671603.342092729, 4532484.986093053 1671604.5616798666))",927654,1,1,1.1287500381469726,87.5,5.205437469482422,0.9800000190734864,1717.0,22.63407325744629,2846.0,249,POMCA_348,4,Amazonas,47,Putumayo,4701,Alto Río Putumayo,698232.0,1.1656100883795164e-06,-0.4834711282198113,-0.4834711282198113,-0.14960513730649305,0.5743569274246132,-0.48517323608093565,-0.4851774332677088
"POLYGON ((4533411.8637819 1669756.9368873443, 4533410.677976016 1668833.7343175844, 4534339.954024885 1668832.546848719, 4534341.137452044 1669755.7395269878, 4533411.8637819 1669756.9368873443))",929430,1,1,1.1804166793823243,87.28955841064453,5.198157119750976,0.990000057220459,1590.0,21.362943649291992,2859.0,249,POMCA_348,4,Amazonas,47,Putumayo,4701,Alto Río Putumayo,698232.0,1.165629201437278e-06,-0.4834711282198113,-0.4834711282198113,-0.14960513730649305,1.3944902213253894,-0.4851516449334278,-0.48514477380139975
"POLYGON ((4534339.954024885 1668832.546848719, 4534338.780417733 1667909.3541922644, 4535268.048878788 1667908.1789795184, 4535269.220127079 1668831.3617642429, 4534339.954024885 1668832.546848719))",930320,1,141,1.1654166221618651,87.62625885009766,5.32343978881836,0.9899999618530273,1634.0,22.88775062561035,2803.276595744681,249,POMCA_348,4,Amazonas,47,Putumayo,4701,Alto Río Putumayo,698232.0,1.1656512503267822e-06,-0.4834711282198113,-0.48347112821981136,2.3729804029277632,-0.14960513730649305,-0.4851267373110261,-0.4851577332891342
"POLYGON ((4521326.771902557 1667002.7225777425, 4521325.585450918 1666079.3896713515, 4522254.999648986 1666078.2016436737, 4522256.183779475 1667001.5243999676, 4521326.771902557 1667002.7225777425))",932091,1,10,0.8074999809265136,88.12056732177734,4.929042434692383,0.9399999618530274,1812.0,32.47459030151367,3378.0,249,POMCA_348,4,Amazonas,47,Putumayo,4701,Alto Río Putumayo,698232.0,1.1652915508690343e-06,-0.4834711282198113,0.0,0.012561075994280552,0.0,-0.4855330733430503,0.0
"POLYGON ((4489718.031919332 1665197.477948353, 4489716.788008426 1664273.7881368967, 4490646.565750161 1664272.542585692, 4490647.807375009 1665196.221570381, 4489718.031919332 1665197.477948353))",933828,1,2,0.8941666603088378,90.40404510498048,4.166060256958008,0.9899999618530272,1209.0,20.47490119934082,3356.0,288,POMCA_369,5,Pacifico,52,Patía,5205,Río Guáitara,365006.0,1.1643860520106038e-06,-0.4834711282198113,-0.4834711282198113,-0.13158666916196265,2.3200632141812556,-0.48655597400417644,-0.48657387767874133
"POLYGON ((4489716.788008426 1664273.7881368967, 4489715.5548663335 1663350.0983414866, 4490645.334874335 1663348.8636171548, 4490646.565750161 1664272.542585692, 4489716.788008426 1664273.7881368967))",934715,1,176,0.9008333206176755,89.60395812988281,4.241747665405273,1.0100000381469727,1241.0,21.365968704223636,3371.3636363636365,288,POMCA_369,5,Pacifico,52,Patía,5205,Río Guáitara,365006.0,1.1643832581455493e-06,-0.4834711282198113,-0.4834711282198113,3.003626787986327,-0.13628165600205033,-0.4865591301057935,-0.4865745225103023
"POLYGON ((4510168.230695564 1663323.4588493712, 4510167.0577147575 1662400.0026647095, 4511096.6050515175 1662398.828265452, 4511097.775788687 1663322.2740610084, 4510168.230695564 1663323.4588493712))",935642,1,3,0.7583333492279053,88.48796844482422,4.764133453369141,0.9699999809265135,1407.0,16.63083267211914,3443.0,288,POMCA_369,5,Pacifico,52,Patía,5205,Río Guáitara,365006.0,1.1649692513253329e-06,-0.4834711282198113,0.0,-0.11356820101743226,0.0,-0.4858971604020934,0.0
"POLYGON ((4464606.022493494 1662460.305262531, 4464604.7507184055 1661536.315635173, 4465534.836774106 1661535.0422678066, 4465536.106318896 1662459.0205299135, 4464606.022493494 1662460.305262531))",936490,1,1,0.8679166793823242,89.88673400878906,4.030894470214844,1.0300000190734864,1135.0,22.244726181030277,3547.0,288,POMCA_369,5,Pacifico,52,Patía,5205,Río Guáitara,365006.0,1.1636225828998625e-06,-0.4834711282198113,-0.4834711282198113,-0.14960513730649305,-0.14960513730649305,-0.48741843015291225,-0.48743056864214096
"POLYGON ((4487854.735238482 1662428.8631110583, 4487853.519180328 1661505.1516334065, 4488783.325498863 1661503.9341000137, 4488784.539330071 1662427.6347107487, 4487854.735238482 1662428.8631110583))",936514,1,1,1.0512499809265137,87.99019622802734,4.720000839233398,1.0200000762939454,1095.0,26.11922264099121,3029.0,288,POMCA_369,5,Pacifico,52,Patía,5205,Río Guáitara,365006.0,1.1643230365851693e-06,-0.4834711282198113,-0.48347112821981136,-0.14960513730649305,1.6243837356990811,-0.4866271596492361,-0.4865577416736223
"POLYGON ((4464601.003215376 1658764.346829262, 4464599.776655199 1657840.3572522993, 4465529.871433866 1657839.1293470107, 4465531.095843037 1658763.107558295, 4464601.003215376 1658764.346829262))",940044,1,1,0.9733333587646484,89.30817413330078,4.080627059936523,1.0600000381469727,1052.0,30.51498413085937,3268.0,288,POMCA_369,5,Pacifico,52,Patía,5205,Río Guáitara,365006.0,1.1636118375865028e-06,-0.4834711282198113,-0.4834711282198113,-0.14960513730649305,-0.14960513730649305,-0.48743056864214096,-0.48741843015291225
"POLYGON ((4519457.562497882 1658694.9472709044, 4519456.462628629 1657771.5941756894, 4520385.917304507 1657770.493207868, 4520387.015030148 1658693.8361123498, 4519457.562497882 1658694.9472709044))",940102,1,2,1.1050000190734863,85.81559753417969,5.468920135498047,0.940000057220459,1603.0,23.26163482666016,2991.0,249,POMCA_348,4,Amazonas,47,Putumayo,4701,Alto Río Putumayo,698232.0,1.1652155089651432e-06,-0.4834711282198113,0.0,-0.13158666916196265,0.0,-0.4856189744052541,0.0
"POLYGON ((4508302.199875076 1657784.9733603233, 4508301.084646554 1656861.4964422793, 4509230.665987054 1656860.3801211743, 4509231.7790902965 1657783.8466097412, 4508302.199875076 1657784.9733603233))",940959,1,1,0.7704166412353516,88.33333587646484,4.988433456420898,0.95,1396.0,16.871530532836914,3588.0,288,POMCA_369,5,Pacifico,52,Patía,5205,Río Guáitara,365006.0,1.164900614251853e-06,-0.4834711282198113,-0.4834711282198113,-0.14960513730649305,-0.14960513730649305,-0.48597469656592923,-0.4860188564908088
"POLYGON ((4457156.151346146 1656002.095690316, 4457154.941960469 1655078.0145037204, 4458085.135246264 1655076.8039286912, 4458086.342539367 1656000.8735896598, 4457156.151346146 1656002.095690316))",942671,1,1,0.7424999713897705,90.06410217285156,4.036762237548828,1.040000057220459,1192.0,20.84303855895996,3657.0,288,POMCA_369,5,Pacifico,52,Patía,5205,Río Guáitara,365006.0,1.1633733885613025e-06,-0.4834711282198113,0.0,-0.14960513730649305,0.0,-0.48769993360406383,0.0
"POLYGON ((4513876.24156954 1655008.0012262375, 4513875.169855411 1654084.5866384811, 4514804.694820306 1654083.5140225268, 4514805.764469157 1655006.918299873, 4513876.24156954 1655008.0012262375))",943575,1,1,0.8537500381469727,85.85070037841797,5.356071472167969,0.959999942779541,1691.0,28.7727108001709,3464.0,249,POMCA_348,4,Amazonas,47,Putumayo,4701,Alto Río Putumayo,698232.0,1.1650499180725637e-06,-0.4834711282198113,-0.4834711282198113,-0.14960513730649305,4.607270452849533,-0.48580603486581575,-0.48593254371477523
"POLYGON ((4447849.941470486 1653241.840532251, 4447848.746134623 1652317.6430214092, 4448779.062607668 1652316.446651836, 4448780.255909178 1653240.6324370797, 4447849.941470486 1653241.840532251))",945278,1,1,0.8324999809265137,90.5723876953125,3.627545928955078,0.9899999618530272,949.0,35.17561340332031,3479.0,242,POMCA_359,5,Pacifico,51,Mira,5101,Río San Juan (Frontera Ecuador),35092.0,1.1630730671908964e-06,-0.4834711282198113,0.0,-0.14960513730649305,0.0,-0.4880391929255732,0.0
"POLYGON ((4507367.127313785 1653168.6655893165, 4507366.06192596 1652245.1783041882, 4508295.664105466 1652244.1121018964, 4508296.727466738 1653167.5889371869, 4507367.127313785 1653168.6655893165))",945341,1,1,0.8779166221618653,86.54513549804688,5.1365814208984375,0.9600000381469728,1412.0,15.37287139892578,3318.0,288,POMCA_369,5,Pacifico,52,Patía,5205,Río Guáitara,365006.0,1.1648615227123844e-06,-0.4834711282198113,-0.4834711282198113,-0.14960513730649305,2.780033110620753,-0.4860188564908088,-0.485948735700933
"POLYGON ((4510154.836957131 1652241.9857871265, 4510153.787982602 1651318.5298080847, 4511083.360701259 1651317.4800856216, 4511084.407669343 1652240.925674419, 4510154.836957131 1652241.9857871265))",946227,1,265,0.8387499809265136,86.16838073730469,5.157188796997071,0.9700000762939454,1512.0,21.24790954589844,3417.022641509434,288,POMCA_369,5,Pacifico,52,Patía,5205,Río Guáitara,365006.0,1.1649379290763027e-06,-0.4834711282198113,-0.48347112821981136,4.607270452849533,-0.14960513730649308,-0.48593254371477523,-0.48593631537503457
"POLYGON ((4492475.799222814 1638407.6575350075, 4492474.872753038 1637484.000560888, 4493404.675566621 1637483.0741684479, 4493405.600324591 1638406.7203728596, 4492475.799222814 1638407.6575350075))",958642,1,1,0.9054166793823242,87.5,5.092143630981445,1.0199999809265137,1322.0,18.1409854888916,3391.0,250,POMCA_358,4,Amazonas,49,Napo,4901,Río Chingual,45767.0,1.1643965923225535e-06,-0.4834711282198113,0.0,-0.14960513730649305,0.0,-0.48654406709566805,0.0
